2026-02-15 01:02:21 INFO  DataImportService:26 - Start to import directory information into target LDAP...
2026-02-15 01:03:01 INFO  DataImportService:26 - Start to import directory information into target LDAP...
2026-02-15 01:05:38 INFO  DataImportService:26 - Start to import directory information into target LDAP...
2026-02-15 01:09:48 INFO  DataImportService:26 - Start to import directory information into target LDAP...
2026-02-15 01:11:40 INFO  DataImportService:26 - Start to import directory information into target LDAP...
2026-02-15 01:13:09 INFO  DataImportService:26 - Start to import directory information into target LDAP...
2026-02-15 01:24:37.519 DEBUG PropertySourcesPropertyResolver:116 - Found key 'spring.application.name' in PropertySource 'configurationProperties' with value of type String
2026-02-15 01:24:37.603 INFO  DirsyncApplication:54 - Starting DirsyncApplication using Java 25.0.2 with PID 9916 (C:\Users\simon\IdeaProjects\dirsync\target\classes started by simon in C:\Users\simon\IdeaProjects\dirsync)
2026-02-15 01:24:37.604 DEBUG DirsyncApplication:55 - Running with Spring Boot v4.0.2, Spring v7.0.3
2026-02-15 01:24:37.605 INFO  DirsyncApplication:652 - No active profile set, falling back to 1 default profile: "default"
2026-02-15 01:24:37.605 DEBUG SpringApplication:685 - Loading source class com.ctg.innovic.cmmpdi.dirsync.DirsyncApplication
2026-02-15 01:24:37.649 DEBUG AnnotationConfigApplicationContext:677 - Refreshing org.springframework.context.annotation.AnnotationConfigApplicationContext@66565121
2026-02-15 01:24:37.661 DEBUG DefaultListableBeanFactory:306 - Creating shared instance of singleton bean 'org.springframework.context.annotation.internalConfigurationAnnotationProcessor'
2026-02-15 01:24:37.674 DEBUG DefaultListableBeanFactory:306 - Creating shared instance of singleton bean 'org.springframework.boot.autoconfigure.internalCachingMetadataReaderFactory'
2026-02-15 01:24:37.722 DEBUG ClassPathBeanDefinitionScanner:470 - Identified candidate component class: file [C:\Users\simon\IdeaProjects\dirsync\target\classes\com\ctg\innovic\cmmpdi\dirsync\service\DataImportService.class]
2026-02-15 01:24:37.723 DEBUG ClassPathBeanDefinitionScanner:470 - Identified candidate component class: file [C:\Users\simon\IdeaProjects\dirsync\target\classes\com\ctg\innovic\cmmpdi\dirsync\service\GroupService.class]
2026-02-15 01:24:37.723 DEBUG ClassPathBeanDefinitionScanner:470 - Identified candidate component class: file [C:\Users\simon\IdeaProjects\dirsync\target\classes\com\ctg\innovic\cmmpdi\dirsync\service\UserService.class]
2026-02-15 01:24:37.973 INFO  RepositoryConfigurationDelegate:145 - Bootstrapping Spring Data LDAP repositories in DEFAULT mode.
2026-02-15 01:24:37.980 DEBUG DefaultListableBeanFactory:306 - Creating shared instance of singleton bean 'org.springframework.boot.autoconfigure.AutoConfigurationPackages'
2026-02-15 01:24:37.987 DEBUG AutoConfigurationPackages:219 - @EnableAutoConfiguration was declared on a class in the package 'com.ctg.innovic.cmmpdi.dirsync'. Automatic @Repository and @Entity scanning is enabled.
2026-02-15 01:24:37.989 DEBUG RepositoryConfigurationDelegate:155 - Scanning for LDAP repositories in packages com.ctg.innovic.cmmpdi.dirsync.
2026-02-15 01:24:38.003 INFO  RepositoryConfigurationDelegate:213 - Finished Spring Data repository scanning in 12 ms. Found 0 LDAP repository interfaces.
2026-02-15 01:24:38.035 DEBUG DefaultListableBeanFactory:306 - Creating shared instance of singleton bean 'propertySourcesPlaceholderConfigurer'
2026-02-15 01:24:38.038 DEBUG DefaultListableBeanFactory:306 - Creating shared instance of singleton bean 'org.springframework.context.event.internalEventListenerProcessor'
2026-02-15 01:24:38.039 DEBUG DefaultListableBeanFactory:306 - Creating shared instance of singleton bean 'forceAutoProxyCreatorToUseClassProxying'
2026-02-15 01:24:38.040 DEBUG DefaultListableBeanFactory:306 - Creating shared instance of singleton bean 'bootstrapExecutorAliasPostProcessor'
2026-02-15 01:24:38.040 DEBUG DefaultListableBeanFactory:306 - Creating shared instance of singleton bean 'org.springframework.context.event.internalEventListenerFactory'
2026-02-15 01:24:38.044 DEBUG DefaultListableBeanFactory:306 - Creating shared instance of singleton bean 'org.springframework.context.annotation.internalAutowiredAnnotationProcessor'
2026-02-15 01:24:38.045 DEBUG DefaultListableBeanFactory:306 - Creating shared instance of singleton bean 'org.springframework.context.annotation.internalCommonAnnotationProcessor'
2026-02-15 01:24:38.048 DEBUG DefaultListableBeanFactory:306 - Creating shared instance of singleton bean 'org.springframework.boot.context.properties.ConfigurationPropertiesBindingPostProcessor'
2026-02-15 01:24:38.048 DEBUG DefaultListableBeanFactory:306 - Creating shared instance of singleton bean 'org.springframework.boot.context.internalConfigurationPropertiesBinder'
2026-02-15 01:24:38.049 DEBUG DefaultListableBeanFactory:306 - Creating shared instance of singleton bean 'persistenceExceptionTranslationPostProcessor'
2026-02-15 01:24:38.051 DEBUG DefaultListableBeanFactory:953 - Autowiring by type from bean name 'persistenceExceptionTranslationPostProcessor' via factory method to bean named 'environment'
2026-02-15 01:24:38.055 DEBUG DefaultListableBeanFactory:306 - Creating shared instance of singleton bean 'org.springframework.aop.framework.autoproxy.defaultProxyConfig'
2026-02-15 01:24:38.060 DEBUG DefaultListableBeanFactory:306 - Creating shared instance of singleton bean 'org.springframework.aop.config.internalAutoProxyCreator'
2026-02-15 01:24:38.065 DEBUG DefaultListableBeanFactory:306 - Creating shared instance of singleton bean 'applicationTaskExecutor'
2026-02-15 01:24:38.066 DEBUG DefaultListableBeanFactory:306 - Creating shared instance of singleton bean 'org.springframework.boot.autoconfigure.task.TaskExecutorConfigurations$TaskExecutorConfiguration'
2026-02-15 01:24:38.067 DEBUG DefaultListableBeanFactory:306 - Creating shared instance of singleton bean 'threadPoolTaskExecutorBuilder'
2026-02-15 01:24:38.067 DEBUG DefaultListableBeanFactory:306 - Creating shared instance of singleton bean 'org.springframework.boot.autoconfigure.task.TaskExecutorConfigurations$ThreadPoolTaskExecutorBuilderConfiguration'
2026-02-15 01:24:38.069 DEBUG DefaultListableBeanFactory:306 - Creating shared instance of singleton bean 'spring.task.execution-org.springframework.boot.autoconfigure.task.TaskExecutionProperties'
2026-02-15 01:24:38.071 DEBUG DefaultListableBeanFactory:306 - Creating shared instance of singleton bean 'org.springframework.boot.context.properties.BoundConfigurationProperties'
2026-02-15 01:24:38.078 DEBUG DefaultListableBeanFactory:953 - Autowiring by type from bean name 'threadPoolTaskExecutorBuilder' via factory method to bean named 'spring.task.execution-org.springframework.boot.autoconfigure.task.TaskExecutionProperties'
2026-02-15 01:24:38.081 DEBUG DefaultListableBeanFactory:953 - Autowiring by type from bean name 'applicationTaskExecutor' via factory method to bean named 'threadPoolTaskExecutorBuilder'
2026-02-15 01:24:38.089 DEBUG ThreadPoolTaskExecutor:300 - Initializing ExecutorService 'applicationTaskExecutor'
2026-02-15 01:24:38.090 DEBUG DefaultListableBeanFactory:306 - Creating shared instance of singleton bean 'dirsyncApplication'
2026-02-15 01:24:38.091 DEBUG DefaultListableBeanFactory:306 - Creating shared instance of singleton bean 'dataImportService'
2026-02-15 01:24:38.093 DEBUG DefaultListableBeanFactory:306 - Creating shared instance of singleton bean 'groupService'
2026-02-15 01:24:38.093 DEBUG DefaultListableBeanFactory:306 - Creating shared instance of singleton bean 'userService'
2026-02-15 01:24:38.094 DEBUG DefaultListableBeanFactory:306 - Creating shared instance of singleton bean 'org.springframework.boot.autoconfigure.context.PropertyPlaceholderAutoConfiguration'
2026-02-15 01:24:38.096 DEBUG DefaultListableBeanFactory:306 - Creating shared instance of singleton bean 'org.springframework.boot.autoconfigure.aop.AopAutoConfiguration$ClassProxyingConfiguration'
2026-02-15 01:24:38.097 DEBUG DefaultListableBeanFactory:306 - Creating shared instance of singleton bean 'org.springframework.boot.autoconfigure.aop.AopAutoConfiguration'
2026-02-15 01:24:38.097 DEBUG DefaultListableBeanFactory:306 - Creating shared instance of singleton bean 'org.springframework.boot.autoconfigure.availability.ApplicationAvailabilityAutoConfiguration'
2026-02-15 01:24:38.098 DEBUG DefaultListableBeanFactory:306 - Creating shared instance of singleton bean 'applicationAvailability'
2026-02-15 01:24:38.100 DEBUG DefaultListableBeanFactory:306 - Creating shared instance of singleton bean 'org.springframework.boot.autoconfigure.context.ConfigurationPropertiesAutoConfiguration'
2026-02-15 01:24:38.101 DEBUG DefaultListableBeanFactory:306 - Creating shared instance of singleton bean 'org.springframework.boot.context.properties.EnableConfigurationPropertiesRegistrar.methodValidationExcludeFilter'
2026-02-15 01:24:38.105 DEBUG DefaultListableBeanFactory:306 - Creating shared instance of singleton bean 'org.springframework.boot.autoconfigure.context.LifecycleAutoConfiguration'
2026-02-15 01:24:38.105 DEBUG DefaultListableBeanFactory:306 - Creating shared instance of singleton bean 'lifecycleProcessor'
2026-02-15 01:24:38.106 DEBUG DefaultListableBeanFactory:306 - Creating shared instance of singleton bean 'spring.lifecycle-org.springframework.boot.autoconfigure.context.LifecycleProperties'
2026-02-15 01:24:38.107 DEBUG DefaultListableBeanFactory:953 - Autowiring by type from bean name 'lifecycleProcessor' via factory method to bean named 'spring.lifecycle-org.springframework.boot.autoconfigure.context.LifecycleProperties'
2026-02-15 01:24:38.109 DEBUG DefaultListableBeanFactory:306 - Creating shared instance of singleton bean 'org.springframework.boot.autoconfigure.info.ProjectInfoAutoConfiguration'
2026-02-15 01:24:38.113 DEBUG DefaultListableBeanFactory:306 - Creating shared instance of singleton bean 'spring.info-org.springframework.boot.autoconfigure.info.ProjectInfoProperties'
2026-02-15 01:24:38.114 DEBUG DefaultListableBeanFactory:953 - Autowiring by type from bean name 'org.springframework.boot.autoconfigure.info.ProjectInfoAutoConfiguration' via constructor to bean named 'spring.info-org.springframework.boot.autoconfigure.info.ProjectInfoProperties'
2026-02-15 01:24:38.114 DEBUG DefaultListableBeanFactory:306 - Creating shared instance of singleton bean 'org.springframework.boot.autoconfigure.ssl.SslAutoConfiguration'
2026-02-15 01:24:38.115 DEBUG DefaultListableBeanFactory:306 - Creating shared instance of singleton bean 'spring.ssl-org.springframework.boot.autoconfigure.ssl.SslProperties'
2026-02-15 01:24:38.116 DEBUG DefaultListableBeanFactory:953 - Autowiring by type from bean name 'org.springframework.boot.autoconfigure.ssl.SslAutoConfiguration' via constructor to bean named 'org.springframework.context.annotation.AnnotationConfigApplicationContext@66565121'
2026-02-15 01:24:38.117 DEBUG DefaultListableBeanFactory:953 - Autowiring by type from bean name 'org.springframework.boot.autoconfigure.ssl.SslAutoConfiguration' via constructor to bean named 'spring.ssl-org.springframework.boot.autoconfigure.ssl.SslProperties'
2026-02-15 01:24:38.118 DEBUG DefaultListableBeanFactory:306 - Creating shared instance of singleton bean 'fileWatcher'
2026-02-15 01:24:38.119 DEBUG DefaultListableBeanFactory:306 - Creating shared instance of singleton bean 'sslPropertiesSslBundleRegistrar'
2026-02-15 01:24:38.119 DEBUG DefaultListableBeanFactory:953 - Autowiring by type from bean name 'sslPropertiesSslBundleRegistrar' via factory method to bean named 'fileWatcher'
2026-02-15 01:24:38.122 DEBUG DefaultListableBeanFactory:306 - Creating shared instance of singleton bean 'sslBundleRegistry'
2026-02-15 01:24:38.126 DEBUG DefaultListableBeanFactory:306 - Creating shared instance of singleton bean 'org.springframework.boot.autoconfigure.task.TaskExecutorConfigurations$SimpleAsyncTaskExecutorBuilderConfiguration'
2026-02-15 01:24:38.127 DEBUG DefaultListableBeanFactory:953 - Autowiring by type from bean name 'org.springframework.boot.autoconfigure.task.TaskExecutorConfigurations$SimpleAsyncTaskExecutorBuilderConfiguration' via constructor to bean named 'spring.task.execution-org.springframework.boot.autoconfigure.task.TaskExecutionProperties'
2026-02-15 01:24:38.128 DEBUG DefaultListableBeanFactory:306 - Creating shared instance of singleton bean 'simpleAsyncTaskExecutorBuilder'
2026-02-15 01:24:38.129 DEBUG DefaultListableBeanFactory:306 - Creating shared instance of singleton bean 'org.springframework.boot.autoconfigure.task.TaskExecutorConfigurations$AsyncConfigurerConfiguration'
2026-02-15 01:24:38.129 DEBUG DefaultListableBeanFactory:306 - Creating shared instance of singleton bean 'applicationTaskExecutorAsyncConfigurer'
2026-02-15 01:24:38.131 DEBUG DefaultListableBeanFactory:953 - Autowiring by type from bean name 'applicationTaskExecutorAsyncConfigurer' via factory method to bean named 'org.springframework.beans.factory.support.DefaultListableBeanFactory@239b0f9d'
2026-02-15 01:24:38.131 DEBUG DefaultListableBeanFactory:306 - Creating shared instance of singleton bean 'org.springframework.boot.autoconfigure.task.TaskExecutorConfigurations$BootstrapExecutorConfiguration'
2026-02-15 01:24:38.132 DEBUG DefaultListableBeanFactory:306 - Creating shared instance of singleton bean 'org.springframework.boot.autoconfigure.task.TaskExecutionAutoConfiguration'
2026-02-15 01:24:38.133 DEBUG DefaultListableBeanFactory:306 - Creating shared instance of singleton bean 'org.springframework.boot.autoconfigure.task.TaskSchedulingConfigurations$ThreadPoolTaskSchedulerBuilderConfiguration'
2026-02-15 01:24:38.133 DEBUG DefaultListableBeanFactory:306 - Creating shared instance of singleton bean 'threadPoolTaskSchedulerBuilder'
2026-02-15 01:24:38.134 DEBUG DefaultListableBeanFactory:306 - Creating shared instance of singleton bean 'spring.task.scheduling-org.springframework.boot.autoconfigure.task.TaskSchedulingProperties'
2026-02-15 01:24:38.135 DEBUG DefaultListableBeanFactory:953 - Autowiring by type from bean name 'threadPoolTaskSchedulerBuilder' via factory method to bean named 'spring.task.scheduling-org.springframework.boot.autoconfigure.task.TaskSchedulingProperties'
2026-02-15 01:24:38.138 DEBUG DefaultListableBeanFactory:306 - Creating shared instance of singleton bean 'org.springframework.boot.autoconfigure.task.TaskSchedulingConfigurations$SimpleAsyncTaskSchedulerBuilderConfiguration'
2026-02-15 01:24:38.139 DEBUG DefaultListableBeanFactory:953 - Autowiring by type from bean name 'org.springframework.boot.autoconfigure.task.TaskSchedulingConfigurations$SimpleAsyncTaskSchedulerBuilderConfiguration' via constructor to bean named 'spring.task.scheduling-org.springframework.boot.autoconfigure.task.TaskSchedulingProperties'
2026-02-15 01:24:38.140 DEBUG DefaultListableBeanFactory:306 - Creating shared instance of singleton bean 'simpleAsyncTaskSchedulerBuilder'
2026-02-15 01:24:38.142 DEBUG DefaultListableBeanFactory:306 - Creating shared instance of singleton bean 'org.springframework.boot.autoconfigure.task.TaskSchedulingAutoConfiguration'
2026-02-15 01:24:38.143 DEBUG DefaultListableBeanFactory:306 - Creating shared instance of singleton bean 'org.springframework.boot.data.ldap.autoconfigure.DataLdapRepositoriesAutoConfiguration'
2026-02-15 01:24:38.144 DEBUG DefaultListableBeanFactory:306 - Creating shared instance of singleton bean 'ldapMappingContext'
2026-02-15 01:24:38.153 DEBUG DefaultListableBeanFactory:306 - Creating shared instance of singleton bean 'data-ldap.repository-aot-processor#0'
2026-02-15 01:24:38.157 DEBUG DefaultListableBeanFactory:306 - Creating shared instance of singleton bean 'org.springframework.boot.ldap.autoconfigure.LdapAutoConfiguration'
2026-02-15 01:24:38.158 DEBUG DefaultListableBeanFactory:306 - Creating shared instance of singleton bean 'propertiesLdapConnectionDetails'
2026-02-15 01:24:38.158 DEBUG DefaultListableBeanFactory:306 - Creating shared instance of singleton bean 'spring.ldap-org.springframework.boot.ldap.autoconfigure.LdapProperties'
2026-02-15 01:24:38.161 DEBUG DefaultListableBeanFactory:953 - Autowiring by type from bean name 'propertiesLdapConnectionDetails' via factory method to bean named 'spring.ldap-org.springframework.boot.ldap.autoconfigure.LdapProperties'
2026-02-15 01:24:38.161 DEBUG DefaultListableBeanFactory:953 - Autowiring by type from bean name 'propertiesLdapConnectionDetails' via factory method to bean named 'environment'
2026-02-15 01:24:38.162 DEBUG DefaultListableBeanFactory:306 - Creating shared instance of singleton bean 'ldapContextSource'
2026-02-15 01:24:38.162 DEBUG DefaultListableBeanFactory:953 - Autowiring by type from bean name 'ldapContextSource' via factory method to bean named 'propertiesLdapConnectionDetails'
2026-02-15 01:24:38.162 DEBUG DefaultListableBeanFactory:953 - Autowiring by type from bean name 'ldapContextSource' via factory method to bean named 'spring.ldap-org.springframework.boot.ldap.autoconfigure.LdapProperties'
2026-02-15 01:24:38.182 DEBUG AbstractContextSource:417 - AuthenticationSource not set - using default implementation
2026-02-15 01:24:38.182 INFO  AbstractContextSource:419 - Property 'userDn' not set - anonymous context will be used for read-only operations
2026-02-15 01:24:38.183 DEBUG AbstractContextSource:447 - Not using LDAP pooling
2026-02-15 01:24:38.184 DEBUG AbstractContextSource:468 - Trying provider Urls: ldap://localhost:389
2026-02-15 01:24:38.184 DEBUG DefaultListableBeanFactory:306 - Creating shared instance of singleton bean 'objectDirectoryMapper'
2026-02-15 01:24:38.189 DEBUG DefaultListableBeanFactory:306 - Creating shared instance of singleton bean 'ldapTemplate'
2026-02-15 01:24:38.189 DEBUG DefaultListableBeanFactory:953 - Autowiring by type from bean name 'ldapTemplate' via factory method to bean named 'spring.ldap-org.springframework.boot.ldap.autoconfigure.LdapProperties'
2026-02-15 01:24:38.189 DEBUG DefaultListableBeanFactory:953 - Autowiring by type from bean name 'ldapTemplate' via factory method to bean named 'ldapContextSource'
2026-02-15 01:24:38.189 DEBUG DefaultListableBeanFactory:953 - Autowiring by type from bean name 'ldapTemplate' via factory method to bean named 'objectDirectoryMapper'
2026-02-15 01:24:38.196 DEBUG DefaultListableBeanFactory:306 - Creating shared instance of singleton bean 'org.springframework.boot.persistence.autoconfigure.PersistenceExceptionTranslationAutoConfiguration'
2026-02-15 01:24:38.197 DEBUG DefaultListableBeanFactory:306 - Creating shared instance of singleton bean 'org.springframework.boot.transaction.autoconfigure.TransactionManagerCustomizationAutoConfiguration'
2026-02-15 01:24:38.197 DEBUG DefaultListableBeanFactory:306 - Creating shared instance of singleton bean 'platformTransactionManagerCustomizers'
2026-02-15 01:24:38.199 DEBUG DefaultListableBeanFactory:306 - Creating shared instance of singleton bean 'transactionExecutionListeners'
2026-02-15 01:24:38.200 DEBUG DefaultListableBeanFactory:306 - Creating shared instance of singleton bean 'spring.transaction-org.springframework.boot.transaction.autoconfigure.TransactionProperties'
2026-02-15 01:24:38.203 DEBUG DefaultListableBeanFactory:306 - Creating shared instance of singleton bean 'org.springframework.boot.transaction.autoconfigure.TransactionAutoConfiguration'
2026-02-15 01:24:38.212 DEBUG DefaultLifecycleProcessor:608 - Starting beans in phase -2147483647
2026-02-15 01:24:38.212 DEBUG DefaultLifecycleProcessor:426 - Successfully started bean 'springBootLoggingLifecycle'
2026-02-15 01:24:38.212 DEBUG DefaultLifecycleProcessor:608 - Starting beans in phase 1073741823
2026-02-15 01:24:38.225 DEBUG ConditionEvaluationReportLogger:72 - 


============================
CONDITIONS EVALUATION REPORT
============================


Positive matches:
-----------------

   AopAutoConfiguration matched:
      - @ConditionalOnBooleanProperty (spring.aop.auto=true) matched (OnPropertyCondition)

   AopAutoConfiguration.ClassProxyingConfiguration matched:
      - @ConditionalOnMissingClass did not find unwanted class 'org.aspectj.weaver.Advice' (OnClassCondition)
      - @ConditionalOnBooleanProperty (spring.aop.proxy-target-class=true) matched (OnPropertyCondition)

   ApplicationAvailabilityAutoConfiguration#applicationAvailability matched:
      - @ConditionalOnMissingBean (types: org.springframework.boot.availability.ApplicationAvailability; SearchStrategy: all) did not find any beans (OnBeanCondition)

   DataLdapRepositoriesAutoConfiguration matched:
      - @ConditionalOnClass found required classes 'javax.naming.ldap.LdapContext', 'org.springframework.data.ldap.repository.LdapRepository' (OnClassCondition)
      - @ConditionalOnBooleanProperty (spring.data.ldap.repositories.enabled=true) matched (OnPropertyCondition)
      - @ConditionalOnMissingBean (types: org.springframework.data.ldap.repository.support.LdapRepositoryFactoryBean; SearchStrategy: all) did not find any beans (OnBeanCondition)

   LdapAutoConfiguration matched:
      - @ConditionalOnClass found required class 'org.springframework.ldap.core.ContextSource' (OnClassCondition)

   LdapAutoConfiguration#ldapContextSource matched:
      - @ConditionalOnMissingBean (types: org.springframework.ldap.core.support.LdapContextSource; SearchStrategy: all) did not find any beans (OnBeanCondition)

   LdapAutoConfiguration#ldapTemplate matched:
      - @ConditionalOnMissingBean (types: org.springframework.ldap.core.LdapOperations; SearchStrategy: all) did not find any beans (OnBeanCondition)

   LdapAutoConfiguration#objectDirectoryMapper matched:
      - @ConditionalOnMissingBean (types: org.springframework.ldap.odm.core.ObjectDirectoryMapper; SearchStrategy: all) did not find any beans (OnBeanCondition)

   LdapAutoConfiguration#propertiesLdapConnectionDetails matched:
      - @ConditionalOnMissingBean (types: org.springframework.boot.ldap.autoconfigure.LdapConnectionDetails; SearchStrategy: all) did not find any beans (OnBeanCondition)

   LifecycleAutoConfiguration#defaultLifecycleProcessor matched:
      - @ConditionalOnMissingBean (names: lifecycleProcessor; SearchStrategy: current) did not find any beans (OnBeanCondition)

   PersistenceExceptionTranslationAutoConfiguration matched:
      - @ConditionalOnClass found required class 'org.springframework.dao.annotation.PersistenceExceptionTranslationPostProcessor' (OnClassCondition)

   PersistenceExceptionTranslationAutoConfiguration#persistenceExceptionTranslationPostProcessor matched:
      - @ConditionalOnBooleanProperty (spring.persistence.exceptiontranslation.enabled=true) matched (OnPropertyCondition)
      - @ConditionalOnMissingBean (types: org.springframework.dao.annotation.PersistenceExceptionTranslationPostProcessor; SearchStrategy: all) did not find any beans (OnBeanCondition)

   PropertyPlaceholderAutoConfiguration#propertySourcesPlaceholderConfigurer matched:
      - @ConditionalOnMissingBean (types: org.springframework.context.support.PropertySourcesPlaceholderConfigurer; SearchStrategy: current) did not find any beans (OnBeanCondition)

   SslAutoConfiguration#sslBundleRegistry matched:
      - @ConditionalOnMissingBean (types: org.springframework.boot.ssl.SslBundleRegistry,org.springframework.boot.ssl.SslBundles; SearchStrategy: all) did not find any beans (OnBeanCondition)

   TaskExecutionAutoConfiguration matched:
      - @ConditionalOnClass found required class 'org.springframework.scheduling.concurrent.ThreadPoolTaskExecutor' (OnClassCondition)

   TaskExecutorConfigurations.AsyncConfigurerConfiguration matched:
      - @ConditionalOnMissingBean (types: org.springframework.scheduling.annotation.AsyncConfigurer; SearchStrategy: all) did not find any beans (OnBeanCondition)

   TaskExecutorConfigurations.SimpleAsyncTaskExecutorBuilderConfiguration#simpleAsyncTaskExecutorBuilder matched:
      - @ConditionalOnThreading found PLATFORM (OnThreadingCondition)
      - @ConditionalOnMissingBean (types: org.springframework.boot.task.SimpleAsyncTaskExecutorBuilder; SearchStrategy: all) did not find any beans (OnBeanCondition)

   TaskExecutorConfigurations.TaskExecutorConfiguration matched:
      - AnyNestedCondition 1 matched 1 did not; NestedCondition on TaskExecutorConfigurations.OnExecutorCondition.ModelCondition @ConditionalOnProperty (spring.task.execution.mode=force) did not find property 'spring.task.execution.mode'; NestedCondition on TaskExecutorConfigurations.OnExecutorCondition.ExecutorBeanCondition @ConditionalOnMissingBean (types: java.util.concurrent.Executor; SearchStrategy: all) did not find any beans (TaskExecutorConfigurations.OnExecutorCondition)

   TaskExecutorConfigurations.TaskExecutorConfiguration#applicationTaskExecutor matched:
      - @ConditionalOnThreading found PLATFORM (OnThreadingCondition)

   TaskExecutorConfigurations.ThreadPoolTaskExecutorBuilderConfiguration#threadPoolTaskExecutorBuilder matched:
      - @ConditionalOnMissingBean (types: org.springframework.boot.task.ThreadPoolTaskExecutorBuilder; SearchStrategy: all) did not find any beans (OnBeanCondition)

   TaskSchedulingAutoConfiguration matched:
      - @ConditionalOnClass found required class 'org.springframework.scheduling.concurrent.ThreadPoolTaskScheduler' (OnClassCondition)

   TaskSchedulingConfigurations.SimpleAsyncTaskSchedulerBuilderConfiguration#simpleAsyncTaskSchedulerBuilder matched:
      - @ConditionalOnThreading found PLATFORM (OnThreadingCondition)
      - @ConditionalOnMissingBean (types: org.springframework.boot.task.SimpleAsyncTaskSchedulerBuilder; SearchStrategy: all) did not find any beans (OnBeanCondition)

   TaskSchedulingConfigurations.ThreadPoolTaskSchedulerBuilderConfiguration#threadPoolTaskSchedulerBuilder matched:
      - @ConditionalOnMissingBean (types: org.springframework.boot.task.ThreadPoolTaskSchedulerBuilder; SearchStrategy: all) did not find any beans (OnBeanCondition)

   TransactionAutoConfiguration matched:
      - @ConditionalOnClass found required class 'org.springframework.transaction.PlatformTransactionManager' (OnClassCondition)

   TransactionManagerCustomizationAutoConfiguration matched:
      - @ConditionalOnClass found required class 'org.springframework.transaction.PlatformTransactionManager' (OnClassCondition)

   TransactionManagerCustomizationAutoConfiguration#platformTransactionManagerCustomizers matched:
      - @ConditionalOnMissingBean (types: org.springframework.boot.transaction.autoconfigure.TransactionManagerCustomizers; SearchStrategy: all) did not find any beans (OnBeanCondition)


Negative matches:
-----------------

   AopAutoConfiguration.AspectJAutoProxyingConfiguration:
      Did not match:
         - @ConditionalOnClass did not find required class 'org.aspectj.weaver.Advice' (OnClassCondition)

   DataRepositoryMetricsAutoConfiguration:
      Did not match:
         - @ConditionalOnBean (types: io.micrometer.core.instrument.MeterRegistry; SearchStrategy: all) did not find any beans of type io.micrometer.core.instrument.MeterRegistry (OnBeanCondition)
      Matched:
         - @ConditionalOnClass found required class 'org.springframework.data.repository.Repository' (OnClassCondition)

   DataWebAutoConfiguration:
      Did not match:
         - @ConditionalOnClass did not find required class 'org.springframework.data.web.PageableHandlerMethodArgumentResolver' (OnClassCondition)

   EmbeddedLdapAutoConfiguration:
      Did not match:
         - @ConditionalOnClass did not find required class 'com.unboundid.ldap.listener.InMemoryDirectoryServer' (OnClassCondition)

   JmxAutoConfiguration:
      Did not match:
         - @ConditionalOnBooleanProperty (spring.jmx.enabled=true) did not find property 'spring.jmx.enabled' (OnPropertyCondition)
      Matched:
         - @ConditionalOnClass found required class 'org.springframework.jmx.export.MBeanExporter' (OnClassCondition)

   JtaAutoConfiguration:
      Did not match:
         - @ConditionalOnClass did not find required class 'jakarta.transaction.Transaction' (OnClassCondition)

   LdapHealthContributorAutoConfiguration:
      Did not match:
         - @ConditionalOnClass did not find required class 'org.springframework.boot.health.autoconfigure.contributor.ConditionalOnEnabledHealthIndicator' (OnClassCondition)

   MessageSourceAutoConfiguration:
      Did not match:
         - ResourceBundle did not find bundle with basename messages (MessageSourceAutoConfiguration.ResourceBundleCondition)

   ProjectInfoAutoConfiguration#buildProperties:
      Did not match:
         - @ConditionalOnResource did not find resource '${spring.info.build.location:classpath:META-INF/build-info.properties}' (OnResourceCondition)

   ProjectInfoAutoConfiguration#gitProperties:
      Did not match:
         - GitResource did not find git info at classpath:git.properties (ProjectInfoAutoConfiguration.GitResourceAvailableCondition)

   SpringApplicationAdminJmxAutoConfiguration:
      Did not match:
         - @ConditionalOnBooleanProperty (spring.application.admin.enabled=true) did not find property 'spring.application.admin.enabled' (OnPropertyCondition)

   TaskExecutorConfigurations.AsyncConfigurerWrapperConfiguration:
      Did not match:
         - @ConditionalOnBean (types: org.springframework.scheduling.annotation.AsyncConfigurer; SearchStrategy: all) did not find any beans of type org.springframework.scheduling.annotation.AsyncConfigurer (OnBeanCondition)

   TaskExecutorConfigurations.SimpleAsyncTaskExecutorBuilderConfiguration#simpleAsyncTaskExecutorBuilderVirtualThreads:
      Did not match:
         - @ConditionalOnMissingBean (types: org.springframework.boot.task.SimpleAsyncTaskExecutorBuilder; SearchStrategy: all) found beans of type 'org.springframework.boot.task.SimpleAsyncTaskExecutorBuilder' simpleAsyncTaskExecutorBuilder (OnBeanCondition)

   TaskExecutorConfigurations.TaskExecutorConfiguration#applicationTaskExecutorVirtualThreads:
      Did not match:
         - @ConditionalOnThreading did not find VIRTUAL (OnThreadingCondition)

   TaskSchedulingAutoConfiguration#scheduledBeanLazyInitializationExcludeFilter:
      Did not match:
         - @ConditionalOnBean (names: org.springframework.scheduling.config.internalScheduledAnnotationProcessor; SearchStrategy: all) did not find any beans named org.springframework.scheduling.config.internalScheduledAnnotationProcessor (OnBeanCondition)

   TaskSchedulingConfigurations.SimpleAsyncTaskSchedulerBuilderConfiguration#simpleAsyncTaskSchedulerBuilderVirtualThreads:
      Did not match:
         - @ConditionalOnThreading did not find VIRTUAL (OnThreadingCondition)

   TaskSchedulingConfigurations.TaskSchedulerConfiguration:
      Did not match:
         - @ConditionalOnBean (names: org.springframework.scheduling.config.internalScheduledAnnotationProcessor; SearchStrategy: all) did not find any beans named org.springframework.scheduling.config.internalScheduledAnnotationProcessor (OnBeanCondition)

   TransactionAutoConfiguration#transactionalOperator:
      Did not match:
         - @ConditionalOnSingleCandidate (types: org.springframework.transaction.ReactiveTransactionManager; SearchStrategy: all) did not find any beans (OnBeanCondition)

   TransactionAutoConfiguration.AspectJTransactionManagementConfiguration:
      Did not match:
         - @ConditionalOnBean did not find required type 'org.springframework.transaction.aspectj.AbstractTransactionAspect' (OnBeanCondition)
         - @ConditionalOnBean (types: org.springframework.transaction.aspectj.AbstractTransactionAspect; SearchStrategy: all) did not find any beans of type org.springframework.transaction.aspectj.AbstractTransactionAspect (OnBeanCondition)

   TransactionAutoConfiguration.EnableTransactionManagementConfiguration:
      Did not match:
         - @ConditionalOnBean (types: org.springframework.transaction.TransactionManager; SearchStrategy: all) did not find any beans of type org.springframework.transaction.TransactionManager (OnBeanCondition)

   TransactionAutoConfiguration.EnableTransactionManagementConfiguration.CglibAutoProxyConfiguration:
      Did not match:
         - Ancestor org.springframework.boot.transaction.autoconfigure.TransactionAutoConfiguration$EnableTransactionManagementConfiguration did not match (ConditionEvaluationReport.AncestorsMatchedCondition)
      Matched:
         - @ConditionalOnBooleanProperty (spring.aop.proxy-target-class=true) matched (OnPropertyCondition)

   TransactionAutoConfiguration.EnableTransactionManagementConfiguration.JdkDynamicAutoProxyConfiguration:
      Did not match:
         - @ConditionalOnBooleanProperty (spring.aop.proxy-target-class=false) did not find property 'spring.aop.proxy-target-class' (OnPropertyCondition)
         - Ancestor org.springframework.boot.transaction.autoconfigure.TransactionAutoConfiguration$EnableTransactionManagementConfiguration did not match (ConditionEvaluationReport.AncestorsMatchedCondition)

   TransactionAutoConfiguration.TransactionTemplateConfiguration:
      Did not match:
         - @ConditionalOnSingleCandidate (types: org.springframework.transaction.PlatformTransactionManager; SearchStrategy: all) did not find any beans (OnBeanCondition)


Exclusions:
-----------

    None


Unconditional classes:
----------------------

    org.springframework.boot.autoconfigure.context.ConfigurationPropertiesAutoConfiguration

    org.springframework.boot.autoconfigure.ssl.SslAutoConfiguration

    org.springframework.boot.autoconfigure.context.LifecycleAutoConfiguration

    org.springframework.boot.autoconfigure.context.PropertyPlaceholderAutoConfiguration

    org.springframework.boot.autoconfigure.availability.ApplicationAvailabilityAutoConfiguration

    org.springframework.boot.autoconfigure.info.ProjectInfoAutoConfiguration



2026-02-15 01:24:38.226 INFO  DirsyncApplication:60 - Started DirsyncApplication in 0.909 seconds (process running for 1.627)
2026-02-15 01:24:38.227 DEBUG ApplicationAvailabilityBean:78 - Application availability state LivenessState changed to CORRECT
2026-02-15 01:24:38.229 DEBUG ApplicationAvailabilityBean:78 - Application availability state ReadinessState changed to ACCEPTING_TRAFFIC
2026-02-15 01:24:38.229 INFO  DataImportService:27 - Start to import directory information into target LDAP...
2026-02-15 01:24:38.260 DEBUG BooleanConverter:353 - Setting default value: false
2026-02-15 01:24:38.260 DEBUG BooleanConverter:140 - Converting 'Boolean' value 'false' to type 'Boolean'
2026-02-15 01:24:38.260 DEBUG BooleanConverter:162 -     No conversion required, value is already a Boolean
2026-02-15 01:24:38.261 DEBUG ByteConverter:353 - Setting default value: 0
2026-02-15 01:24:38.261 DEBUG ByteConverter:140 - Converting 'Integer' value '0' to type 'Byte'
2026-02-15 01:24:38.262 DEBUG ByteConverter:171 -     Converted to Byte value '0'
2026-02-15 01:24:38.262 DEBUG CharacterConverter:353 - Setting default value:  
2026-02-15 01:24:38.262 DEBUG CharacterConverter:140 - Converting 'Character' value ' ' to type 'Character'
2026-02-15 01:24:38.263 DEBUG CharacterConverter:162 -     No conversion required, value is already a Character
2026-02-15 01:24:38.263 DEBUG DoubleConverter:353 - Setting default value: 0
2026-02-15 01:24:38.263 DEBUG DoubleConverter:140 - Converting 'Integer' value '0' to type 'Double'
2026-02-15 01:24:38.263 DEBUG DoubleConverter:171 -     Converted to Double value '0.0'
2026-02-15 01:24:38.264 DEBUG FloatConverter:353 - Setting default value: 0
2026-02-15 01:24:38.264 DEBUG FloatConverter:140 - Converting 'Integer' value '0' to type 'Float'
2026-02-15 01:24:38.264 DEBUG FloatConverter:171 -     Converted to Float value '0.0'
2026-02-15 01:24:38.264 DEBUG IntegerConverter:353 - Setting default value: 0
2026-02-15 01:24:38.266 DEBUG IntegerConverter:140 - Converting 'Integer' value '0' to type 'Integer'
2026-02-15 01:24:38.266 DEBUG IntegerConverter:162 -     No conversion required, value is already a Integer
2026-02-15 01:24:38.266 DEBUG LongConverter:353 - Setting default value: 0
2026-02-15 01:24:38.266 DEBUG LongConverter:140 - Converting 'Integer' value '0' to type 'Long'
2026-02-15 01:24:38.266 DEBUG LongConverter:171 -     Converted to Long value '0'
2026-02-15 01:24:38.267 DEBUG ShortConverter:353 - Setting default value: 0
2026-02-15 01:24:38.267 DEBUG ShortConverter:140 - Converting 'Integer' value '0' to type 'Short'
2026-02-15 01:24:38.267 DEBUG ShortConverter:171 -     Converted to Short value '0'
2026-02-15 01:24:38.279 DEBUG BigDecimalConverter:353 - Setting default value: 0.0
2026-02-15 01:24:38.279 DEBUG BigDecimalConverter:140 - Converting 'BigDecimal' value '0.0' to type 'BigDecimal'
2026-02-15 01:24:38.280 DEBUG BigDecimalConverter:162 -     No conversion required, value is already a BigDecimal
2026-02-15 01:24:38.280 DEBUG BigIntegerConverter:353 - Setting default value: 0
2026-02-15 01:24:38.280 DEBUG BigIntegerConverter:140 - Converting 'BigInteger' value '0' to type 'BigInteger'
2026-02-15 01:24:38.280 DEBUG BigIntegerConverter:162 -     No conversion required, value is already a BigInteger
2026-02-15 01:24:38.280 DEBUG BooleanConverter:353 - Setting default value: false
2026-02-15 01:24:38.280 DEBUG BooleanConverter:140 - Converting 'Boolean' value 'false' to type 'Boolean'
2026-02-15 01:24:38.280 DEBUG BooleanConverter:162 -     No conversion required, value is already a Boolean
2026-02-15 01:24:38.281 DEBUG ByteConverter:353 - Setting default value: 0
2026-02-15 01:24:38.281 DEBUG ByteConverter:140 - Converting 'Integer' value '0' to type 'Byte'
2026-02-15 01:24:38.281 DEBUG ByteConverter:171 -     Converted to Byte value '0'
2026-02-15 01:24:38.281 DEBUG CharacterConverter:353 - Setting default value:  
2026-02-15 01:24:38.281 DEBUG CharacterConverter:140 - Converting 'Character' value ' ' to type 'Character'
2026-02-15 01:24:38.281 DEBUG CharacterConverter:162 -     No conversion required, value is already a Character
2026-02-15 01:24:38.281 DEBUG DoubleConverter:353 - Setting default value: 0
2026-02-15 01:24:38.281 DEBUG DoubleConverter:140 - Converting 'Integer' value '0' to type 'Double'
2026-02-15 01:24:38.281 DEBUG DoubleConverter:171 -     Converted to Double value '0.0'
2026-02-15 01:24:38.281 DEBUG FloatConverter:353 - Setting default value: 0
2026-02-15 01:24:38.282 DEBUG FloatConverter:140 - Converting 'Integer' value '0' to type 'Float'
2026-02-15 01:24:38.282 DEBUG FloatConverter:171 -     Converted to Float value '0.0'
2026-02-15 01:24:38.282 DEBUG IntegerConverter:353 - Setting default value: 0
2026-02-15 01:24:38.282 DEBUG IntegerConverter:140 - Converting 'Integer' value '0' to type 'Integer'
2026-02-15 01:24:38.282 DEBUG IntegerConverter:162 -     No conversion required, value is already a Integer
2026-02-15 01:24:38.282 DEBUG LongConverter:353 - Setting default value: 0
2026-02-15 01:24:38.282 DEBUG LongConverter:140 - Converting 'Integer' value '0' to type 'Long'
2026-02-15 01:24:38.282 DEBUG LongConverter:171 -     Converted to Long value '0'
2026-02-15 01:24:38.282 DEBUG ShortConverter:353 - Setting default value: 0
2026-02-15 01:24:38.282 DEBUG ShortConverter:140 - Converting 'Integer' value '0' to type 'Short'
2026-02-15 01:24:38.282 DEBUG ShortConverter:171 -     Converted to Short value '0'
2026-02-15 01:24:38.283 DEBUG StringConverter:353 - Setting default value: 
2026-02-15 01:24:38.283 DEBUG StringConverter:140 - Converting 'String' value '' to type 'String'
2026-02-15 01:24:38.286 DEBUG ArrayConverter:353 - Setting default value: [Z@23b3aa8c
2026-02-15 01:24:38.286 DEBUG ArrayConverter:140 - Converting 'boolean[]' value '[Z@23b3aa8c' to type 'boolean[]'
2026-02-15 01:24:38.286 DEBUG ArrayConverter:162 -     No conversion required, value is already a boolean[]
2026-02-15 01:24:38.286 DEBUG ArrayConverter:353 - Setting default value: [B@99407c2
2026-02-15 01:24:38.286 DEBUG ArrayConverter:140 - Converting 'byte[]' value '[B@99407c2' to type 'byte[]'
2026-02-15 01:24:38.286 DEBUG ArrayConverter:162 -     No conversion required, value is already a byte[]
2026-02-15 01:24:38.286 DEBUG ArrayConverter:353 - Setting default value: [C@6c796cc1
2026-02-15 01:24:38.286 DEBUG ArrayConverter:140 - Converting 'char[]' value '[C@6c796cc1' to type 'char[]'
2026-02-15 01:24:38.286 DEBUG ArrayConverter:162 -     No conversion required, value is already a char[]
2026-02-15 01:24:38.286 DEBUG ArrayConverter:353 - Setting default value: [D@226eba67
2026-02-15 01:24:38.287 DEBUG ArrayConverter:140 - Converting 'double[]' value '[D@226eba67' to type 'double[]'
2026-02-15 01:24:38.287 DEBUG ArrayConverter:162 -     No conversion required, value is already a double[]
2026-02-15 01:24:38.287 DEBUG ArrayConverter:353 - Setting default value: [F@1cb7936c
2026-02-15 01:24:38.287 DEBUG ArrayConverter:140 - Converting 'float[]' value '[F@1cb7936c' to type 'float[]'
2026-02-15 01:24:38.287 DEBUG ArrayConverter:162 -     No conversion required, value is already a float[]
2026-02-15 01:24:38.287 DEBUG ArrayConverter:353 - Setting default value: [I@35342d2f
2026-02-15 01:24:38.287 DEBUG ArrayConverter:140 - Converting 'int[]' value '[I@35342d2f' to type 'int[]'
2026-02-15 01:24:38.287 DEBUG ArrayConverter:162 -     No conversion required, value is already a int[]
2026-02-15 01:24:38.287 DEBUG ArrayConverter:353 - Setting default value: [J@128c502c
2026-02-15 01:24:38.287 DEBUG ArrayConverter:140 - Converting 'long[]' value '[J@128c502c' to type 'long[]'
2026-02-15 01:24:38.287 DEBUG ArrayConverter:162 -     No conversion required, value is already a long[]
2026-02-15 01:24:38.287 DEBUG ArrayConverter:353 - Setting default value: [S@45667d98
2026-02-15 01:24:38.288 DEBUG ArrayConverter:140 - Converting 'short[]' value '[S@45667d98' to type 'short[]'
2026-02-15 01:24:38.288 DEBUG ArrayConverter:162 -     No conversion required, value is already a short[]
2026-02-15 01:24:38.288 DEBUG ArrayConverter:353 - Setting default value: [Ljava.math.BigDecimal;@65eabaab
2026-02-15 01:24:38.288 DEBUG ArrayConverter:140 - Converting 'BigDecimal[]' value '[Ljava.math.BigDecimal;@65eabaab' to type 'BigDecimal[]'
2026-02-15 01:24:38.288 DEBUG ArrayConverter:162 -     No conversion required, value is already a BigDecimal[]
2026-02-15 01:24:38.289 DEBUG ArrayConverter:353 - Setting default value: [Ljava.math.BigInteger;@1de9d54
2026-02-15 01:24:38.289 DEBUG ArrayConverter:140 - Converting 'BigInteger[]' value '[Ljava.math.BigInteger;@1de9d54' to type 'BigInteger[]'
2026-02-15 01:24:38.289 DEBUG ArrayConverter:162 -     No conversion required, value is already a BigInteger[]
2026-02-15 01:24:38.289 DEBUG ArrayConverter:353 - Setting default value: [Ljava.lang.Boolean;@47ad69f7
2026-02-15 01:24:38.289 DEBUG ArrayConverter:140 - Converting 'Boolean[]' value '[Ljava.lang.Boolean;@47ad69f7' to type 'Boolean[]'
2026-02-15 01:24:38.289 DEBUG ArrayConverter:162 -     No conversion required, value is already a Boolean[]
2026-02-15 01:24:38.290 DEBUG ArrayConverter:353 - Setting default value: [Ljava.lang.Byte;@5e5073ab
2026-02-15 01:24:38.290 DEBUG ArrayConverter:140 - Converting 'Byte[]' value '[Ljava.lang.Byte;@5e5073ab' to type 'Byte[]'
2026-02-15 01:24:38.290 DEBUG ArrayConverter:162 -     No conversion required, value is already a Byte[]
2026-02-15 01:24:38.290 DEBUG ArrayConverter:353 - Setting default value: [Ljava.lang.Character;@100c567f
2026-02-15 01:24:38.290 DEBUG ArrayConverter:140 - Converting 'Character[]' value '[Ljava.lang.Character;@100c567f' to type 'Character[]'
2026-02-15 01:24:38.290 DEBUG ArrayConverter:162 -     No conversion required, value is already a Character[]
2026-02-15 01:24:38.290 DEBUG ArrayConverter:353 - Setting default value: [Ljava.lang.Double;@6d5037a9
2026-02-15 01:24:38.290 DEBUG ArrayConverter:140 - Converting 'Double[]' value '[Ljava.lang.Double;@6d5037a9' to type 'Double[]'
2026-02-15 01:24:38.291 DEBUG ArrayConverter:162 -     No conversion required, value is already a Double[]
2026-02-15 01:24:38.291 DEBUG ArrayConverter:353 - Setting default value: [Ljava.lang.Float;@30669dac
2026-02-15 01:24:38.291 DEBUG ArrayConverter:140 - Converting 'Float[]' value '[Ljava.lang.Float;@30669dac' to type 'Float[]'
2026-02-15 01:24:38.291 DEBUG ArrayConverter:162 -     No conversion required, value is already a Float[]
2026-02-15 01:24:38.291 DEBUG ArrayConverter:353 - Setting default value: [Ljava.lang.Integer;@6a282fdd
2026-02-15 01:24:38.291 DEBUG ArrayConverter:140 - Converting 'Integer[]' value '[Ljava.lang.Integer;@6a282fdd' to type 'Integer[]'
2026-02-15 01:24:38.291 DEBUG ArrayConverter:162 -     No conversion required, value is already a Integer[]
2026-02-15 01:24:38.291 DEBUG ArrayConverter:353 - Setting default value: [Ljava.lang.Long;@70331432
2026-02-15 01:24:38.291 DEBUG ArrayConverter:140 - Converting 'Long[]' value '[Ljava.lang.Long;@70331432' to type 'Long[]'
2026-02-15 01:24:38.291 DEBUG ArrayConverter:162 -     No conversion required, value is already a Long[]
2026-02-15 01:24:38.291 DEBUG ArrayConverter:353 - Setting default value: [Ljava.lang.Short;@10c2064a
2026-02-15 01:24:38.292 DEBUG ArrayConverter:140 - Converting 'Short[]' value '[Ljava.lang.Short;@10c2064a' to type 'Short[]'
2026-02-15 01:24:38.292 DEBUG ArrayConverter:162 -     No conversion required, value is already a Short[]
2026-02-15 01:24:38.292 DEBUG ArrayConverter:353 - Setting default value: [Ljava.lang.String;@6ff415ad
2026-02-15 01:24:38.292 DEBUG ArrayConverter:140 - Converting 'String[]' value '[Ljava.lang.String;@6ff415ad' to type 'String[]'
2026-02-15 01:24:38.292 DEBUG ArrayConverter:162 -     No conversion required, value is already a String[]
2026-02-15 01:24:38.292 DEBUG ArrayConverter:353 - Setting default value: [Ljava.lang.Class;@280d9edc
2026-02-15 01:24:38.292 DEBUG ArrayConverter:140 - Converting 'Class[]' value '[Ljava.lang.Class;@280d9edc' to type 'Class[]'
2026-02-15 01:24:38.292 DEBUG ArrayConverter:162 -     No conversion required, value is already a Class[]
2026-02-15 01:24:38.293 DEBUG ArrayConverter:353 - Setting default value: [Ljava.util.Date;@28fd3dc1
2026-02-15 01:24:38.293 DEBUG ArrayConverter:140 - Converting 'Date[]' value '[Ljava.util.Date;@28fd3dc1' to type 'Date[]'
2026-02-15 01:24:38.293 DEBUG ArrayConverter:162 -     No conversion required, value is already a Date[]
2026-02-15 01:24:38.293 DEBUG ArrayConverter:353 - Setting default value: [Ljava.util.Calendar;@108d55c4
2026-02-15 01:24:38.293 DEBUG ArrayConverter:140 - Converting 'Calendar[]' value '[Ljava.util.Calendar;@108d55c4' to type 'Calendar[]'
2026-02-15 01:24:38.293 DEBUG ArrayConverter:162 -     No conversion required, value is already a Calendar[]
2026-02-15 01:24:38.293 DEBUG ArrayConverter:353 - Setting default value: [Ljava.io.File;@15e0fe05
2026-02-15 01:24:38.293 DEBUG ArrayConverter:140 - Converting 'java.io.File[]' value '[Ljava.io.File;@15e0fe05' to type 'java.io.File[]'
2026-02-15 01:24:38.293 DEBUG ArrayConverter:162 -     No conversion required, value is already a java.io.File[]
2026-02-15 01:24:38.293 DEBUG ArrayConverter:353 - Setting default value: [Ljava.sql.Date;@6bf13698
2026-02-15 01:24:38.293 DEBUG ArrayConverter:140 - Converting 'java.sql.Date[]' value '[Ljava.sql.Date;@6bf13698' to type 'java.sql.Date[]'
2026-02-15 01:24:38.295 DEBUG ArrayConverter:162 -     No conversion required, value is already a java.sql.Date[]
2026-02-15 01:24:38.295 DEBUG ArrayConverter:353 - Setting default value: [Ljava.sql.Time;@3b90a30a
2026-02-15 01:24:38.295 DEBUG ArrayConverter:140 - Converting 'java.sql.Time[]' value '[Ljava.sql.Time;@3b90a30a' to type 'java.sql.Time[]'
2026-02-15 01:24:38.295 DEBUG ArrayConverter:162 -     No conversion required, value is already a java.sql.Time[]
2026-02-15 01:24:38.295 DEBUG ArrayConverter:353 - Setting default value: [Ljava.sql.Timestamp;@bdd2027
2026-02-15 01:24:38.295 DEBUG ArrayConverter:140 - Converting 'java.sql.Timestamp[]' value '[Ljava.sql.Timestamp;@bdd2027' to type 'java.sql.Timestamp[]'
2026-02-15 01:24:38.295 DEBUG ArrayConverter:162 -     No conversion required, value is already a java.sql.Timestamp[]
2026-02-15 01:24:38.296 DEBUG ArrayConverter:353 - Setting default value: [Ljava.net.URL;@f446158
2026-02-15 01:24:38.296 DEBUG ArrayConverter:140 - Converting 'java.net.URL[]' value '[Ljava.net.URL;@f446158' to type 'java.net.URL[]'
2026-02-15 01:24:38.296 DEBUG ArrayConverter:162 -     No conversion required, value is already a java.net.URL[]
2026-02-15 01:24:38.315 DEBUG ConvertUtils:481 - Convert string 'e-ACPC Support/DPO' to class 'java.lang.String'
2026-02-15 01:24:38.315 DEBUG StringConverter:140 - Converting 'String' value 'e-ACPC Support/DPO' to type 'String'
2026-02-15 01:24:38.315 DEBUG ConvertUtils:481 - Convert string 'e-ACPC Admin/DPO' to class 'java.lang.String'
2026-02-15 01:24:38.315 DEBUG StringConverter:140 - Converting 'String' value 'e-ACPC Admin/DPO' to type 'String'
2026-02-15 01:24:38.316 DEBUG ConvertUtils:481 - Convert string 'DPO E-Business Support Team/DPO' to class 'java.lang.String'
2026-02-15 01:24:38.316 DEBUG StringConverter:140 - Converting 'String' value 'DPO E-Business Support Team/DPO' to type 'String'
2026-02-15 01:24:38.316 DEBUG ConvertUtils:481 - Convert string 'e-ACPC System Administrator/OUTSOURCER/DPO' to class 'java.lang.String'
2026-02-15 01:24:38.316 DEBUG StringConverter:140 - Converting 'String' value 'e-ACPC System Administrator/OUTSOURCER/DPO' to type 'String'
2026-02-15 01:24:38.317 DEBUG ConvertUtils:481 - Convert string 'Edward BY CHEE/DPO' to class 'java.lang.String'
2026-02-15 01:24:38.317 DEBUG StringConverter:140 - Converting 'String' value 'Edward BY CHEE/DPO' to type 'String'
2026-02-15 01:24:38.317 DEBUG ConvertUtils:481 - Convert string 'e-CardHK Technical Support/DPO' to class 'java.lang.String'
2026-02-15 01:24:38.317 DEBUG StringConverter:140 - Converting 'String' value 'e-CardHK Technical Support/DPO' to type 'String'
2026-02-15 01:24:38.317 DEBUG ConvertUtils:481 - Convert string 'Eden CC KIM/DPO' to class 'java.lang.String'
2026-02-15 01:24:38.319 DEBUG StringConverter:140 - Converting 'String' value 'Eden CC KIM/DPO' to type 'String'
2026-02-15 01:24:38.319 DEBUG ConvertUtils:481 - Convert string 'Elvis CC LI/DPO' to class 'java.lang.String'
2026-02-15 01:24:38.319 DEBUG StringConverter:140 - Converting 'String' value 'Elvis CC LI/DPO' to type 'String'
2026-02-15 01:24:38.319 DEBUG ConvertUtils:481 - Convert string 'Edward CC WONG/DPO' to class 'java.lang.String'
2026-02-15 01:24:38.320 DEBUG StringConverter:140 - Converting 'String' value 'Edward CC WONG/DPO' to type 'String'
2026-02-15 01:24:38.320 DEBUG ConvertUtils:481 - Convert string 'Eli CF LAM/DPO' to class 'java.lang.String'
2026-02-15 01:24:38.320 DEBUG StringConverter:140 - Converting 'String' value 'Eli CF LAM/DPO' to type 'String'
2026-02-15 01:24:38.320 DEBUG ConvertUtils:481 - Convert string 'eacpc-support@digitalpolicy.gov.hk' to class 'java.lang.String'
2026-02-15 01:24:38.321 DEBUG StringConverter:140 - Converting 'String' value 'eacpc-support@digitalpolicy.gov.hk' to type 'String'
2026-02-15 01:24:38.321 DEBUG ConvertUtils:481 - Convert string 'Eddie CH CHEN/DPO' to class 'java.lang.String'
2026-02-15 01:24:38.321 DEBUG StringConverter:140 - Converting 'String' value 'Eddie CH CHEN/DPO' to type 'String'
2026-02-15 01:24:38.321 DEBUG ConvertUtils:481 - Convert string 'Edward CH LEUNG/DPO' to class 'java.lang.String'
2026-02-15 01:24:38.321 DEBUG StringConverter:140 - Converting 'String' value 'Edward CH LEUNG/DPO' to type 'String'
2026-02-15 01:24:38.322 DEBUG ConvertUtils:481 - Convert string 'Pay e-Cheque Portal Client Advisory/DPO' to class 'java.lang.String'
2026-02-15 01:24:38.322 DEBUG StringConverter:140 - Converting 'String' value 'Pay e-Cheque Portal Client Advisory/DPO' to type 'String'
2026-02-15 01:24:38.322 DEBUG ConvertUtils:481 - Convert string 'Pay e-Cheque Portal Support Team/DPO' to class 'java.lang.String'
2026-02-15 01:24:38.322 DEBUG StringConverter:140 - Converting 'String' value 'Pay e-Cheque Portal Support Team/DPO' to type 'String'
2026-02-15 01:24:38.322 DEBUG ConvertUtils:481 - Convert string 'Eddy CK CHEUNG/DPO' to class 'java.lang.String'
2026-02-15 01:24:38.322 DEBUG StringConverter:140 - Converting 'String' value 'Eddy CK CHEUNG/DPO' to type 'String'
2026-02-15 01:24:38.322 DEBUG ConvertUtils:481 - Convert string 'eacpc-admin@digitalpolicy.gov.hk' to class 'java.lang.String'
2026-02-15 01:24:38.323 DEBUG StringConverter:140 - Converting 'String' value 'eacpc-admin@digitalpolicy.gov.hk' to type 'String'
2026-02-15 01:24:38.323 DEBUG ConvertUtils:481 - Convert string 'ebsupport@digitalpolicy.gov.hk' to class 'java.lang.String'
2026-02-15 01:24:38.323 DEBUG StringConverter:140 - Converting 'String' value 'ebsupport@digitalpolicy.gov.hk' to type 'String'
2026-02-15 01:24:38.323 DEBUG ConvertUtils:481 - Convert string 'Edwin CK FOK/DPO' to class 'java.lang.String'
2026-02-15 01:24:38.323 DEBUG StringConverter:140 - Converting 'String' value 'Edwin CK FOK/DPO' to type 'String'
2026-02-15 01:24:38.323 DEBUG ConvertUtils:481 - Convert string 'eacpc_admin@digitalpolicy.gov.hk' to class 'java.lang.String'
2026-02-15 01:24:38.324 DEBUG StringConverter:140 - Converting 'String' value 'eacpc_admin@digitalpolicy.gov.hk' to type 'String'
2026-02-15 01:24:38.324 DEBUG ConvertUtils:481 - Convert string 'ebychee@digitalpolicy.gov.hk' to class 'java.lang.String'
2026-02-15 01:24:38.324 DEBUG StringConverter:140 - Converting 'String' value 'ebychee@digitalpolicy.gov.hk' to type 'String'
2026-02-15 01:24:38.324 DEBUG ConvertUtils:481 - Convert string 'e-cardhk_ts@digitalpolicy.gov.hk' to class 'java.lang.String'
2026-02-15 01:24:38.324 DEBUG StringConverter:140 - Converting 'String' value 'e-cardhk_ts@digitalpolicy.gov.hk' to type 'String'
2026-02-15 01:24:38.324 DEBUG ConvertUtils:481 - Convert string 'ecckim@digitalpolicy.gov.hk' to class 'java.lang.String'
2026-02-15 01:24:38.324 DEBUG StringConverter:140 - Converting 'String' value 'ecckim@digitalpolicy.gov.hk' to type 'String'
2026-02-15 01:24:38.324 DEBUG ConvertUtils:481 - Convert string 'eccli@digitalpolicy.gov.hk' to class 'java.lang.String'
2026-02-15 01:24:38.325 DEBUG StringConverter:140 - Converting 'String' value 'eccli@digitalpolicy.gov.hk' to type 'String'
2026-02-15 01:24:38.325 DEBUG ConvertUtils:481 - Convert string 'eccwong@digitalpolicy.gov.hk' to class 'java.lang.String'
2026-02-15 01:24:38.325 DEBUG StringConverter:140 - Converting 'String' value 'eccwong@digitalpolicy.gov.hk' to type 'String'
2026-02-15 01:24:38.325 DEBUG ConvertUtils:481 - Convert string 'ecflam@digitalpolicy.gov.hk' to class 'java.lang.String'
2026-02-15 01:24:38.325 DEBUG StringConverter:140 - Converting 'String' value 'ecflam@digitalpolicy.gov.hk' to type 'String'
2026-02-15 01:24:38.325 DEBUG ConvertUtils:481 - Convert string 'Eric CM AU/DPO' to class 'java.lang.String'
2026-02-15 01:24:38.325 DEBUG StringConverter:140 - Converting 'String' value 'Eric CM AU/DPO' to type 'String'
2026-02-15 01:24:38.325 DEBUG ConvertUtils:481 - Convert string 'echchen@digitalpolicy.gov.hk' to class 'java.lang.String'
2026-02-15 01:24:38.326 DEBUG StringConverter:140 - Converting 'String' value 'echchen@digitalpolicy.gov.hk' to type 'String'
2026-02-15 01:24:38.326 DEBUG ConvertUtils:481 - Convert string 'echleung@digitalpolicy.gov.hk' to class 'java.lang.String'
2026-02-15 01:24:38.326 DEBUG StringConverter:140 - Converting 'String' value 'echleung@digitalpolicy.gov.hk' to type 'String'
2026-02-15 01:24:38.326 DEBUG ConvertUtils:481 - Convert string 'echqpt_advisory@digitalpolicy.gov.hk' to class 'java.lang.String'
2026-02-15 01:24:38.326 DEBUG StringConverter:140 - Converting 'String' value 'echqpt_advisory@digitalpolicy.gov.hk' to type 'String'
2026-02-15 01:24:38.326 DEBUG ConvertUtils:481 - Convert string 'echqpt_support@digitalpolicy.gov.hk' to class 'java.lang.String'
2026-02-15 01:24:38.326 DEBUG StringConverter:140 - Converting 'String' value 'echqpt_support@digitalpolicy.gov.hk' to type 'String'
2026-02-15 01:24:38.327 DEBUG ConvertUtils:481 - Convert string 'eckcheung@digitalpolicy.gov.hk' to class 'java.lang.String'
2026-02-15 01:24:38.327 DEBUG StringConverter:140 - Converting 'String' value 'eckcheung@digitalpolicy.gov.hk' to type 'String'
2026-02-15 01:24:38.327 DEBUG ConvertUtils:481 - Convert string 'Edmond CM LAU/DPO' to class 'java.lang.String'
2026-02-15 01:24:38.327 DEBUG StringConverter:140 - Converting 'String' value 'Edmond CM LAU/DPO' to type 'String'
2026-02-15 01:24:38.327 DEBUG ConvertUtils:481 - Convert string 'Eric CM WONG/DPO' to class 'java.lang.String'
2026-02-15 01:24:38.327 DEBUG StringConverter:140 - Converting 'String' value 'Eric CM WONG/DPO' to type 'String'
2026-02-15 01:24:38.327 DEBUG ConvertUtils:481 - Convert string 'eckfok@digitalpolicy.gov.hk' to class 'java.lang.String'
2026-02-15 01:24:38.327 DEBUG StringConverter:140 - Converting 'String' value 'eckfok@digitalpolicy.gov.hk' to type 'String'
2026-02-15 01:24:38.328 DEBUG ConvertUtils:481 - Convert string 'Ethan CY CHONG/DPO' to class 'java.lang.String'
2026-02-15 01:24:38.328 DEBUG StringConverter:140 - Converting 'String' value 'Ethan CY CHONG/DPO' to type 'String'
2026-02-15 01:24:38.328 DEBUG ConvertUtils:481 - Convert string 'Eddy CY YIU/DPO' to class 'java.lang.String'
2026-02-15 01:24:38.328 DEBUG StringConverter:140 - Converting 'String' value 'Eddy CY YIU/DPO' to type 'String'
2026-02-15 01:24:38.328 DEBUG ConvertUtils:481 - Convert string 'Edgar SF WONG/DPO' to class 'java.lang.String'
2026-02-15 01:24:38.328 DEBUG StringConverter:140 - Converting 'String' value 'Edgar SF WONG/DPO' to type 'String'
2026-02-15 01:24:38.328 DEBUG ConvertUtils:481 - Convert string 'Edith KW MOK/DPO' to class 'java.lang.String'
2026-02-15 01:24:38.328 DEBUG StringConverter:140 - Converting 'String' value 'Edith KW MOK/DPO' to type 'String'
2026-02-15 01:24:38.329 DEBUG ConvertUtils:481 - Convert string 'Edmond YH CHAN/DPO' to class 'java.lang.String'
2026-02-15 01:24:38.329 DEBUG StringConverter:140 - Converting 'String' value 'Edmond YH CHAN/DPO' to type 'String'
2026-02-15 01:24:38.329 DEBUG ConvertUtils:481 - Convert string 'Edward KW NG/DPO' to class 'java.lang.String'
2026-02-15 01:24:38.329 DEBUG StringConverter:140 - Converting 'String' value 'Edward KW NG/DPO' to type 'String'
2026-02-15 01:24:38.329 DEBUG ConvertUtils:481 - Convert string 'DPO E-FAX Operator/DPO' to class 'java.lang.String'
2026-02-15 01:24:38.329 DEBUG StringConverter:140 - Converting 'String' value 'DPO E-FAX Operator/DPO' to type 'String'
2026-02-15 01:24:38.329 DEBUG ConvertUtils:481 - Convert string 'ecmau@digitalpolicy.gov.hk' to class 'java.lang.String'
2026-02-15 01:24:38.329 DEBUG StringConverter:140 - Converting 'String' value 'ecmau@digitalpolicy.gov.hk' to type 'String'
2026-02-15 01:24:38.329 DEBUG ConvertUtils:481 - Convert string 'DPO E-FAX Operator Supplies/DPO' to class 'java.lang.String'
2026-02-15 01:24:38.330 DEBUG StringConverter:140 - Converting 'String' value 'DPO E-FAX Operator Supplies/DPO' to type 'String'
2026-02-15 01:24:38.330 DEBUG ConvertUtils:481 - Convert string 'DPO E-FAX Operator IT/DPO' to class 'java.lang.String'
2026-02-15 01:24:38.330 DEBUG StringConverter:140 - Converting 'String' value 'DPO E-FAX Operator IT/DPO' to type 'String'
2026-02-15 01:24:38.330 DEBUG ConvertUtils:481 - Convert string 'DG IT Support2/DPO' to class 'java.lang.String'
2026-02-15 01:24:38.330 DEBUG StringConverter:140 - Converting 'String' value 'DG IT Support2/DPO' to type 'String'
2026-02-15 01:24:38.330 DEBUG ConvertUtils:481 - Convert string 'DPO User1 EFFO/DPO' to class 'java.lang.String'
2026-02-15 01:24:38.330 DEBUG StringConverter:140 - Converting 'String' value 'DPO User1 EFFO/DPO' to type 'String'
2026-02-15 01:24:38.330 DEBUG ConvertUtils:481 - Convert string 'Mobile User2 EFFO/DPO' to class 'java.lang.String'
2026-02-15 01:24:38.330 DEBUG StringConverter:140 - Converting 'String' value 'Mobile User2 EFFO/DPO' to type 'String'
2026-02-15 01:24:38.331 DEBUG ConvertUtils:481 - Convert string 'ecmlau@digitalpolicy.gov.hk' to class 'java.lang.String'
2026-02-15 01:24:38.331 DEBUG StringConverter:140 - Converting 'String' value 'ecmlau@digitalpolicy.gov.hk' to type 'String'
2026-02-15 01:24:38.331 DEBUG ConvertUtils:481 - Convert string 'ecmwong@digitalpolicy.gov.hk' to class 'java.lang.String'
2026-02-15 01:24:38.331 DEBUG StringConverter:140 - Converting 'String' value 'ecmwong@digitalpolicy.gov.hk' to type 'String'
2026-02-15 01:24:38.331 DEBUG ConvertUtils:481 - Convert string 'effomobuser4/DPO' to class 'java.lang.String'
2026-02-15 01:24:38.331 DEBUG StringConverter:140 - Converting 'String' value 'effomobuser4/DPO' to type 'String'
2026-02-15 01:24:38.331 DEBUG ConvertUtils:481 - Convert string 'ecychong@digitalpolicy.gov.hk' to class 'java.lang.String'
2026-02-15 01:24:38.331 DEBUG StringConverter:140 - Converting 'String' value 'ecychong@digitalpolicy.gov.hk' to type 'String'
2026-02-15 01:24:38.332 DEBUG ConvertUtils:481 - Convert string 'ecyyiu@digitalpolicy.gov.hk' to class 'java.lang.String'
2026-02-15 01:24:38.332 DEBUG StringConverter:140 - Converting 'String' value 'ecyyiu@digitalpolicy.gov.hk' to type 'String'
2026-02-15 01:24:38.332 DEBUG ConvertUtils:481 - Convert string 'edgarsiufaiwong@digitalpolicy.gov.hk' to class 'java.lang.String'
2026-02-15 01:24:38.332 DEBUG StringConverter:140 - Converting 'String' value 'edgarsiufaiwong@digitalpolicy.gov.hk' to type 'String'
2026-02-15 01:24:38.332 DEBUG ConvertUtils:481 - Convert string 'edithkwmok@digitalpolicy.gov.hk' to class 'java.lang.String'
2026-02-15 01:24:38.332 DEBUG StringConverter:140 - Converting 'String' value 'edithkwmok@digitalpolicy.gov.hk' to type 'String'
2026-02-15 01:24:38.333 DEBUG ConvertUtils:481 - Convert string 'edmondyhchan@digitalpolicy.gov.hk' to class 'java.lang.String'
2026-02-15 01:24:38.333 DEBUG StringConverter:140 - Converting 'String' value 'edmondyhchan@digitalpolicy.gov.hk' to type 'String'
2026-02-15 01:24:38.333 DEBUG ConvertUtils:481 - Convert string 'edwardkawaing@digitalpolicy.gov.hk' to class 'java.lang.String'
2026-02-15 01:24:38.333 DEBUG StringConverter:140 - Converting 'String' value 'edwardkawaing@digitalpolicy.gov.hk' to type 'String'
2026-02-15 01:24:38.333 DEBUG ConvertUtils:481 - Convert string 'e-fax@digitalpolicy.gov.hk' to class 'java.lang.String'
2026-02-15 01:24:38.333 DEBUG StringConverter:140 - Converting 'String' value 'e-fax@digitalpolicy.gov.hk' to type 'String'
2026-02-15 01:24:38.333 DEBUG ConvertUtils:481 - Convert string 'e-Form Support Team/DPO' to class 'java.lang.String'
2026-02-15 01:24:38.334 DEBUG StringConverter:140 - Converting 'String' value 'e-Form Support Team/DPO' to type 'String'
2026-02-15 01:24:38.334 DEBUG ConvertUtils:481 - Convert string 'efax_supplies_quotation@digitalpolicy.gov.hk' to class 'java.lang.String'
2026-02-15 01:24:38.334 DEBUG StringConverter:140 - Converting 'String' value 'efax_supplies_quotation@digitalpolicy.gov.hk' to type 'String'
2026-02-15 01:24:38.334 DEBUG ConvertUtils:481 - Convert string 'Edward HM LEE/DPO' to class 'java.lang.String'
2026-02-15 01:24:38.334 DEBUG StringConverter:140 - Converting 'String' value 'Edward HM LEE/DPO' to type 'String'
2026-02-15 01:24:38.335 DEBUG ConvertUtils:481 - Convert string 'e-fax-it@digitalpolicy.gov.hk' to class 'java.lang.String'
2026-02-15 01:24:38.335 DEBUG StringConverter:140 - Converting 'String' value 'e-fax-it@digitalpolicy.gov.hk' to type 'String'
2026-02-15 01:24:38.335 DEBUG ConvertUtils:481 - Convert string 'Eric HY MING/DPO' to class 'java.lang.String'
2026-02-15 01:24:38.335 DEBUG StringConverter:140 - Converting 'String' value 'Eric HY MING/DPO' to type 'String'
2026-02-15 01:24:38.335 DEBUG ConvertUtils:481 - Convert string 'ehyming@digitalpolicy.gov.hk' to class 'java.lang.String'
2026-02-15 01:24:38.336 DEBUG StringConverter:140 - Converting 'String' value 'ehyming@digitalpolicy.gov.hk' to type 'String'
2026-02-15 01:24:38.336 DEBUG ConvertUtils:481 - Convert string 'effoadmin@digitalpolicy.gov.hk' to class 'java.lang.String'
2026-02-15 01:24:38.336 DEBUG StringConverter:140 - Converting 'String' value 'effoadmin@digitalpolicy.gov.hk' to type 'String'
2026-02-15 01:24:38.336 DEBUG ConvertUtils:481 - Convert string 'effodpouser1@digitalpolicy.gov.hk' to class 'java.lang.String'
2026-02-15 01:24:38.336 DEBUG StringConverter:140 - Converting 'String' value 'effodpouser1@digitalpolicy.gov.hk' to type 'String'
2026-02-15 01:24:38.337 DEBUG ConvertUtils:481 - Convert string 'effomobuser2@digitalpolicy.gov.hk' to class 'java.lang.String'
2026-02-15 01:24:38.337 DEBUG StringConverter:140 - Converting 'String' value 'effomobuser2@digitalpolicy.gov.hk' to type 'String'
2026-02-15 01:24:38.337 DEBUG ConvertUtils:481 - Convert string 'eForm Development Account/DPO' to class 'java.lang.String'
2026-02-15 01:24:38.337 DEBUG StringConverter:140 - Converting 'String' value 'eForm Development Account/DPO' to type 'String'
2026-02-15 01:24:38.338 DEBUG ConvertUtils:481 - Convert string 'eformdevelopmentaccount@digitalpolicy.gov.hk' to class 'java.lang.String'
2026-02-15 01:24:38.338 DEBUG StringConverter:140 - Converting 'String' value 'eformdevelopmentaccount@digitalpolicy.gov.hk' to type 'String'
2026-02-15 01:24:38.338 DEBUG ConvertUtils:481 - Convert string 'EIMWG Secretary/DPO' to class 'java.lang.String'
2026-02-15 01:24:38.338 DEBUG StringConverter:140 - Converting 'String' value 'EIMWG Secretary/DPO' to type 'String'
2026-02-15 01:24:38.338 DEBUG ConvertUtils:481 - Convert string 'eForm Services/DPO' to class 'java.lang.String'
2026-02-15 01:24:38.339 DEBUG StringConverter:140 - Converting 'String' value 'eForm Services/DPO' to type 'String'
2026-02-15 01:24:38.339 DEBUG ConvertUtils:481 - Convert string 'eformservices@digitalpolicy.gov.hk' to class 'java.lang.String'
2026-02-15 01:24:38.339 DEBUG StringConverter:140 - Converting 'String' value 'eformservices@digitalpolicy.gov.hk' to type 'String'
2026-02-15 01:24:38.339 DEBUG ConvertUtils:481 - Convert string 'Eglus KC TAM/DPO' to class 'java.lang.String'
2026-02-15 01:24:38.340 DEBUG StringConverter:140 - Converting 'String' value 'Eglus KC TAM/DPO' to type 'String'
2026-02-15 01:24:38.340 DEBUG ConvertUtils:481 - Convert string 'ekctam@digitalpolicy.gov.hk' to class 'java.lang.String'
2026-02-15 01:24:38.340 DEBUG StringConverter:140 - Converting 'String' value 'ekctam@digitalpolicy.gov.hk' to type 'String'
2026-02-15 01:24:38.340 DEBUG ConvertUtils:481 - Convert string 'effomobuser4@digitalpolicy.gov.hk' to class 'java.lang.String'
2026-02-15 01:24:38.340 DEBUG StringConverter:140 - Converting 'String' value 'effomobuser4@digitalpolicy.gov.hk' to type 'String'
2026-02-15 01:24:38.340 DEBUG ConvertUtils:481 - Convert string 'Eric FY LAW/DPO' to class 'java.lang.String'
2026-02-15 01:24:38.341 DEBUG StringConverter:140 - Converting 'String' value 'Eric FY LAW/DPO' to type 'String'
2026-02-15 01:24:38.341 DEBUG ConvertUtils:481 - Convert string 'e-Government Audit Programme Office/DPO' to class 'java.lang.String'
2026-02-15 01:24:38.341 DEBUG StringConverter:140 - Converting 'String' value 'e-Government Audit Programme Office/DPO' to type 'String'
2026-02-15 01:24:38.341 DEBUG ConvertUtils:481 - Convert string 'EGIS Support Team/DPO' to class 'java.lang.String'
2026-02-15 01:24:38.341 DEBUG StringConverter:140 - Converting 'String' value 'EGIS Support Team/DPO' to type 'String'
2026-02-15 01:24:38.341 DEBUG ConvertUtils:481 - Convert string 'EGIS Support Contractor/OUTSOURCER/DPO' to class 'java.lang.String'
2026-02-15 01:24:38.342 DEBUG StringConverter:140 - Converting 'String' value 'EGIS Support Contractor/OUTSOURCER/DPO' to type 'String'
2026-02-15 01:24:38.342 DEBUG ConvertUtils:481 - Convert string 'EGIS Support Contractor - HP/OUTSOURCER/DPO' to class 'java.lang.String'
2026-02-15 01:24:38.342 DEBUG StringConverter:140 - Converting 'String' value 'EGIS Support Contractor - HP/OUTSOURCER/DPO' to type 'String'
2026-02-15 01:24:38.342 DEBUG ConvertUtils:481 - Convert string 'eHelpdesk/DPO' to class 'java.lang.String'
2026-02-15 01:24:38.342 DEBUG StringConverter:140 - Converting 'String' value 'eHelpdesk/DPO' to type 'String'
2026-02-15 01:24:38.342 DEBUG ConvertUtils:481 - Convert string 'eHelpdesk Test/DPO' to class 'java.lang.String'
2026-02-15 01:24:38.342 DEBUG StringConverter:140 - Converting 'String' value 'eHelpdesk Test/DPO' to type 'String'
2026-02-15 01:24:38.343 DEBUG ConvertUtils:481 - Convert string 'eform@digitalpolicy.gov.hk' to class 'java.lang.String'
2026-02-15 01:24:38.343 DEBUG StringConverter:140 - Converting 'String' value 'eform@digitalpolicy.gov.hk' to type 'String'
2026-02-15 01:24:38.343 DEBUG ConvertUtils:481 - Convert string 'ehmlee@digitalpolicy.gov.hk' to class 'java.lang.String'
2026-02-15 01:24:38.343 DEBUG StringConverter:140 - Converting 'String' value 'ehmlee@digitalpolicy.gov.hk' to type 'String'
2026-02-15 01:24:38.343 DEBUG ConvertUtils:481 - Convert string 'Edwin HY WONG/DPO' to class 'java.lang.String'
2026-02-15 01:24:38.343 DEBUG StringConverter:140 - Converting 'String' value 'Edwin HY WONG/DPO' to type 'String'
2026-02-15 01:24:38.343 DEBUG ConvertUtils:481 - Convert string 'EIM Programme Management Office/DPO' to class 'java.lang.String'
2026-02-15 01:24:38.344 DEBUG StringConverter:140 - Converting 'String' value 'EIM Programme Management Office/DPO' to type 'String'
2026-02-15 01:24:38.344 DEBUG ConvertUtils:481 - Convert string 'EIMS Support/DPO' to class 'java.lang.String'
2026-02-15 01:24:38.344 DEBUG StringConverter:140 - Converting 'String' value 'EIMS Support/DPO' to type 'String'
2026-02-15 01:24:38.344 DEBUG ConvertUtils:481 - Convert string 'EIMSG Secretary/DPO' to class 'java.lang.String'
2026-02-15 01:24:38.344 DEBUG StringConverter:140 - Converting 'String' value 'EIMSG Secretary/DPO' to type 'String'
2026-02-15 01:24:38.344 DEBUG ConvertUtils:481 - Convert string 'eimwg_secretary@digitalpolicy.gov.hk' to class 'java.lang.String'
2026-02-15 01:24:38.344 DEBUG StringConverter:140 - Converting 'String' value 'eimwg_secretary@digitalpolicy.gov.hk' to type 'String'
2026-02-15 01:24:38.344 DEBUG ConvertUtils:481 - Convert string 'Edward KL CHAN/DPO' to class 'java.lang.String'
2026-02-15 01:24:38.345 DEBUG StringConverter:140 - Converting 'String' value 'Edward KL CHAN/DPO' to type 'String'
2026-02-15 01:24:38.345 DEBUG ConvertUtils:481 - Convert string 'Edmund KM CHANG/DPO' to class 'java.lang.String'
2026-02-15 01:24:38.345 DEBUG StringConverter:140 - Converting 'String' value 'Edmund KM CHANG/DPO' to type 'String'
2026-02-15 01:24:38.345 DEBUG ConvertUtils:481 - Convert string 'efylaw@digitalpolicy.gov.hk' to class 'java.lang.String'
2026-02-15 01:24:38.345 DEBUG StringConverter:140 - Converting 'String' value 'efylaw@digitalpolicy.gov.hk' to type 'String'
2026-02-15 01:24:38.345 DEBUG ConvertUtils:481 - Convert string 'egapo@digitalpolicy.gov.hk' to class 'java.lang.String'
2026-02-15 01:24:38.345 DEBUG StringConverter:140 - Converting 'String' value 'egapo@digitalpolicy.gov.hk' to type 'String'
2026-02-15 01:24:38.345 DEBUG ConvertUtils:481 - Convert string 'egis_support@digitalpolicy.gov.hk' to class 'java.lang.String'
2026-02-15 01:24:38.346 DEBUG StringConverter:140 - Converting 'String' value 'egis_support@digitalpolicy.gov.hk' to type 'String'
2026-02-15 01:24:38.346 DEBUG ConvertUtils:481 - Convert string 'egis_support_contractor@digitalpolicy.gov.hk' to class 'java.lang.String'
2026-02-15 01:24:38.346 DEBUG StringConverter:140 - Converting 'String' value 'egis_support_contractor@digitalpolicy.gov.hk' to type 'String'
2026-02-15 01:24:38.346 DEBUG ConvertUtils:481 - Convert string 'egis_support_contractor_hp@digitalpolicy.gov.hk' to class 'java.lang.String'
2026-02-15 01:24:38.346 DEBUG StringConverter:140 - Converting 'String' value 'egis_support_contractor_hp@digitalpolicy.gov.hk' to type 'String'
2026-02-15 01:24:38.346 DEBUG ConvertUtils:481 - Convert string 'ehelpdesk@digitalpolicy.gov.hk' to class 'java.lang.String'
2026-02-15 01:24:38.346 DEBUG StringConverter:140 - Converting 'String' value 'ehelpdesk@digitalpolicy.gov.hk' to type 'String'
2026-02-15 01:24:38.347 DEBUG ConvertUtils:481 - Convert string 'ehelpdesktest@digitalpolicy.gov.hk' to class 'java.lang.String'
2026-02-15 01:24:38.347 DEBUG StringConverter:140 - Converting 'String' value 'ehelpdesktest@digitalpolicy.gov.hk' to type 'String'
2026-02-15 01:24:38.347 DEBUG ConvertUtils:481 - Convert string 'Eric KS LAU/DPO' to class 'java.lang.String'
2026-02-15 01:24:38.347 DEBUG StringConverter:140 - Converting 'String' value 'Eric KS LAU/DPO' to type 'String'
2026-02-15 01:24:38.347 DEBUG ConvertUtils:481 - Convert string 'Eric KS WONG/DPO' to class 'java.lang.String'
2026-02-15 01:24:38.347 DEBUG StringConverter:140 - Converting 'String' value 'Eric KS WONG/DPO' to type 'String'
2026-02-15 01:24:38.347 DEBUG ConvertUtils:481 - Convert string 'ehywong@digitalpolicy.gov.hk' to class 'java.lang.String'
2026-02-15 01:24:38.348 DEBUG StringConverter:140 - Converting 'String' value 'ehywong@digitalpolicy.gov.hk' to type 'String'
2026-02-15 01:24:38.348 DEBUG ConvertUtils:481 - Convert string 'eimpmo@digitalpolicy.gov.hk' to class 'java.lang.String'
2026-02-15 01:24:38.348 DEBUG StringConverter:140 - Converting 'String' value 'eimpmo@digitalpolicy.gov.hk' to type 'String'
2026-02-15 01:24:38.348 DEBUG ConvertUtils:481 - Convert string 'eims_support@digitalpolicy.gov.hk' to class 'java.lang.String'
2026-02-15 01:24:38.348 DEBUG StringConverter:140 - Converting 'String' value 'eims_support@digitalpolicy.gov.hk' to type 'String'
2026-02-15 01:24:38.348 DEBUG ConvertUtils:481 - Convert string 'eimsg_secretary@digitalpolicy.gov.hk' to class 'java.lang.String'
2026-02-15 01:24:38.348 DEBUG StringConverter:140 - Converting 'String' value 'eimsg_secretary@digitalpolicy.gov.hk' to type 'String'
2026-02-15 01:24:38.349 DEBUG ConvertUtils:481 - Convert string 'Erik KT LUI/DPO' to class 'java.lang.String'
2026-02-15 01:24:38.349 DEBUG StringConverter:140 - Converting 'String' value 'Erik KT LUI/DPO' to type 'String'
2026-02-15 01:24:38.349 DEBUG ConvertUtils:481 - Convert string 'eklchan@digitalpolicy.gov.hk' to class 'java.lang.String'
2026-02-15 01:24:38.349 DEBUG StringConverter:140 - Converting 'String' value 'eklchan@digitalpolicy.gov.hk' to type 'String'
2026-02-15 01:24:38.349 DEBUG ConvertUtils:481 - Convert string 'ekmchang@digitalpolicy.gov.hk' to class 'java.lang.String'
2026-02-15 01:24:38.349 DEBUG StringConverter:140 - Converting 'String' value 'ekmchang@digitalpolicy.gov.hk' to type 'String'
2026-02-15 01:24:38.350 DEBUG ConvertUtils:481 - Convert string 'Eric KW LAM/DPO' to class 'java.lang.String'
2026-02-15 01:24:38.350 DEBUG StringConverter:140 - Converting 'String' value 'Eric KW LAM/DPO' to type 'String'
2026-02-15 01:24:38.350 DEBUG ConvertUtils:481 - Convert string 'Edmond KW MOK/DPO' to class 'java.lang.String'
2026-02-15 01:24:38.350 DEBUG StringConverter:140 - Converting 'String' value 'Edmond KW MOK/DPO' to type 'String'
2026-02-15 01:24:38.350 DEBUG ConvertUtils:481 - Convert string 'Eric KY YIP/DPO' to class 'java.lang.String'
2026-02-15 01:24:38.350 DEBUG StringConverter:140 - Converting 'String' value 'Eric KY YIP/DPO' to type 'String'
2026-02-15 01:24:38.350 DEBUG ConvertUtils:481 - Convert string 'Elderly ICT Programme Office/DPO' to class 'java.lang.String'
2026-02-15 01:24:38.350 DEBUG StringConverter:140 - Converting 'String' value 'Elderly ICT Programme Office/DPO' to type 'String'
2026-02-15 01:24:38.351 DEBUG ConvertUtils:481 - Convert string 'Elderly ICT Programme Application/DPO' to class 'java.lang.String'
2026-02-15 01:24:38.351 DEBUG StringConverter:140 - Converting 'String' value 'Elderly ICT Programme Application/DPO' to type 'String'
2026-02-15 01:24:38.351 DEBUG ConvertUtils:481 - Convert string 'DPO e-Library System/DPO' to class 'java.lang.String'
2026-02-15 01:24:38.351 DEBUG StringConverter:140 - Converting 'String' value 'DPO e-Library System/DPO' to type 'String'
2026-02-15 01:24:38.351 DEBUG ConvertUtils:481 - Convert string 'Elly LK YEUNG/DPO' to class 'java.lang.String'
2026-02-15 01:24:38.351 DEBUG StringConverter:140 - Converting 'String' value 'Elly LK YEUNG/DPO' to type 'String'
2026-02-15 01:24:38.351 DEBUG ConvertUtils:481 - Convert string 'ekslau@digitalpolicy.gov.hk' to class 'java.lang.String'
2026-02-15 01:24:38.351 DEBUG StringConverter:140 - Converting 'String' value 'ekslau@digitalpolicy.gov.hk' to type 'String'
2026-02-15 01:24:38.352 DEBUG ConvertUtils:481 - Convert string 'ekswong@digitalpolicy.gov.hk' to class 'java.lang.String'
2026-02-15 01:24:38.352 DEBUG StringConverter:140 - Converting 'String' value 'ekswong@digitalpolicy.gov.hk' to type 'String'
2026-02-15 01:24:38.352 DEBUG ConvertUtils:481 - Convert string 'Emma LY LI/DPO' to class 'java.lang.String'
2026-02-15 01:24:38.352 DEBUG StringConverter:140 - Converting 'String' value 'Emma LY LI/DPO' to type 'String'
2026-02-15 01:24:38.352 DEBUG ConvertUtils:481 - Convert string 'EMAN System Support/DPO' to class 'java.lang.String'
2026-02-15 01:24:38.352 DEBUG StringConverter:140 - Converting 'String' value 'EMAN System Support/DPO' to type 'String'
2026-02-15 01:24:38.352 DEBUG ConvertUtils:481 - Convert string 'Edwin MC WOO/DPO' to class 'java.lang.String'
2026-02-15 01:24:38.352 DEBUG StringConverter:140 - Converting 'String' value 'Edwin MC WOO/DPO' to type 'String'
2026-02-15 01:24:38.353 DEBUG ConvertUtils:481 - Convert string 'Edward MK SO/DPO' to class 'java.lang.String'
2026-02-15 01:24:38.353 DEBUG StringConverter:140 - Converting 'String' value 'Edward MK SO/DPO' to type 'String'
2026-02-15 01:24:38.353 DEBUG ConvertUtils:481 - Convert string 'ektlui@digitalpolicy.gov.hk' to class 'java.lang.String'
2026-02-15 01:24:38.353 DEBUG StringConverter:140 - Converting 'String' value 'ektlui@digitalpolicy.gov.hk' to type 'String'
2026-02-15 01:24:38.353 DEBUG ConvertUtils:481 - Convert string 'Elmen ML YAU/DPO' to class 'java.lang.String'
2026-02-15 01:24:38.353 DEBUG StringConverter:140 - Converting 'String' value 'Elmen ML YAU/DPO' to type 'String'
2026-02-15 01:24:38.353 DEBUG ConvertUtils:481 - Convert string 'Edwin MT LO/DPO' to class 'java.lang.String'
2026-02-15 01:24:38.354 DEBUG StringConverter:140 - Converting 'String' value 'Edwin MT LO/DPO' to type 'String'
2026-02-15 01:24:38.354 DEBUG ConvertUtils:481 - Convert string 'ekwlam@digitalpolicy.gov.hk' to class 'java.lang.String'
2026-02-15 01:24:38.354 DEBUG StringConverter:140 - Converting 'String' value 'ekwlam@digitalpolicy.gov.hk' to type 'String'
2026-02-15 01:24:38.354 DEBUG ConvertUtils:481 - Convert string 'ekwmok@digitalpolicy.gov.hk' to class 'java.lang.String'
2026-02-15 01:24:38.354 DEBUG StringConverter:140 - Converting 'String' value 'ekwmok@digitalpolicy.gov.hk' to type 'String'
2026-02-15 01:24:38.354 DEBUG ConvertUtils:481 - Convert string 'ekyyip@digitalpolicy.gov.hk' to class 'java.lang.String'
2026-02-15 01:24:38.354 DEBUG StringConverter:140 - Converting 'String' value 'ekyyip@digitalpolicy.gov.hk' to type 'String'
2026-02-15 01:24:38.354 DEBUG ConvertUtils:481 - Convert string 'elderlyict@digitalpolicy.gov.hk' to class 'java.lang.String'
2026-02-15 01:24:38.355 DEBUG StringConverter:140 - Converting 'String' value 'elderlyict@digitalpolicy.gov.hk' to type 'String'
2026-02-15 01:24:38.355 DEBUG ConvertUtils:481 - Convert string 'elderlyict-appl@digitalpolicy.gov.hk' to class 'java.lang.String'
2026-02-15 01:24:38.355 DEBUG StringConverter:140 - Converting 'String' value 'elderlyict-appl@digitalpolicy.gov.hk' to type 'String'
2026-02-15 01:24:38.355 DEBUG ConvertUtils:481 - Convert string 'e-lib_system@digitalpolicy.gov.hk' to class 'java.lang.String'
2026-02-15 01:24:38.355 DEBUG StringConverter:140 - Converting 'String' value 'e-lib_system@digitalpolicy.gov.hk' to type 'String'
2026-02-15 01:24:38.355 DEBUG ConvertUtils:481 - Convert string 'elkyeung@digitalpolicy.gov.hk' to class 'java.lang.String'
2026-02-15 01:24:38.355 DEBUG StringConverter:140 - Converting 'String' value 'elkyeung@digitalpolicy.gov.hk' to type 'String'
2026-02-15 01:24:38.355 DEBUG ConvertUtils:481 - Convert string 'Eric MW CHAN/DPO' to class 'java.lang.String'
2026-02-15 01:24:38.356 DEBUG StringConverter:140 - Converting 'String' value 'Eric MW CHAN/DPO' to type 'String'
2026-02-15 01:24:38.356 DEBUG ConvertUtils:481 - Convert string 'Eric MY WONG/DPO' to class 'java.lang.String'
2026-02-15 01:24:38.356 DEBUG StringConverter:140 - Converting 'String' value 'Eric MY WONG/DPO' to type 'String'
2026-02-15 01:24:38.357 DEBUG ConvertUtils:481 - Convert string 'elyli@digitalpolicy.gov.hk' to class 'java.lang.String'
2026-02-15 01:24:38.357 DEBUG StringConverter:140 - Converting 'String' value 'elyli@digitalpolicy.gov.hk' to type 'String'
2026-02-15 01:24:38.357 DEBUG ConvertUtils:481 - Convert string 'eman_system_support@digitalpolicy.gov.hk' to class 'java.lang.String'
2026-02-15 01:24:38.357 DEBUG StringConverter:140 - Converting 'String' value 'eman_system_support@digitalpolicy.gov.hk' to type 'String'
2026-02-15 01:24:38.357 DEBUG ConvertUtils:481 - Convert string 'emcwoo@digitalpolicy.gov.hk' to class 'java.lang.String'
2026-02-15 01:24:38.357 DEBUG StringConverter:140 - Converting 'String' value 'emcwoo@digitalpolicy.gov.hk' to type 'String'
2026-02-15 01:24:38.358 DEBUG ConvertUtils:481 - Convert string 'emkso@digitalpolicy.gov.hk' to class 'java.lang.String'
2026-02-15 01:24:38.358 DEBUG StringConverter:140 - Converting 'String' value 'emkso@digitalpolicy.gov.hk' to type 'String'
2026-02-15 01:24:38.358 DEBUG ConvertUtils:481 - Convert string 'DPO Homepage e-Newsletter/DPO' to class 'java.lang.String'
2026-02-15 01:24:38.358 DEBUG StringConverter:140 - Converting 'String' value 'DPO Homepage e-Newsletter/DPO' to type 'String'
2026-02-15 01:24:38.358 DEBUG ConvertUtils:481 - Convert string 'emlyau@digitalpolicy.gov.hk' to class 'java.lang.String'
2026-02-15 01:24:38.358 DEBUG StringConverter:140 - Converting 'String' value 'emlyau@digitalpolicy.gov.hk' to type 'String'
2026-02-15 01:24:38.358 DEBUG ConvertUtils:481 - Convert string 'emtlo@digitalpolicy.gov.hk' to class 'java.lang.String'
2026-02-15 01:24:38.359 DEBUG StringConverter:140 - Converting 'String' value 'emtlo@digitalpolicy.gov.hk' to type 'String'
2026-02-15 01:24:38.359 DEBUG ConvertUtils:481 - Convert string 'Elia NL WONG/DPO' to class 'java.lang.String'
2026-02-15 01:24:38.359 DEBUG StringConverter:140 - Converting 'String' value 'Elia NL WONG/DPO' to type 'String'
2026-02-15 01:24:38.359 DEBUG ConvertUtils:481 - Convert string 'eNotification GovIT Tenders/DPO' to class 'java.lang.String'
2026-02-15 01:24:38.359 DEBUG StringConverter:140 - Converting 'String' value 'eNotification GovIT Tenders/DPO' to type 'String'
2026-02-15 01:24:38.359 DEBUG ConvertUtils:481 - Convert string 'CBPS Enquiry' to class 'java.lang.String'
2026-02-15 01:24:38.359 DEBUG StringConverter:140 - Converting 'String' value 'CBPS Enquiry' to type 'String'
2026-02-15 01:24:38.360 DEBUG ConvertUtils:481 - Convert string 'DPO Enquiry/DPO' to class 'java.lang.String'
2026-02-15 01:24:38.360 DEBUG StringConverter:140 - Converting 'String' value 'DPO Enquiry/DPO' to type 'String'
2026-02-15 01:24:38.360 DEBUG ConvertUtils:481 - Convert string 'e-TS Enquiry/DPO' to class 'java.lang.String'
2026-02-15 01:24:38.360 DEBUG StringConverter:140 - Converting 'String' value 'e-TS Enquiry/DPO' to type 'String'
2026-02-15 01:24:38.360 DEBUG ConvertUtils:481 - Convert string 'Idea Enquiry/DPO' to class 'java.lang.String'
2026-02-15 01:24:38.360 DEBUG StringConverter:140 - Converting 'String' value 'Idea Enquiry/DPO' to type 'String'
2026-02-15 01:24:38.360 DEBUG ConvertUtils:481 - Convert string 'DPO Enquiry GR/DPO' to class 'java.lang.String'
2026-02-15 01:24:38.360 DEBUG StringConverter:140 - Converting 'String' value 'DPO Enquiry GR/DPO' to type 'String'
2026-02-15 01:24:38.360 DEBUG ConvertUtils:481 - Convert string 'emwchan@digitalpolicy.gov.hk' to class 'java.lang.String'
2026-02-15 01:24:38.361 DEBUG StringConverter:140 - Converting 'String' value 'emwchan@digitalpolicy.gov.hk' to type 'String'
2026-02-15 01:24:38.361 DEBUG ConvertUtils:481 - Convert string 'emywong@digitalpolicy.gov.hk' to class 'java.lang.String'
2026-02-15 01:24:38.361 DEBUG StringConverter:140 - Converting 'String' value 'emywong@digitalpolicy.gov.hk' to type 'String'
2026-02-15 01:24:38.361 DEBUG ConvertUtils:481 - Convert string 'Vaccine Booking Enquiry/DPO' to class 'java.lang.String'
2026-02-15 01:24:38.361 DEBUG StringConverter:140 - Converting 'String' value 'Vaccine Booking Enquiry/DPO' to type 'String'
2026-02-15 01:24:38.361 DEBUG ConvertUtils:481 - Convert string 'e-TS Enquiry CS/DPO' to class 'java.lang.String'
2026-02-15 01:24:38.361 DEBUG StringConverter:140 - Converting 'String' value 'e-TS Enquiry CS/DPO' to type 'String'
2026-02-15 01:24:38.361 DEBUG ConvertUtils:481 - Convert string 'GovHK Enquiry Review/DPO' to class 'java.lang.String'
2026-02-15 01:24:38.361 DEBUG StringConverter:140 - Converting 'String' value 'GovHK Enquiry Review/DPO' to type 'String'
2026-02-15 01:24:38.362 DEBUG ConvertUtils:481 - Convert string 'Esprit PK LEUNG/DPO' to class 'java.lang.String'
2026-02-15 01:24:38.362 DEBUG StringConverter:140 - Converting 'String' value 'Esprit PK LEUNG/DPO' to type 'String'
2026-02-15 01:24:38.362 DEBUG ConvertUtils:481 - Convert string 'enews@digitalpolicy.gov.hk' to class 'java.lang.String'
2026-02-15 01:24:38.362 DEBUG StringConverter:140 - Converting 'String' value 'enews@digitalpolicy.gov.hk' to type 'String'
2026-02-15 01:24:38.362 DEBUG ConvertUtils:481 - Convert string 'Edith PM CHUI/DPO' to class 'java.lang.String'
2026-02-15 01:24:38.362 DEBUG StringConverter:140 - Converting 'String' value 'Edith PM CHUI/DPO' to type 'String'
2026-02-15 01:24:38.362 DEBUG ConvertUtils:481 - Convert string 'E-Procurement Service Support/OUTSOURCER/DPO' to class 'java.lang.String'
2026-02-15 01:24:38.362 DEBUG StringConverter:140 - Converting 'String' value 'E-Procurement Service Support/OUTSOURCER/DPO' to type 'String'
2026-02-15 01:24:38.362 DEBUG ConvertUtils:481 - Convert string 'enlwong@digitalpolicy.gov.hk' to class 'java.lang.String'
2026-02-15 01:24:38.362 DEBUG StringConverter:140 - Converting 'String' value 'enlwong@digitalpolicy.gov.hk' to type 'String'
2026-02-15 01:24:38.363 DEBUG ConvertUtils:481 - Convert string 'enotification_govit_tenders@digitalpolicy.gov.hk' to class 'java.lang.String'
2026-02-15 01:24:38.363 DEBUG StringConverter:140 - Converting 'String' value 'enotification_govit_tenders@digitalpolicy.gov.hk' to type 'String'
2026-02-15 01:24:38.363 DEBUG ConvertUtils:481 - Convert string 'enquiry@crossboundaryservices.gov.hk' to class 'java.lang.String'
2026-02-15 01:24:38.363 DEBUG StringConverter:140 - Converting 'String' value 'enquiry@crossboundaryservices.gov.hk' to type 'String'
2026-02-15 01:24:38.363 DEBUG ConvertUtils:481 - Convert string 'enquiry@digitalpolicy.gov.hk' to class 'java.lang.String'
2026-02-15 01:24:38.363 DEBUG StringConverter:140 - Converting 'String' value 'enquiry@digitalpolicy.gov.hk' to type 'String'
2026-02-15 01:24:38.363 DEBUG ConvertUtils:481 - Convert string 'enquiry@ets.gov.hk' to class 'java.lang.String'
2026-02-15 01:24:38.363 DEBUG StringConverter:140 - Converting 'String' value 'enquiry@ets.gov.hk' to type 'String'
2026-02-15 01:24:38.363 DEBUG ConvertUtils:481 - Convert string 'enquiry@idea.gov.hk' to class 'java.lang.String'
2026-02-15 01:24:38.363 DEBUG StringConverter:140 - Converting 'String' value 'enquiry@idea.gov.hk' to type 'String'
2026-02-15 01:24:38.364 DEBUG ConvertUtils:481 - Convert string 'enquiry_gr@digitalpolicy.gov.hk' to class 'java.lang.String'
2026-02-15 01:24:38.364 DEBUG StringConverter:140 - Converting 'String' value 'enquiry_gr@digitalpolicy.gov.hk' to type 'String'
2026-02-15 01:24:38.364 DEBUG ConvertUtils:481 - Convert string 'E-Procurement Programme Management Office/DPO' to class 'java.lang.String'
2026-02-15 01:24:38.364 DEBUG StringConverter:140 - Converting 'String' value 'E-Procurement Programme Management Office/DPO' to type 'String'
2026-02-15 01:24:38.364 DEBUG ConvertUtils:481 - Convert string 'Eric SH CHAN/DPO' to class 'java.lang.String'
2026-02-15 01:24:38.364 DEBUG StringConverter:140 - Converting 'String' value 'Eric SH CHAN/DPO' to type 'String'
2026-02-15 01:24:38.364 DEBUG ConvertUtils:481 - Convert string 'enquiry_vaccinebooking@digitalpolicy.gov.hk' to class 'java.lang.String'
2026-02-15 01:24:38.364 DEBUG StringConverter:140 - Converting 'String' value 'enquiry_vaccinebooking@digitalpolicy.gov.hk' to type 'String'
2026-02-15 01:24:38.364 DEBUG ConvertUtils:481 - Convert string 'enquiry-cs@ets.gov.hk' to class 'java.lang.String'
2026-02-15 01:24:38.364 DEBUG StringConverter:140 - Converting 'String' value 'enquiry-cs@ets.gov.hk' to type 'String'
2026-02-15 01:24:38.364 DEBUG ConvertUtils:481 - Convert string 'enquiryreview@digitalpolicy.gov.hk' to class 'java.lang.String'
2026-02-15 01:24:38.364 DEBUG StringConverter:140 - Converting 'String' value 'enquiryreview@digitalpolicy.gov.hk' to type 'String'
2026-02-15 01:24:38.365 DEBUG ConvertUtils:481 - Convert string 'epkleung@digitalpolicy.gov.hk' to class 'java.lang.String'
2026-02-15 01:24:38.365 DEBUG StringConverter:140 - Converting 'String' value 'epkleung@digitalpolicy.gov.hk' to type 'String'
2026-02-15 01:24:38.365 DEBUG ConvertUtils:481 - Convert string 'Eric LEUNG/DPO' to class 'java.lang.String'
2026-02-15 01:24:38.365 DEBUG StringConverter:140 - Converting 'String' value 'Eric LEUNG/DPO' to type 'String'
2026-02-15 01:24:38.365 DEBUG ConvertUtils:481 - Convert string 'epmchui@digitalpolicy.gov.hk' to class 'java.lang.String'
2026-02-15 01:24:38.365 DEBUG StringConverter:140 - Converting 'String' value 'epmchui@digitalpolicy.gov.hk' to type 'String'
2026-02-15 01:24:38.365 DEBUG ConvertUtils:481 - Convert string 'eppmgmtoff@digitalpolicy.gov.hk' to class 'java.lang.String'
2026-02-15 01:24:38.365 DEBUG StringConverter:140 - Converting 'String' value 'eppmgmtoff@digitalpolicy.gov.hk' to type 'String'
2026-02-15 01:24:38.365 DEBUG ConvertUtils:481 - Convert string 'ERKS Coordinator/DPO' to class 'java.lang.String'
2026-02-15 01:24:38.365 DEBUG StringConverter:140 - Converting 'String' value 'ERKS Coordinator/DPO' to type 'String'
2026-02-15 01:24:38.365 DEBUG ConvertUtils:481 - Convert string 'ERKS S1 Support Contractor/OUTSOURCER/DPO' to class 'java.lang.String'
2026-02-15 01:24:38.365 DEBUG StringConverter:140 - Converting 'String' value 'ERKS S1 Support Contractor/OUTSOURCER/DPO' to type 'String'
2026-02-15 01:24:38.367 DEBUG ConvertUtils:481 - Convert string 'ERKS Support/DPO' to class 'java.lang.String'
2026-02-15 01:24:38.367 DEBUG StringConverter:140 - Converting 'String' value 'ERKS Support/DPO' to type 'String'
2026-02-15 01:24:38.367 DEBUG ConvertUtils:481 - Convert string 'ERKS S1 Support Team/DPO' to class 'java.lang.String'
2026-02-15 01:24:38.367 DEBUG StringConverter:140 - Converting 'String' value 'ERKS S1 Support Team/DPO' to type 'String'
2026-02-15 01:24:38.367 DEBUG ConvertUtils:481 - Convert string 'Ernest YC YEUNG/DPO' to class 'java.lang.String'
2026-02-15 01:24:38.367 DEBUG StringConverter:140 - Converting 'String' value 'Ernest YC YEUNG/DPO' to type 'String'
2026-02-15 01:24:38.367 DEBUG ConvertUtils:481 - Convert string 'Eric SC LAM/DPO' to class 'java.lang.String'
2026-02-15 01:24:38.367 DEBUG StringConverter:140 - Converting 'String' value 'Eric SC LAM/DPO' to type 'String'
2026-02-15 01:24:38.367 DEBUG ConvertUtils:481 - Convert string 'e-Service Information Portal Support Office/DPO' to class 'java.lang.String'
2026-02-15 01:24:38.368 DEBUG StringConverter:140 - Converting 'String' value 'e-Service Information Portal Support Office/DPO' to type 'String'
2026-02-15 01:24:38.368 DEBUG ConvertUtils:481 - Convert string 'eppmo@digitalpolicy.gov.hk' to class 'java.lang.String'
2026-02-15 01:24:38.368 DEBUG StringConverter:140 - Converting 'String' value 'eppmo@digitalpolicy.gov.hk' to type 'String'
2026-02-15 01:24:38.368 DEBUG ConvertUtils:481 - Convert string 'ericshchan@digitalpolicy.gov.hk' to class 'java.lang.String'
2026-02-15 01:24:38.368 DEBUG StringConverter:140 - Converting 'String' value 'ericshchan@digitalpolicy.gov.hk' to type 'String'
2026-02-15 01:24:38.368 DEBUG ConvertUtils:481 - Convert string 'Edward SH CHAN/DPO' to class 'java.lang.String'
2026-02-15 01:24:38.368 DEBUG StringConverter:140 - Converting 'String' value 'Edward SH CHAN/DPO' to type 'String'
2026-02-15 01:24:38.368 DEBUG ConvertUtils:481 - Convert string 'Eva SM LO/DPO' to class 'java.lang.String'
2026-02-15 01:24:38.368 DEBUG StringConverter:140 - Converting 'String' value 'Eva SM LO/DPO' to type 'String'
2026-02-15 01:24:38.368 DEBUG ConvertUtils:481 - Convert string 'Eva SP LING/DPO' to class 'java.lang.String'
2026-02-15 01:24:38.368 DEBUG StringConverter:140 - Converting 'String' value 'Eva SP LING/DPO' to type 'String'
2026-02-15 01:24:38.368 DEBUG ConvertUtils:481 - Convert string 'Esports Facilitation/DPO' to class 'java.lang.String'
2026-02-15 01:24:38.368 DEBUG StringConverter:140 - Converting 'String' value 'Esports Facilitation/DPO' to type 'String'
2026-02-15 01:24:38.368 DEBUG ConvertUtils:481 - Convert string 'ericskleung@digitalpolicy.gov.hk' to class 'java.lang.String'
2026-02-15 01:24:38.368 DEBUG StringConverter:140 - Converting 'String' value 'ericskleung@digitalpolicy.gov.hk' to type 'String'
2026-02-15 01:24:38.369 DEBUG ConvertUtils:481 - Convert string 'eSP Support Team/DPO' to class 'java.lang.String'
2026-02-15 01:24:38.369 DEBUG StringConverter:140 - Converting 'String' value 'eSP Support Team/DPO' to type 'String'
2026-02-15 01:24:38.369 DEBUG ConvertUtils:481 - Convert string 'Elvin SW LEE/DPO' to class 'java.lang.String'
2026-02-15 01:24:38.369 DEBUG StringConverter:140 - Converting 'String' value 'Elvin SW LEE/DPO' to type 'String'
2026-02-15 01:24:38.369 DEBUG ConvertUtils:481 - Convert string 'erks_coordinator@digitalpolicy.gov.hk' to class 'java.lang.String'
2026-02-15 01:24:38.369 DEBUG StringConverter:140 - Converting 'String' value 'erks_coordinator@digitalpolicy.gov.hk' to type 'String'
2026-02-15 01:24:38.369 DEBUG ConvertUtils:481 - Convert string 'erks_s1_support_contractor@digitalpolicy.gov.hk' to class 'java.lang.String'
2026-02-15 01:24:38.369 DEBUG StringConverter:140 - Converting 'String' value 'erks_s1_support_contractor@digitalpolicy.gov.hk' to type 'String'
2026-02-15 01:24:38.369 DEBUG ConvertUtils:481 - Convert string 'erks_support@digitalpolicy.gov.hk' to class 'java.lang.String'
2026-02-15 01:24:38.369 DEBUG StringConverter:140 - Converting 'String' value 'erks_support@digitalpolicy.gov.hk' to type 'String'
2026-02-15 01:24:38.369 DEBUG ConvertUtils:481 - Convert string 'erkss1supportteam@digitalpolicy.gov.hk' to class 'java.lang.String'
2026-02-15 01:24:38.369 DEBUG StringConverter:140 - Converting 'String' value 'erkss1supportteam@digitalpolicy.gov.hk' to type 'String'
2026-02-15 01:24:38.370 DEBUG ConvertUtils:481 - Convert string 'ernestycyeung@digitalpolicy.gov.hk' to class 'java.lang.String'
2026-02-15 01:24:38.370 DEBUG StringConverter:140 - Converting 'String' value 'ernestycyeung@digitalpolicy.gov.hk' to type 'String'
2026-02-15 01:24:38.370 DEBUG ConvertUtils:481 - Convert string 'esclam@digitalpolicy.gov.hk' to class 'java.lang.String'
2026-02-15 01:24:38.370 DEBUG StringConverter:140 - Converting 'String' value 'esclam@digitalpolicy.gov.hk' to type 'String'
2026-02-15 01:24:38.370 DEBUG ConvertUtils:481 - Convert string 'e-serviceipso@digitalpolicy.gov.hk' to class 'java.lang.String'
2026-02-15 01:24:38.370 DEBUG StringConverter:140 - Converting 'String' value 'e-serviceipso@digitalpolicy.gov.hk' to type 'String'
2026-02-15 01:24:38.370 DEBUG ConvertUtils:481 - Convert string 'Eddie SW LI/DPO' to class 'java.lang.String'
2026-02-15 01:24:38.370 DEBUG StringConverter:140 - Converting 'String' value 'Eddie SW LI/DPO' to type 'String'
2026-02-15 01:24:38.370 DEBUG ConvertUtils:481 - Convert string 'Edmond SW NG/DPO' to class 'java.lang.String'
2026-02-15 01:24:38.370 DEBUG StringConverter:140 - Converting 'String' value 'Edmond SW NG/DPO' to type 'String'
2026-02-15 01:24:38.370 DEBUG ConvertUtils:481 - Convert string 'eshchan@digitalpolicy.gov.hk' to class 'java.lang.String'
2026-02-15 01:24:38.370 DEBUG StringConverter:140 - Converting 'String' value 'eshchan@digitalpolicy.gov.hk' to type 'String'
2026-02-15 01:24:38.370 DEBUG ConvertUtils:481 - Convert string 'esmlo@digitalpolicy.gov.hk' to class 'java.lang.String'
2026-02-15 01:24:38.370 DEBUG StringConverter:140 - Converting 'String' value 'esmlo@digitalpolicy.gov.hk' to type 'String'
2026-02-15 01:24:38.372 DEBUG ConvertUtils:481 - Convert string 'espling@digitalpolicy.gov.hk' to class 'java.lang.String'
2026-02-15 01:24:38.372 DEBUG StringConverter:140 - Converting 'String' value 'espling@digitalpolicy.gov.hk' to type 'String'
2026-02-15 01:24:38.372 DEBUG ConvertUtils:481 - Convert string 'esports@digitalpolicy.gov.hk' to class 'java.lang.String'
2026-02-15 01:24:38.372 DEBUG StringConverter:140 - Converting 'String' value 'esports@digitalpolicy.gov.hk' to type 'String'
2026-02-15 01:24:38.372 DEBUG ConvertUtils:481 - Convert string 'Ellen SY WONG/DPO' to class 'java.lang.String'
2026-02-15 01:24:38.372 DEBUG StringConverter:140 - Converting 'String' value 'Ellen SY WONG/DPO' to type 'String'
2026-02-15 01:24:38.372 DEBUG ConvertUtils:481 - Convert string 'espsupport@digitalpolicy.gov.hk' to class 'java.lang.String'
2026-02-15 01:24:38.372 DEBUG StringConverter:140 - Converting 'String' value 'espsupport@digitalpolicy.gov.hk' to type 'String'
2026-02-15 01:24:38.372 DEBUG ConvertUtils:481 - Convert string 'eswlee@digitalpolicy.gov.hk' to class 'java.lang.String'
2026-02-15 01:24:38.372 DEBUG StringConverter:140 - Converting 'String' value 'eswlee@digitalpolicy.gov.hk' to type 'String'
2026-02-15 01:24:38.372 DEBUG ConvertUtils:481 - Convert string 'Eric TC CHAN/DPO' to class 'java.lang.String'
2026-02-15 01:24:38.372 DEBUG StringConverter:140 - Converting 'String' value 'Eric TC CHAN/DPO' to type 'String'
2026-02-15 01:24:38.372 DEBUG ConvertUtils:481 - Convert string 'Eric TK LEUNG/DPO' to class 'java.lang.String'
2026-02-15 01:24:38.372 DEBUG StringConverter:140 - Converting 'String' value 'Eric TK LEUNG/DPO' to type 'String'
2026-02-15 01:24:38.372 DEBUG ConvertUtils:481 - Convert string 'DPO ETO Support/DPO' to class 'java.lang.String'
2026-02-15 01:24:38.372 DEBUG StringConverter:140 - Converting 'String' value 'DPO ETO Support/DPO' to type 'String'
2026-02-15 01:24:38.373 DEBUG ConvertUtils:481 - Convert string 'ETS MAIL SUPPORT/DPO' to class 'java.lang.String'
2026-02-15 01:24:38.373 DEBUG StringConverter:140 - Converting 'String' value 'ETS MAIL SUPPORT/DPO' to type 'String'
2026-02-15 01:24:38.373 DEBUG ConvertUtils:481 - Convert string 'Edith WC HO/DPO' to class 'java.lang.String'
2026-02-15 01:24:38.373 DEBUG StringConverter:140 - Converting 'String' value 'Edith WC HO/DPO' to type 'String'
2026-02-15 01:24:38.373 DEBUG ConvertUtils:481 - Convert string 'Emily WF LEUNG/DPO' to class 'java.lang.String'
2026-02-15 01:24:38.373 DEBUG StringConverter:140 - Converting 'String' value 'Emily WF LEUNG/DPO' to type 'String'
2026-02-15 01:24:38.373 DEBUG ConvertUtils:481 - Convert string 'Edmond WH NG/DPO' to class 'java.lang.String'
2026-02-15 01:24:38.373 DEBUG StringConverter:140 - Converting 'String' value 'Edmond WH NG/DPO' to type 'String'
2026-02-15 01:24:38.373 DEBUG ConvertUtils:481 - Convert string 'eswli@digitalpolicy.gov.hk' to class 'java.lang.String'
2026-02-15 01:24:38.373 DEBUG StringConverter:140 - Converting 'String' value 'eswli@digitalpolicy.gov.hk' to type 'String'
2026-02-15 01:24:38.373 DEBUG ConvertUtils:481 - Convert string 'eswng@digitalpolicy.gov.hk' to class 'java.lang.String'
2026-02-15 01:24:38.373 DEBUG StringConverter:140 - Converting 'String' value 'eswng@digitalpolicy.gov.hk' to type 'String'
2026-02-15 01:24:38.373 DEBUG ConvertUtils:481 - Convert string 'Ernest WH TAM/DPO' to class 'java.lang.String'
2026-02-15 01:24:38.373 DEBUG StringConverter:140 - Converting 'String' value 'Ernest WH TAM/DPO' to type 'String'
2026-02-15 01:24:38.375 DEBUG ConvertUtils:481 - Convert string 'Ernie WH TSOI/DPO' to class 'java.lang.String'
2026-02-15 01:24:38.375 DEBUG StringConverter:140 - Converting 'String' value 'Ernie WH TSOI/DPO' to type 'String'
2026-02-15 01:24:38.375 DEBUG ConvertUtils:481 - Convert string 'Eric WK CHENG/DPO' to class 'java.lang.String'
2026-02-15 01:24:38.375 DEBUG StringConverter:140 - Converting 'String' value 'Eric WK CHENG/DPO' to type 'String'
2026-02-15 01:24:38.375 DEBUG ConvertUtils:481 - Convert string 'Eliot WK HO/DPO' to class 'java.lang.String'
2026-02-15 01:24:38.375 DEBUG StringConverter:140 - Converting 'String' value 'Eliot WK HO/DPO' to type 'String'
2026-02-15 01:24:38.375 DEBUG ConvertUtils:481 - Convert string 'esywong@digitalpolicy.gov.hk' to class 'java.lang.String'
2026-02-15 01:24:38.375 DEBUG StringConverter:140 - Converting 'String' value 'esywong@digitalpolicy.gov.hk' to type 'String'
2026-02-15 01:24:38.375 DEBUG ConvertUtils:481 - Convert string 'Eddic WM TIN/DPO' to class 'java.lang.String'
2026-02-15 01:24:38.376 DEBUG StringConverter:140 - Converting 'String' value 'Eddic WM TIN/DPO' to type 'String'
2026-02-15 01:24:38.376 DEBUG ConvertUtils:481 - Convert string 'Emily WN CHUI/DPO' to class 'java.lang.String'
2026-02-15 01:24:38.376 DEBUG StringConverter:140 - Converting 'String' value 'Emily WN CHUI/DPO' to type 'String'
2026-02-15 01:24:38.376 DEBUG ConvertUtils:481 - Convert string 'etcchan@digitalpolicy.gov.hk' to class 'java.lang.String'
2026-02-15 01:24:38.376 DEBUG StringConverter:140 - Converting 'String' value 'etcchan@digitalpolicy.gov.hk' to type 'String'
2026-02-15 01:24:38.376 DEBUG ConvertUtils:481 - Convert string 'etkleung@digitalpolicy.gov.hk' to class 'java.lang.String'
2026-02-15 01:24:38.376 DEBUG StringConverter:140 - Converting 'String' value 'etkleung@digitalpolicy.gov.hk' to type 'String'
2026-02-15 01:24:38.376 DEBUG ConvertUtils:481 - Convert string 'etosupport@digitalpolicy.gov.hk' to class 'java.lang.String'
2026-02-15 01:24:38.377 DEBUG StringConverter:140 - Converting 'String' value 'etosupport@digitalpolicy.gov.hk' to type 'String'
2026-02-15 01:24:38.377 DEBUG ConvertUtils:481 - Convert string 'ets_mail_support@digitalpolicy.gov.hk' to class 'java.lang.String'
2026-02-15 01:24:38.377 DEBUG StringConverter:140 - Converting 'String' value 'ets_mail_support@digitalpolicy.gov.hk' to type 'String'
2026-02-15 01:24:38.377 DEBUG ConvertUtils:481 - Convert string 'ewcho@digitalpolicy.gov.hk' to class 'java.lang.String'
2026-02-15 01:24:38.377 DEBUG StringConverter:140 - Converting 'String' value 'ewcho@digitalpolicy.gov.hk' to type 'String'
2026-02-15 01:24:38.377 DEBUG ConvertUtils:481 - Convert string 'ewfleung@digitalpolicy.gov.hk' to class 'java.lang.String'
2026-02-15 01:24:38.377 DEBUG StringConverter:140 - Converting 'String' value 'ewfleung@digitalpolicy.gov.hk' to type 'String'
2026-02-15 01:24:38.377 DEBUG ConvertUtils:481 - Convert string 'ewhng@digitalpolicy.gov.hk' to class 'java.lang.String'
2026-02-15 01:24:38.377 DEBUG StringConverter:140 - Converting 'String' value 'ewhng@digitalpolicy.gov.hk' to type 'String'
2026-02-15 01:24:38.377 DEBUG ConvertUtils:481 - Convert string 'Eva WT LEE/DPO' to class 'java.lang.String'
2026-02-15 01:24:38.377 DEBUG StringConverter:140 - Converting 'String' value 'Eva WT LEE/DPO' to type 'String'
2026-02-15 01:24:38.378 DEBUG ConvertUtils:481 - Convert string 'External User/DPO' to class 'java.lang.String'
2026-02-15 01:24:38.378 DEBUG StringConverter:140 - Converting 'String' value 'External User/DPO' to type 'String'
2026-02-15 01:24:38.378 DEBUG ConvertUtils:481 - Convert string 'ewhtam@digitalpolicy.gov.hk' to class 'java.lang.String'
2026-02-15 01:24:38.378 DEBUG StringConverter:140 - Converting 'String' value 'ewhtam@digitalpolicy.gov.hk' to type 'String'
2026-02-15 01:24:38.378 DEBUG ConvertUtils:481 - Convert string 'ewhtsoi@digitalpolicy.gov.hk' to class 'java.lang.String'
2026-02-15 01:24:38.378 DEBUG StringConverter:140 - Converting 'String' value 'ewhtsoi@digitalpolicy.gov.hk' to type 'String'
2026-02-15 01:24:38.378 DEBUG ConvertUtils:481 - Convert string 'ewkcheng@digitalpolicy.gov.hk' to class 'java.lang.String'
2026-02-15 01:24:38.378 DEBUG StringConverter:140 - Converting 'String' value 'ewkcheng@digitalpolicy.gov.hk' to type 'String'
2026-02-15 01:24:38.378 DEBUG ConvertUtils:481 - Convert string 'ewkho@digitalpolicy.gov.hk' to class 'java.lang.String'
2026-02-15 01:24:38.379 DEBUG StringConverter:140 - Converting 'String' value 'ewkho@digitalpolicy.gov.hk' to type 'String'
2026-02-15 01:24:38.379 DEBUG ConvertUtils:481 - Convert string 'Eric YB POON/DPO' to class 'java.lang.String'
2026-02-15 01:24:38.379 DEBUG StringConverter:140 - Converting 'String' value 'Eric YB POON/DPO' to type 'String'
2026-02-15 01:24:38.379 DEBUG ConvertUtils:481 - Convert string 'ewmtin@digitalpolicy.gov.hk' to class 'java.lang.String'
2026-02-15 01:24:38.379 DEBUG StringConverter:140 - Converting 'String' value 'ewmtin@digitalpolicy.gov.hk' to type 'String'
2026-02-15 01:24:38.379 DEBUG ConvertUtils:481 - Convert string 'ewnchui@digitalpolicy.gov.hk' to class 'java.lang.String'
2026-02-15 01:24:38.379 DEBUG StringConverter:140 - Converting 'String' value 'ewnchui@digitalpolicy.gov.hk' to type 'String'
2026-02-15 01:24:38.379 DEBUG ConvertUtils:481 - Convert string 'Edward YC CHAN/DPO' to class 'java.lang.String'
2026-02-15 01:24:38.380 DEBUG StringConverter:140 - Converting 'String' value 'Edward YC CHAN/DPO' to type 'String'
2026-02-15 01:24:38.380 DEBUG ConvertUtils:481 - Convert string 'Eddie YC LIM/DPO' to class 'java.lang.String'
2026-02-15 01:24:38.380 DEBUG StringConverter:140 - Converting 'String' value 'Eddie YC LIM/DPO' to type 'String'
2026-02-15 01:24:38.380 DEBUG ConvertUtils:481 - Convert string 'Edith YD CHAN/DPO' to class 'java.lang.String'
2026-02-15 01:24:38.380 DEBUG StringConverter:140 - Converting 'String' value 'Edith YD CHAN/DPO' to type 'String'
2026-02-15 01:24:38.380 DEBUG ConvertUtils:481 - Convert string 'Elaine YF LAU/DPO' to class 'java.lang.String'
2026-02-15 01:24:38.380 DEBUG StringConverter:140 - Converting 'String' value 'Elaine YF LAU/DPO' to type 'String'
2026-02-15 01:24:38.380 DEBUG ConvertUtils:481 - Convert string 'Eddie YF LUI/DPO' to class 'java.lang.String'
2026-02-15 01:24:38.380 DEBUG StringConverter:140 - Converting 'String' value 'Eddie YF LUI/DPO' to type 'String'
2026-02-15 01:24:38.381 DEBUG ConvertUtils:481 - Convert string 'Eason YH CHAN/DPO' to class 'java.lang.String'
2026-02-15 01:24:38.381 DEBUG StringConverter:140 - Converting 'String' value 'Eason YH CHAN/DPO' to type 'String'
2026-02-15 01:24:38.381 DEBUG ConvertUtils:481 - Convert string 'Elsie YK CHU/DPO' to class 'java.lang.String'
2026-02-15 01:24:38.381 DEBUG StringConverter:140 - Converting 'String' value 'Elsie YK CHU/DPO' to type 'String'
2026-02-15 01:24:38.381 DEBUG ConvertUtils:481 - Convert string 'ewtlee@digitalpolicy.gov.hk' to class 'java.lang.String'
2026-02-15 01:24:38.381 DEBUG StringConverter:140 - Converting 'String' value 'ewtlee@digitalpolicy.gov.hk' to type 'String'
2026-02-15 01:24:38.381 DEBUG ConvertUtils:481 - Convert string 'extuser1@digitalpolicy.gov.hk' to class 'java.lang.String'
2026-02-15 01:24:38.381 DEBUG StringConverter:140 - Converting 'String' value 'extuser1@digitalpolicy.gov.hk' to type 'String'
2026-02-15 01:24:38.381 DEBUG ConvertUtils:481 - Convert string 'Esmond YL LEE/DPO' to class 'java.lang.String'
2026-02-15 01:24:38.382 DEBUG StringConverter:140 - Converting 'String' value 'Esmond YL LEE/DPO' to type 'String'
2026-02-15 01:24:38.382 DEBUG ConvertUtils:481 - Convert string 'Enoch YN LI/DPO' to class 'java.lang.String'
2026-02-15 01:24:38.382 DEBUG StringConverter:140 - Converting 'String' value 'Enoch YN LI/DPO' to type 'String'
2026-02-15 01:24:38.382 DEBUG ConvertUtils:481 - Convert string 'Emmy YN LAU/DPO' to class 'java.lang.String'
2026-02-15 01:24:38.382 DEBUG StringConverter:140 - Converting 'String' value 'Emmy YN LAU/DPO' to type 'String'
2026-02-15 01:24:38.382 DEBUG ConvertUtils:481 - Convert string 'Elke YP MAK/DPO' to class 'java.lang.String'
2026-02-15 01:24:38.382 DEBUG StringConverter:140 - Converting 'String' value 'Elke YP MAK/DPO' to type 'String'
2026-02-15 01:24:38.382 DEBUG ConvertUtils:481 - Convert string 'eybpoon@digitalpolicy.gov.hk' to class 'java.lang.String'
2026-02-15 01:24:38.382 DEBUG StringConverter:140 - Converting 'String' value 'eybpoon@digitalpolicy.gov.hk' to type 'String'
2026-02-15 01:24:38.383 DEBUG ConvertUtils:481 - Convert string 'Eva YW LO/DPO' to class 'java.lang.String'
2026-02-15 01:24:38.383 DEBUG StringConverter:140 - Converting 'String' value 'Eva YW LO/DPO' to type 'String'
2026-02-15 01:24:38.383 DEBUG ConvertUtils:481 - Convert string 'Erica YY HO/DPO' to class 'java.lang.String'
2026-02-15 01:24:38.383 DEBUG StringConverter:140 - Converting 'String' value 'Erica YY HO/DPO' to type 'String'
2026-02-15 01:24:38.383 DEBUG ConvertUtils:481 - Convert string 'eycchan@digitalpolicy.gov.hk' to class 'java.lang.String'
2026-02-15 01:24:38.383 DEBUG StringConverter:140 - Converting 'String' value 'eycchan@digitalpolicy.gov.hk' to type 'String'
2026-02-15 01:24:38.383 DEBUG ConvertUtils:481 - Convert string 'eyclim@digitalpolicy.gov.hk' to class 'java.lang.String'
2026-02-15 01:24:38.383 DEBUG StringConverter:140 - Converting 'String' value 'eyclim@digitalpolicy.gov.hk' to type 'String'
2026-02-15 01:24:38.383 DEBUG ConvertUtils:481 - Convert string 'eydchan@digitalpolicy.gov.hk' to class 'java.lang.String'
2026-02-15 01:24:38.383 DEBUG StringConverter:140 - Converting 'String' value 'eydchan@digitalpolicy.gov.hk' to type 'String'
2026-02-15 01:24:38.383 DEBUG ConvertUtils:481 - Convert string 'eyflau@digitalpolicy.gov.hk' to class 'java.lang.String'
2026-02-15 01:24:38.384 DEBUG StringConverter:140 - Converting 'String' value 'eyflau@digitalpolicy.gov.hk' to type 'String'
2026-02-15 01:24:38.384 DEBUG ConvertUtils:481 - Convert string 'eyflui@digitalpolicy.gov.hk' to class 'java.lang.String'
2026-02-15 01:24:38.384 DEBUG StringConverter:140 - Converting 'String' value 'eyflui@digitalpolicy.gov.hk' to type 'String'
2026-02-15 01:24:38.384 DEBUG ConvertUtils:481 - Convert string 'eyhchan@digitalpolicy.gov.hk' to class 'java.lang.String'
2026-02-15 01:24:38.384 DEBUG StringConverter:140 - Converting 'String' value 'eyhchan@digitalpolicy.gov.hk' to type 'String'
2026-02-15 01:24:38.385 DEBUG ConvertUtils:481 - Convert string 'eykchu@digitalpolicy.gov.hk' to class 'java.lang.String'
2026-02-15 01:24:38.385 DEBUG StringConverter:140 - Converting 'String' value 'eykchu@digitalpolicy.gov.hk' to type 'String'
2026-02-15 01:24:38.385 DEBUG ConvertUtils:481 - Convert string 'eyllee@digitalpolicy.gov.hk' to class 'java.lang.String'
2026-02-15 01:24:38.385 DEBUG StringConverter:140 - Converting 'String' value 'eyllee@digitalpolicy.gov.hk' to type 'String'
2026-02-15 01:24:38.385 DEBUG ConvertUtils:481 - Convert string 'eynlau@digitalpolicy.gov.hk' to class 'java.lang.String'
2026-02-15 01:24:38.385 DEBUG StringConverter:140 - Converting 'String' value 'eynlau@digitalpolicy.gov.hk' to type 'String'
2026-02-15 01:24:38.385 DEBUG ConvertUtils:481 - Convert string 'eynli@digitalpolicy.gov.hk' to class 'java.lang.String'
2026-02-15 01:24:38.386 DEBUG StringConverter:140 - Converting 'String' value 'eynli@digitalpolicy.gov.hk' to type 'String'
2026-02-15 01:24:38.386 DEBUG ConvertUtils:481 - Convert string 'eypmak@digitalpolicy.gov.hk' to class 'java.lang.String'
2026-02-15 01:24:38.386 DEBUG StringConverter:140 - Converting 'String' value 'eypmak@digitalpolicy.gov.hk' to type 'String'
2026-02-15 01:24:38.386 DEBUG ConvertUtils:481 - Convert string 'eywlo@digitalpolicy.gov.hk' to class 'java.lang.String'
2026-02-15 01:24:38.386 DEBUG StringConverter:140 - Converting 'String' value 'eywlo@digitalpolicy.gov.hk' to type 'String'
2026-02-15 01:24:38.386 DEBUG ConvertUtils:481 - Convert string 'eyyho@digitalpolicy.gov.hk' to class 'java.lang.String'
2026-02-15 01:24:38.386 DEBUG StringConverter:140 - Converting 'String' value 'eyyho@digitalpolicy.gov.hk' to type 'String'
2026-02-15 01:24:38.438 DEBUG DataImportService:53 - {"displayName":"e-ACPC System Administrator/OUTSOURCER/DPO","mail":"eacpc_admin@digitalpolicy.gov.hk"}
2026-02-15 01:24:38.438 DEBUG DataImportService:53 - {"displayName":"e-ACPC Admin/DPO","mail":"eacpc-admin@digitalpolicy.gov.hk"}
2026-02-15 01:24:38.438 DEBUG DataImportService:53 - {"displayName":"e-ACPC Support/DPO","mail":"eacpc-support@digitalpolicy.gov.hk"}
2026-02-15 01:24:38.439 DEBUG DataImportService:53 - {"displayName":"DPO E-Business Support Team/DPO","mail":"ebsupport@digitalpolicy.gov.hk"}
2026-02-15 01:24:38.439 DEBUG DataImportService:53 - {"displayName":"Edward BY CHEE/DPO","mail":"ebychee@digitalpolicy.gov.hk"}
2026-02-15 01:24:38.439 DEBUG DataImportService:53 - {"displayName":"e-CardHK Technical Support/DPO","mail":"e-cardhk_ts@digitalpolicy.gov.hk"}
2026-02-15 01:24:38.439 DEBUG DataImportService:53 - {"displayName":"Eden CC KIM/DPO","mail":"ecckim@digitalpolicy.gov.hk"}
2026-02-15 01:24:38.440 DEBUG DataImportService:53 - {"displayName":"Elvis CC LI/DPO","mail":"eccli@digitalpolicy.gov.hk"}
2026-02-15 01:24:38.440 DEBUG DataImportService:53 - {"displayName":"Edward CC WONG/DPO","mail":"eccwong@digitalpolicy.gov.hk"}
2026-02-15 01:24:38.440 DEBUG DataImportService:53 - {"displayName":"Eli CF LAM/DPO","mail":"ecflam@digitalpolicy.gov.hk"}
2026-02-15 01:24:38.441 DEBUG DataImportService:53 - {"displayName":"Eddie CH CHEN/DPO","mail":"echchen@digitalpolicy.gov.hk"}
2026-02-15 01:24:38.441 DEBUG DataImportService:53 - {"displayName":"Edward CH LEUNG/DPO","mail":"echleung@digitalpolicy.gov.hk"}
2026-02-15 01:24:38.441 DEBUG DataImportService:53 - {"displayName":"Pay e-Cheque Portal Client Advisory/DPO","mail":"echqpt_advisory@digitalpolicy.gov.hk"}
2026-02-15 01:24:38.442 DEBUG DataImportService:53 - {"displayName":"Pay e-Cheque Portal Support Team/DPO","mail":"echqpt_support@digitalpolicy.gov.hk"}
2026-02-15 01:24:38.442 DEBUG DataImportService:53 - {"displayName":"Eddy CK CHEUNG/DPO","mail":"eckcheung@digitalpolicy.gov.hk"}
2026-02-15 01:24:38.442 DEBUG DataImportService:53 - {"displayName":"Edwin CK FOK/DPO","mail":"eckfok@digitalpolicy.gov.hk"}
2026-02-15 01:24:38.442 DEBUG DataImportService:53 - {"displayName":"Eric CM AU/DPO","mail":"ecmau@digitalpolicy.gov.hk"}
2026-02-15 01:24:38.443 DEBUG DataImportService:53 - {"displayName":"Edmond CM LAU/DPO","mail":"ecmlau@digitalpolicy.gov.hk"}
2026-02-15 01:24:38.443 DEBUG DataImportService:53 - {"displayName":"Eric CM WONG/DPO","mail":"ecmwong@digitalpolicy.gov.hk"}
2026-02-15 01:24:38.443 DEBUG DataImportService:53 - {"displayName":"Ethan CY CHONG/DPO","mail":"ecychong@digitalpolicy.gov.hk"}
2026-02-15 01:24:38.444 DEBUG DataImportService:53 - {"displayName":"Eddy CY YIU/DPO","mail":"ecyyiu@digitalpolicy.gov.hk"}
2026-02-15 01:24:38.444 DEBUG DataImportService:53 - {"displayName":"Edgar SF WONG/DPO","mail":"edgarsiufaiwong@digitalpolicy.gov.hk"}
2026-02-15 01:24:38.444 DEBUG DataImportService:53 - {"displayName":"Edith KW MOK/DPO","mail":"edithkwmok@digitalpolicy.gov.hk"}
2026-02-15 01:24:38.444 DEBUG DataImportService:53 - {"displayName":"Edmond YH CHAN/DPO","mail":"edmondyhchan@digitalpolicy.gov.hk"}
2026-02-15 01:24:38.445 DEBUG DataImportService:53 - {"displayName":"Edward KW NG/DPO","mail":"edwardkawaing@digitalpolicy.gov.hk"}
2026-02-15 01:24:38.445 DEBUG DataImportService:53 - {"displayName":"DPO E-FAX Operator/DPO","mail":"e-fax@digitalpolicy.gov.hk"}
2026-02-15 01:24:38.445 DEBUG DataImportService:53 - {"displayName":"DPO E-FAX Operator Supplies/DPO","mail":"efax_supplies_quotation@digitalpolicy.gov.hk"}
2026-02-15 01:24:38.446 DEBUG DataImportService:53 - {"displayName":"DPO E-FAX Operator IT/DPO","mail":"e-fax-it@digitalpolicy.gov.hk"}
2026-02-15 01:24:38.446 DEBUG DataImportService:53 - {"displayName":"DG IT Support2/DPO","mail":"effoadmin@digitalpolicy.gov.hk"}
2026-02-15 01:24:38.446 DEBUG DataImportService:53 - {"displayName":"DPO User1 EFFO/DPO","mail":"effodpouser1@digitalpolicy.gov.hk"}
2026-02-15 01:24:38.446 DEBUG DataImportService:53 - {"displayName":"Mobile User2 EFFO/DPO","mail":"effomobuser2@digitalpolicy.gov.hk"}
2026-02-15 01:24:38.447 DEBUG DataImportService:53 - {"displayName":"effomobuser4/DPO","mail":"effomobuser4@digitalpolicy.gov.hk"}
2026-02-15 01:24:38.447 DEBUG DataImportService:53 - {"displayName":"e-Form Support Team/DPO","mail":"eform@digitalpolicy.gov.hk"}
2026-02-15 01:24:38.447 DEBUG DataImportService:53 - {"displayName":"eForm Development Account/DPO","mail":"eformdevelopmentaccount@digitalpolicy.gov.hk"}
2026-02-15 01:24:38.447 DEBUG DataImportService:53 - {"displayName":"eForm Services/DPO","mail":"eformservices@digitalpolicy.gov.hk"}
2026-02-15 01:24:38.447 DEBUG DataImportService:53 - {"displayName":"Eric FY LAW/DPO","mail":"efylaw@digitalpolicy.gov.hk"}
2026-02-15 01:24:38.448 DEBUG DataImportService:53 - {"displayName":"e-Government Audit Programme Office/DPO","mail":"egapo@digitalpolicy.gov.hk"}
2026-02-15 01:24:38.448 DEBUG DataImportService:53 - {"displayName":"EGIS Support Team/DPO","mail":"egis_support@digitalpolicy.gov.hk"}
2026-02-15 01:24:38.448 DEBUG DataImportService:53 - {"displayName":"EGIS Support Contractor/OUTSOURCER/DPO","mail":"egis_support_contractor@digitalpolicy.gov.hk"}
2026-02-15 01:24:38.448 DEBUG DataImportService:53 - {"displayName":"EGIS Support Contractor - HP/OUTSOURCER/DPO","mail":"egis_support_contractor_hp@digitalpolicy.gov.hk"}
2026-02-15 01:24:38.449 DEBUG DataImportService:53 - {"displayName":"eHelpdesk/DPO","mail":"ehelpdesk@digitalpolicy.gov.hk"}
2026-02-15 01:24:38.449 DEBUG DataImportService:53 - {"displayName":"eHelpdesk Test/DPO","mail":"ehelpdesktest@digitalpolicy.gov.hk"}
2026-02-15 01:24:38.449 DEBUG DataImportService:53 - {"displayName":"Edward HM LEE/DPO","mail":"ehmlee@digitalpolicy.gov.hk"}
2026-02-15 01:24:38.449 DEBUG DataImportService:53 - {"displayName":"Eric HY MING/DPO","mail":"ehyming@digitalpolicy.gov.hk"}
2026-02-15 01:24:38.450 DEBUG DataImportService:53 - {"displayName":"Edwin HY WONG/DPO","mail":"ehywong@digitalpolicy.gov.hk"}
2026-02-15 01:24:38.450 DEBUG DataImportService:53 - {"displayName":"EIM Programme Management Office/DPO","mail":"eimpmo@digitalpolicy.gov.hk"}
2026-02-15 01:24:38.450 DEBUG DataImportService:53 - {"displayName":"EIMS Support/DPO","mail":"eims_support@digitalpolicy.gov.hk"}
2026-02-15 01:24:38.450 DEBUG DataImportService:53 - {"displayName":"EIMSG Secretary/DPO","mail":"eimsg_secretary@digitalpolicy.gov.hk"}
2026-02-15 01:24:38.450 DEBUG DataImportService:53 - {"displayName":"EIMWG Secretary/DPO","mail":"eimwg_secretary@digitalpolicy.gov.hk"}
2026-02-15 01:24:38.451 DEBUG DataImportService:53 - {"displayName":"Eglus KC TAM/DPO","mail":"ekctam@digitalpolicy.gov.hk"}
2026-02-15 01:24:38.451 DEBUG DataImportService:53 - {"displayName":"Edward KL CHAN/DPO","mail":"eklchan@digitalpolicy.gov.hk"}
2026-02-15 01:24:38.451 DEBUG DataImportService:53 - {"displayName":"Edmund KM CHANG/DPO","mail":"ekmchang@digitalpolicy.gov.hk"}
2026-02-15 01:24:38.451 DEBUG DataImportService:53 - {"displayName":"Eric KS LAU/DPO","mail":"ekslau@digitalpolicy.gov.hk"}
2026-02-15 01:24:38.451 DEBUG DataImportService:53 - {"displayName":"Eric KS WONG/DPO","mail":"ekswong@digitalpolicy.gov.hk"}
2026-02-15 01:24:38.451 DEBUG DataImportService:53 - {"displayName":"Erik KT LUI/DPO","mail":"ektlui@digitalpolicy.gov.hk"}
2026-02-15 01:24:38.452 DEBUG DataImportService:53 - {"displayName":"Eric KW LAM/DPO","mail":"ekwlam@digitalpolicy.gov.hk"}
2026-02-15 01:24:38.452 DEBUG DataImportService:53 - {"displayName":"Edmond KW MOK/DPO","mail":"ekwmok@digitalpolicy.gov.hk"}
2026-02-15 01:24:38.452 DEBUG DataImportService:53 - {"displayName":"Eric KY YIP/DPO","mail":"ekyyip@digitalpolicy.gov.hk"}
2026-02-15 01:24:38.452 DEBUG DataImportService:53 - {"displayName":"Elderly ICT Programme Office/DPO","mail":"elderlyict@digitalpolicy.gov.hk"}
2026-02-15 01:24:38.452 DEBUG DataImportService:53 - {"displayName":"Elderly ICT Programme Application/DPO","mail":"elderlyict-appl@digitalpolicy.gov.hk"}
2026-02-15 01:24:38.452 DEBUG DataImportService:53 - {"displayName":"DPO e-Library System/DPO","mail":"e-lib_system@digitalpolicy.gov.hk"}
2026-02-15 01:24:38.452 DEBUG DataImportService:53 - {"displayName":"Elly LK YEUNG/DPO","mail":"elkyeung@digitalpolicy.gov.hk"}
2026-02-15 01:24:38.453 DEBUG DataImportService:53 - {"displayName":"Emma LY LI/DPO","mail":"elyli@digitalpolicy.gov.hk"}
2026-02-15 01:24:38.453 DEBUG DataImportService:53 - {"displayName":"EMAN System Support/DPO","mail":"eman_system_support@digitalpolicy.gov.hk"}
2026-02-15 01:24:38.453 DEBUG DataImportService:53 - {"displayName":"Edwin MC WOO/DPO","mail":"emcwoo@digitalpolicy.gov.hk"}
2026-02-15 01:24:38.453 DEBUG DataImportService:53 - {"displayName":"Edward MK SO/DPO","mail":"emkso@digitalpolicy.gov.hk"}
2026-02-15 01:24:38.454 DEBUG DataImportService:53 - {"displayName":"Elmen ML YAU/DPO","mail":"emlyau@digitalpolicy.gov.hk"}
2026-02-15 01:24:38.454 DEBUG DataImportService:53 - {"displayName":"Edwin MT LO/DPO","mail":"emtlo@digitalpolicy.gov.hk"}
2026-02-15 01:24:38.454 DEBUG DataImportService:53 - {"displayName":"Eric MW CHAN/DPO","mail":"emwchan@digitalpolicy.gov.hk"}
2026-02-15 01:24:38.454 DEBUG DataImportService:53 - {"displayName":"Eric MY WONG/DPO","mail":"emywong@digitalpolicy.gov.hk"}
2026-02-15 01:24:38.454 DEBUG DataImportService:53 - {"displayName":"DPO Homepage e-Newsletter/DPO","mail":"enews@digitalpolicy.gov.hk"}
2026-02-15 01:24:38.454 DEBUG DataImportService:53 - {"displayName":"Elia NL WONG/DPO","mail":"enlwong@digitalpolicy.gov.hk"}
2026-02-15 01:24:38.454 DEBUG DataImportService:53 - {"displayName":"eNotification GovIT Tenders/DPO","mail":"enotification_govit_tenders@digitalpolicy.gov.hk"}
2026-02-15 01:24:38.454 DEBUG DataImportService:53 - {"displayName":"CBPS Enquiry","mail":"enquiry@crossboundaryservices.gov.hk"}
2026-02-15 01:24:38.454 DEBUG DataImportService:53 - {"displayName":"DPO Enquiry/DPO","mail":"enquiry@digitalpolicy.gov.hk"}
2026-02-15 01:24:38.454 DEBUG DataImportService:53 - {"displayName":"e-TS Enquiry/DPO","mail":"enquiry@ets.gov.hk"}
2026-02-15 01:24:38.455 DEBUG DataImportService:53 - {"displayName":"Idea Enquiry/DPO","mail":"enquiry@idea.gov.hk"}
2026-02-15 01:24:38.455 DEBUG DataImportService:53 - {"displayName":"DPO Enquiry GR/DPO","mail":"enquiry_gr@digitalpolicy.gov.hk"}
2026-02-15 01:24:38.455 DEBUG DataImportService:53 - {"displayName":"Vaccine Booking Enquiry/DPO","mail":"enquiry_vaccinebooking@digitalpolicy.gov.hk"}
2026-02-15 01:24:38.455 DEBUG DataImportService:53 - {"displayName":"e-TS Enquiry CS/DPO","mail":"enquiry-cs@ets.gov.hk"}
2026-02-15 01:24:38.455 DEBUG DataImportService:53 - {"displayName":"GovHK Enquiry Review/DPO","mail":"enquiryreview@digitalpolicy.gov.hk"}
2026-02-15 01:24:38.455 DEBUG DataImportService:53 - {"displayName":"Esprit PK LEUNG/DPO","mail":"epkleung@digitalpolicy.gov.hk"}
2026-02-15 01:24:38.455 DEBUG DataImportService:53 - {"displayName":"Edith PM CHUI/DPO","mail":"epmchui@digitalpolicy.gov.hk"}
2026-02-15 01:24:38.456 DEBUG DataImportService:53 - {"displayName":"E-Procurement Service Support/OUTSOURCER/DPO","mail":"eppmgmtoff@digitalpolicy.gov.hk"}
2026-02-15 01:24:38.456 DEBUG DataImportService:53 - {"displayName":"E-Procurement Programme Management Office/DPO","mail":"eppmo@digitalpolicy.gov.hk"}
2026-02-15 01:24:38.456 DEBUG DataImportService:53 - {"displayName":"Eric SH CHAN/DPO","mail":"ericshchan@digitalpolicy.gov.hk"}
2026-02-15 01:24:38.456 DEBUG DataImportService:53 - {"displayName":"Eric LEUNG/DPO","mail":"ericskleung@digitalpolicy.gov.hk"}
2026-02-15 01:24:38.456 DEBUG DataImportService:53 - {"displayName":"ERKS Coordinator/DPO","mail":"erks_coordinator@digitalpolicy.gov.hk"}
2026-02-15 01:24:38.456 DEBUG DataImportService:53 - {"displayName":"ERKS S1 Support Contractor/OUTSOURCER/DPO","mail":"erks_s1_support_contractor@digitalpolicy.gov.hk"}
2026-02-15 01:24:38.456 DEBUG DataImportService:53 - {"displayName":"ERKS Support/DPO","mail":"erks_support@digitalpolicy.gov.hk"}
2026-02-15 01:24:38.456 DEBUG DataImportService:53 - {"displayName":"ERKS S1 Support Team/DPO","mail":"erkss1supportteam@digitalpolicy.gov.hk"}
2026-02-15 01:24:38.457 DEBUG DataImportService:53 - {"displayName":"Ernest YC YEUNG/DPO","mail":"ernestycyeung@digitalpolicy.gov.hk"}
2026-02-15 01:24:38.457 DEBUG DataImportService:53 - {"displayName":"Eric SC LAM/DPO","mail":"esclam@digitalpolicy.gov.hk"}
2026-02-15 01:24:38.457 DEBUG DataImportService:53 - {"displayName":"e-Service Information Portal Support Office/DPO","mail":"e-serviceipso@digitalpolicy.gov.hk"}
2026-02-15 01:24:38.457 DEBUG DataImportService:53 - {"displayName":"Edward SH CHAN/DPO","mail":"eshchan@digitalpolicy.gov.hk"}
2026-02-15 01:24:38.457 DEBUG DataImportService:53 - {"displayName":"Eva SM LO/DPO","mail":"esmlo@digitalpolicy.gov.hk"}
2026-02-15 01:24:38.457 DEBUG DataImportService:53 - {"displayName":"Eva SP LING/DPO","mail":"espling@digitalpolicy.gov.hk"}
2026-02-15 01:24:38.458 DEBUG DataImportService:53 - {"displayName":"Esports Facilitation/DPO","mail":"esports@digitalpolicy.gov.hk"}
2026-02-15 01:24:38.458 DEBUG DataImportService:53 - {"displayName":"eSP Support Team/DPO","mail":"espsupport@digitalpolicy.gov.hk"}
2026-02-15 01:24:38.458 DEBUG DataImportService:53 - {"displayName":"Elvin SW LEE/DPO","mail":"eswlee@digitalpolicy.gov.hk"}
2026-02-15 01:24:38.458 DEBUG DataImportService:53 - {"displayName":"Eddie SW LI/DPO","mail":"eswli@digitalpolicy.gov.hk"}
2026-02-15 01:24:38.458 DEBUG DataImportService:53 - {"displayName":"Edmond SW NG/DPO","mail":"eswng@digitalpolicy.gov.hk"}
2026-02-15 01:24:38.459 DEBUG DataImportService:53 - {"displayName":"Ellen SY WONG/DPO","mail":"esywong@digitalpolicy.gov.hk"}
2026-02-15 01:24:38.459 DEBUG DataImportService:53 - {"displayName":"Eric TC CHAN/DPO","mail":"etcchan@digitalpolicy.gov.hk"}
2026-02-15 01:24:38.459 DEBUG DataImportService:53 - {"displayName":"Eric TK LEUNG/DPO","mail":"etkleung@digitalpolicy.gov.hk"}
2026-02-15 01:24:38.459 DEBUG DataImportService:53 - {"displayName":"DPO ETO Support/DPO","mail":"etosupport@digitalpolicy.gov.hk"}
2026-02-15 01:24:38.459 DEBUG DataImportService:53 - {"displayName":"ETS MAIL SUPPORT/DPO","mail":"ets_mail_support@digitalpolicy.gov.hk"}
2026-02-15 01:24:38.459 DEBUG DataImportService:53 - {"displayName":"Edith WC HO/DPO","mail":"ewcho@digitalpolicy.gov.hk"}
2026-02-15 01:24:38.460 DEBUG DataImportService:53 - {"displayName":"Emily WF LEUNG/DPO","mail":"ewfleung@digitalpolicy.gov.hk"}
2026-02-15 01:24:38.460 DEBUG DataImportService:53 - {"displayName":"Edmond WH NG/DPO","mail":"ewhng@digitalpolicy.gov.hk"}
2026-02-15 01:24:38.460 DEBUG DataImportService:53 - {"displayName":"Ernest WH TAM/DPO","mail":"ewhtam@digitalpolicy.gov.hk"}
2026-02-15 01:24:38.460 DEBUG DataImportService:53 - {"displayName":"Ernie WH TSOI/DPO","mail":"ewhtsoi@digitalpolicy.gov.hk"}
2026-02-15 01:24:38.460 DEBUG DataImportService:53 - {"displayName":"Eric WK CHENG/DPO","mail":"ewkcheng@digitalpolicy.gov.hk"}
2026-02-15 01:24:38.460 DEBUG DataImportService:53 - {"displayName":"Eliot WK HO/DPO","mail":"ewkho@digitalpolicy.gov.hk"}
2026-02-15 01:24:38.460 DEBUG DataImportService:53 - {"displayName":"Eddic WM TIN/DPO","mail":"ewmtin@digitalpolicy.gov.hk"}
2026-02-15 01:24:38.461 DEBUG DataImportService:53 - {"displayName":"Emily WN CHUI/DPO","mail":"ewnchui@digitalpolicy.gov.hk"}
2026-02-15 01:24:38.461 DEBUG DataImportService:53 - {"displayName":"Eva WT LEE/DPO","mail":"ewtlee@digitalpolicy.gov.hk"}
2026-02-15 01:24:38.461 DEBUG DataImportService:53 - {"displayName":"External User/DPO","mail":"extuser1@digitalpolicy.gov.hk"}
2026-02-15 01:24:38.461 DEBUG DataImportService:53 - {"displayName":"Eric YB POON/DPO","mail":"eybpoon@digitalpolicy.gov.hk"}
2026-02-15 01:24:38.461 DEBUG DataImportService:53 - {"displayName":"Edward YC CHAN/DPO","mail":"eycchan@digitalpolicy.gov.hk"}
2026-02-15 01:24:38.461 DEBUG DataImportService:53 - {"displayName":"Eddie YC LIM/DPO","mail":"eyclim@digitalpolicy.gov.hk"}
2026-02-15 01:24:38.461 DEBUG DataImportService:53 - {"displayName":"Edith YD CHAN/DPO","mail":"eydchan@digitalpolicy.gov.hk"}
2026-02-15 01:24:38.461 DEBUG DataImportService:53 - {"displayName":"Elaine YF LAU/DPO","mail":"eyflau@digitalpolicy.gov.hk"}
2026-02-15 01:24:38.461 DEBUG DataImportService:53 - {"displayName":"Eddie YF LUI/DPO","mail":"eyflui@digitalpolicy.gov.hk"}
2026-02-15 01:24:38.463 DEBUG DataImportService:53 - {"displayName":"Eason YH CHAN/DPO","mail":"eyhchan@digitalpolicy.gov.hk"}
2026-02-15 01:24:38.463 DEBUG DataImportService:53 - {"displayName":"Elsie YK CHU/DPO","mail":"eykchu@digitalpolicy.gov.hk"}
2026-02-15 01:24:38.463 DEBUG DataImportService:53 - {"displayName":"Esmond YL LEE/DPO","mail":"eyllee@digitalpolicy.gov.hk"}
2026-02-15 01:24:38.465 DEBUG DataImportService:53 - {"displayName":"Emmy YN LAU/DPO","mail":"eynlau@digitalpolicy.gov.hk"}
2026-02-15 01:24:38.465 DEBUG DataImportService:53 - {"displayName":"Enoch YN LI/DPO","mail":"eynli@digitalpolicy.gov.hk"}
2026-02-15 01:24:38.465 DEBUG DataImportService:53 - {"displayName":"Elke YP MAK/DPO","mail":"eypmak@digitalpolicy.gov.hk"}
2026-02-15 01:24:38.465 DEBUG DataImportService:53 - {"displayName":"Eva YW LO/DPO","mail":"eywlo@digitalpolicy.gov.hk"}
2026-02-15 01:24:38.466 DEBUG DataImportService:53 - {"displayName":"Erica YY HO/DPO","mail":"eyyho@digitalpolicy.gov.hk"}
2026-02-15 01:24:38.468 DEBUG AnnotationConfigApplicationContext:1164 - Closing org.springframework.context.annotation.AnnotationConfigApplicationContext@66565121, started on Sun Feb 15 01:24:37 GMT+08:00 2026
2026-02-15 01:24:38.471 DEBUG DefaultLifecycleProcessor:638 - Stopping beans in phase 1073741823
2026-02-15 01:24:38.471 DEBUG DefaultLifecycleProcessor:484 - Bean 'applicationTaskExecutor' completed its stop procedure
2026-02-15 01:24:38.471 DEBUG DefaultLifecycleProcessor:638 - Stopping beans in phase -2147483647
2026-02-15 01:24:38.471 DEBUG DefaultLifecycleProcessor:484 - Bean 'springBootLoggingLifecycle' completed its stop procedure
2026-02-15 01:24:38.472 DEBUG ThreadPoolTaskExecutor:366 - Shutting down ExecutorService 'applicationTaskExecutor'
2026-02-15 01:25:31.628 DEBUG PropertySourcesPropertyResolver:116 - Found key 'spring.application.name' in PropertySource 'configurationProperties' with value of type String
2026-02-15 01:25:31.704 INFO  DirsyncApplication:54 - Starting DirsyncApplication using Java 25.0.2 with PID 2580 (C:\Users\simon\IdeaProjects\dirsync\target\classes started by simon in C:\Users\simon\IdeaProjects\dirsync)
2026-02-15 01:25:31.704 DEBUG DirsyncApplication:55 - Running with Spring Boot v4.0.2, Spring v7.0.3
2026-02-15 01:25:31.705 INFO  DirsyncApplication:652 - No active profile set, falling back to 1 default profile: "default"
2026-02-15 01:25:31.705 DEBUG SpringApplication:685 - Loading source class com.ctg.innovic.cmmpdi.dirsync.DirsyncApplication
2026-02-15 01:25:31.745 DEBUG AnnotationConfigApplicationContext:677 - Refreshing org.springframework.context.annotation.AnnotationConfigApplicationContext@66565121
2026-02-15 01:25:31.756 DEBUG DefaultListableBeanFactory:306 - Creating shared instance of singleton bean 'org.springframework.context.annotation.internalConfigurationAnnotationProcessor'
2026-02-15 01:25:31.769 DEBUG DefaultListableBeanFactory:306 - Creating shared instance of singleton bean 'org.springframework.boot.autoconfigure.internalCachingMetadataReaderFactory'
2026-02-15 01:25:31.811 DEBUG ClassPathBeanDefinitionScanner:470 - Identified candidate component class: file [C:\Users\simon\IdeaProjects\dirsync\target\classes\com\ctg\innovic\cmmpdi\dirsync\service\DataImportService.class]
2026-02-15 01:25:31.812 DEBUG ClassPathBeanDefinitionScanner:470 - Identified candidate component class: file [C:\Users\simon\IdeaProjects\dirsync\target\classes\com\ctg\innovic\cmmpdi\dirsync\service\GroupService.class]
2026-02-15 01:25:31.813 DEBUG ClassPathBeanDefinitionScanner:470 - Identified candidate component class: file [C:\Users\simon\IdeaProjects\dirsync\target\classes\com\ctg\innovic\cmmpdi\dirsync\service\UserService.class]
2026-02-15 01:25:32.058 INFO  RepositoryConfigurationDelegate:145 - Bootstrapping Spring Data LDAP repositories in DEFAULT mode.
2026-02-15 01:25:32.065 DEBUG DefaultListableBeanFactory:306 - Creating shared instance of singleton bean 'org.springframework.boot.autoconfigure.AutoConfigurationPackages'
2026-02-15 01:25:32.073 DEBUG AutoConfigurationPackages:219 - @EnableAutoConfiguration was declared on a class in the package 'com.ctg.innovic.cmmpdi.dirsync'. Automatic @Repository and @Entity scanning is enabled.
2026-02-15 01:25:32.074 DEBUG RepositoryConfigurationDelegate:155 - Scanning for LDAP repositories in packages com.ctg.innovic.cmmpdi.dirsync.
2026-02-15 01:25:32.090 INFO  RepositoryConfigurationDelegate:213 - Finished Spring Data repository scanning in 13 ms. Found 0 LDAP repository interfaces.
2026-02-15 01:25:32.121 DEBUG DefaultListableBeanFactory:306 - Creating shared instance of singleton bean 'propertySourcesPlaceholderConfigurer'
2026-02-15 01:25:32.125 DEBUG DefaultListableBeanFactory:306 - Creating shared instance of singleton bean 'org.springframework.context.event.internalEventListenerProcessor'
2026-02-15 01:25:32.126 DEBUG DefaultListableBeanFactory:306 - Creating shared instance of singleton bean 'forceAutoProxyCreatorToUseClassProxying'
2026-02-15 01:25:32.126 DEBUG DefaultListableBeanFactory:306 - Creating shared instance of singleton bean 'bootstrapExecutorAliasPostProcessor'
2026-02-15 01:25:32.127 DEBUG DefaultListableBeanFactory:306 - Creating shared instance of singleton bean 'org.springframework.context.event.internalEventListenerFactory'
2026-02-15 01:25:32.131 DEBUG DefaultListableBeanFactory:306 - Creating shared instance of singleton bean 'org.springframework.context.annotation.internalAutowiredAnnotationProcessor'
2026-02-15 01:25:32.132 DEBUG DefaultListableBeanFactory:306 - Creating shared instance of singleton bean 'org.springframework.context.annotation.internalCommonAnnotationProcessor'
2026-02-15 01:25:32.134 DEBUG DefaultListableBeanFactory:306 - Creating shared instance of singleton bean 'org.springframework.boot.context.properties.ConfigurationPropertiesBindingPostProcessor'
2026-02-15 01:25:32.134 DEBUG DefaultListableBeanFactory:306 - Creating shared instance of singleton bean 'org.springframework.boot.context.internalConfigurationPropertiesBinder'
2026-02-15 01:25:32.136 DEBUG DefaultListableBeanFactory:306 - Creating shared instance of singleton bean 'persistenceExceptionTranslationPostProcessor'
2026-02-15 01:25:32.137 DEBUG DefaultListableBeanFactory:953 - Autowiring by type from bean name 'persistenceExceptionTranslationPostProcessor' via factory method to bean named 'environment'
2026-02-15 01:25:32.140 DEBUG DefaultListableBeanFactory:306 - Creating shared instance of singleton bean 'org.springframework.aop.framework.autoproxy.defaultProxyConfig'
2026-02-15 01:25:32.146 DEBUG DefaultListableBeanFactory:306 - Creating shared instance of singleton bean 'org.springframework.aop.config.internalAutoProxyCreator'
2026-02-15 01:25:32.151 DEBUG DefaultListableBeanFactory:306 - Creating shared instance of singleton bean 'applicationTaskExecutor'
2026-02-15 01:25:32.152 DEBUG DefaultListableBeanFactory:306 - Creating shared instance of singleton bean 'org.springframework.boot.autoconfigure.task.TaskExecutorConfigurations$TaskExecutorConfiguration'
2026-02-15 01:25:32.153 DEBUG DefaultListableBeanFactory:306 - Creating shared instance of singleton bean 'threadPoolTaskExecutorBuilder'
2026-02-15 01:25:32.154 DEBUG DefaultListableBeanFactory:306 - Creating shared instance of singleton bean 'org.springframework.boot.autoconfigure.task.TaskExecutorConfigurations$ThreadPoolTaskExecutorBuilderConfiguration'
2026-02-15 01:25:32.156 DEBUG DefaultListableBeanFactory:306 - Creating shared instance of singleton bean 'spring.task.execution-org.springframework.boot.autoconfigure.task.TaskExecutionProperties'
2026-02-15 01:25:32.157 DEBUG DefaultListableBeanFactory:306 - Creating shared instance of singleton bean 'org.springframework.boot.context.properties.BoundConfigurationProperties'
2026-02-15 01:25:32.165 DEBUG DefaultListableBeanFactory:953 - Autowiring by type from bean name 'threadPoolTaskExecutorBuilder' via factory method to bean named 'spring.task.execution-org.springframework.boot.autoconfigure.task.TaskExecutionProperties'
2026-02-15 01:25:32.169 DEBUG DefaultListableBeanFactory:953 - Autowiring by type from bean name 'applicationTaskExecutor' via factory method to bean named 'threadPoolTaskExecutorBuilder'
2026-02-15 01:25:32.176 DEBUG ThreadPoolTaskExecutor:300 - Initializing ExecutorService 'applicationTaskExecutor'
2026-02-15 01:25:32.178 DEBUG DefaultListableBeanFactory:306 - Creating shared instance of singleton bean 'dirsyncApplication'
2026-02-15 01:25:32.178 DEBUG DefaultListableBeanFactory:306 - Creating shared instance of singleton bean 'dataImportService'
2026-02-15 01:25:32.180 DEBUG DefaultListableBeanFactory:306 - Creating shared instance of singleton bean 'groupService'
2026-02-15 01:25:32.181 DEBUG DefaultListableBeanFactory:306 - Creating shared instance of singleton bean 'userService'
2026-02-15 01:25:32.182 DEBUG DefaultListableBeanFactory:306 - Creating shared instance of singleton bean 'org.springframework.boot.autoconfigure.context.PropertyPlaceholderAutoConfiguration'
2026-02-15 01:25:32.184 DEBUG DefaultListableBeanFactory:306 - Creating shared instance of singleton bean 'org.springframework.boot.autoconfigure.aop.AopAutoConfiguration$ClassProxyingConfiguration'
2026-02-15 01:25:32.185 DEBUG DefaultListableBeanFactory:306 - Creating shared instance of singleton bean 'org.springframework.boot.autoconfigure.aop.AopAutoConfiguration'
2026-02-15 01:25:32.185 DEBUG DefaultListableBeanFactory:306 - Creating shared instance of singleton bean 'org.springframework.boot.autoconfigure.availability.ApplicationAvailabilityAutoConfiguration'
2026-02-15 01:25:32.185 DEBUG DefaultListableBeanFactory:306 - Creating shared instance of singleton bean 'applicationAvailability'
2026-02-15 01:25:32.187 DEBUG DefaultListableBeanFactory:306 - Creating shared instance of singleton bean 'org.springframework.boot.autoconfigure.context.ConfigurationPropertiesAutoConfiguration'
2026-02-15 01:25:32.188 DEBUG DefaultListableBeanFactory:306 - Creating shared instance of singleton bean 'org.springframework.boot.context.properties.EnableConfigurationPropertiesRegistrar.methodValidationExcludeFilter'
2026-02-15 01:25:32.192 DEBUG DefaultListableBeanFactory:306 - Creating shared instance of singleton bean 'org.springframework.boot.autoconfigure.context.LifecycleAutoConfiguration'
2026-02-15 01:25:32.193 DEBUG DefaultListableBeanFactory:306 - Creating shared instance of singleton bean 'lifecycleProcessor'
2026-02-15 01:25:32.194 DEBUG DefaultListableBeanFactory:306 - Creating shared instance of singleton bean 'spring.lifecycle-org.springframework.boot.autoconfigure.context.LifecycleProperties'
2026-02-15 01:25:32.195 DEBUG DefaultListableBeanFactory:953 - Autowiring by type from bean name 'lifecycleProcessor' via factory method to bean named 'spring.lifecycle-org.springframework.boot.autoconfigure.context.LifecycleProperties'
2026-02-15 01:25:32.196 DEBUG DefaultListableBeanFactory:306 - Creating shared instance of singleton bean 'org.springframework.boot.autoconfigure.info.ProjectInfoAutoConfiguration'
2026-02-15 01:25:32.199 DEBUG DefaultListableBeanFactory:306 - Creating shared instance of singleton bean 'spring.info-org.springframework.boot.autoconfigure.info.ProjectInfoProperties'
2026-02-15 01:25:32.200 DEBUG DefaultListableBeanFactory:953 - Autowiring by type from bean name 'org.springframework.boot.autoconfigure.info.ProjectInfoAutoConfiguration' via constructor to bean named 'spring.info-org.springframework.boot.autoconfigure.info.ProjectInfoProperties'
2026-02-15 01:25:32.200 DEBUG DefaultListableBeanFactory:306 - Creating shared instance of singleton bean 'org.springframework.boot.autoconfigure.ssl.SslAutoConfiguration'
2026-02-15 01:25:32.201 DEBUG DefaultListableBeanFactory:306 - Creating shared instance of singleton bean 'spring.ssl-org.springframework.boot.autoconfigure.ssl.SslProperties'
2026-02-15 01:25:32.202 DEBUG DefaultListableBeanFactory:953 - Autowiring by type from bean name 'org.springframework.boot.autoconfigure.ssl.SslAutoConfiguration' via constructor to bean named 'org.springframework.context.annotation.AnnotationConfigApplicationContext@66565121'
2026-02-15 01:25:32.202 DEBUG DefaultListableBeanFactory:953 - Autowiring by type from bean name 'org.springframework.boot.autoconfigure.ssl.SslAutoConfiguration' via constructor to bean named 'spring.ssl-org.springframework.boot.autoconfigure.ssl.SslProperties'
2026-02-15 01:25:32.204 DEBUG DefaultListableBeanFactory:306 - Creating shared instance of singleton bean 'fileWatcher'
2026-02-15 01:25:32.205 DEBUG DefaultListableBeanFactory:306 - Creating shared instance of singleton bean 'sslPropertiesSslBundleRegistrar'
2026-02-15 01:25:32.205 DEBUG DefaultListableBeanFactory:953 - Autowiring by type from bean name 'sslPropertiesSslBundleRegistrar' via factory method to bean named 'fileWatcher'
2026-02-15 01:25:32.207 DEBUG DefaultListableBeanFactory:306 - Creating shared instance of singleton bean 'sslBundleRegistry'
2026-02-15 01:25:32.211 DEBUG DefaultListableBeanFactory:306 - Creating shared instance of singleton bean 'org.springframework.boot.autoconfigure.task.TaskExecutorConfigurations$SimpleAsyncTaskExecutorBuilderConfiguration'
2026-02-15 01:25:32.213 DEBUG DefaultListableBeanFactory:953 - Autowiring by type from bean name 'org.springframework.boot.autoconfigure.task.TaskExecutorConfigurations$SimpleAsyncTaskExecutorBuilderConfiguration' via constructor to bean named 'spring.task.execution-org.springframework.boot.autoconfigure.task.TaskExecutionProperties'
2026-02-15 01:25:32.214 DEBUG DefaultListableBeanFactory:306 - Creating shared instance of singleton bean 'simpleAsyncTaskExecutorBuilder'
2026-02-15 01:25:32.216 DEBUG DefaultListableBeanFactory:306 - Creating shared instance of singleton bean 'org.springframework.boot.autoconfigure.task.TaskExecutorConfigurations$AsyncConfigurerConfiguration'
2026-02-15 01:25:32.216 DEBUG DefaultListableBeanFactory:306 - Creating shared instance of singleton bean 'applicationTaskExecutorAsyncConfigurer'
2026-02-15 01:25:32.217 DEBUG DefaultListableBeanFactory:953 - Autowiring by type from bean name 'applicationTaskExecutorAsyncConfigurer' via factory method to bean named 'org.springframework.beans.factory.support.DefaultListableBeanFactory@239b0f9d'
2026-02-15 01:25:32.217 DEBUG DefaultListableBeanFactory:306 - Creating shared instance of singleton bean 'org.springframework.boot.autoconfigure.task.TaskExecutorConfigurations$BootstrapExecutorConfiguration'
2026-02-15 01:25:32.218 DEBUG DefaultListableBeanFactory:306 - Creating shared instance of singleton bean 'org.springframework.boot.autoconfigure.task.TaskExecutionAutoConfiguration'
2026-02-15 01:25:32.219 DEBUG DefaultListableBeanFactory:306 - Creating shared instance of singleton bean 'org.springframework.boot.autoconfigure.task.TaskSchedulingConfigurations$ThreadPoolTaskSchedulerBuilderConfiguration'
2026-02-15 01:25:32.219 DEBUG DefaultListableBeanFactory:306 - Creating shared instance of singleton bean 'threadPoolTaskSchedulerBuilder'
2026-02-15 01:25:32.220 DEBUG DefaultListableBeanFactory:306 - Creating shared instance of singleton bean 'spring.task.scheduling-org.springframework.boot.autoconfigure.task.TaskSchedulingProperties'
2026-02-15 01:25:32.221 DEBUG DefaultListableBeanFactory:953 - Autowiring by type from bean name 'threadPoolTaskSchedulerBuilder' via factory method to bean named 'spring.task.scheduling-org.springframework.boot.autoconfigure.task.TaskSchedulingProperties'
2026-02-15 01:25:32.223 DEBUG DefaultListableBeanFactory:306 - Creating shared instance of singleton bean 'org.springframework.boot.autoconfigure.task.TaskSchedulingConfigurations$SimpleAsyncTaskSchedulerBuilderConfiguration'
2026-02-15 01:25:32.224 DEBUG DefaultListableBeanFactory:953 - Autowiring by type from bean name 'org.springframework.boot.autoconfigure.task.TaskSchedulingConfigurations$SimpleAsyncTaskSchedulerBuilderConfiguration' via constructor to bean named 'spring.task.scheduling-org.springframework.boot.autoconfigure.task.TaskSchedulingProperties'
2026-02-15 01:25:32.225 DEBUG DefaultListableBeanFactory:306 - Creating shared instance of singleton bean 'simpleAsyncTaskSchedulerBuilder'
2026-02-15 01:25:32.226 DEBUG DefaultListableBeanFactory:306 - Creating shared instance of singleton bean 'org.springframework.boot.autoconfigure.task.TaskSchedulingAutoConfiguration'
2026-02-15 01:25:32.228 DEBUG DefaultListableBeanFactory:306 - Creating shared instance of singleton bean 'org.springframework.boot.data.ldap.autoconfigure.DataLdapRepositoriesAutoConfiguration'
2026-02-15 01:25:32.229 DEBUG DefaultListableBeanFactory:306 - Creating shared instance of singleton bean 'ldapMappingContext'
2026-02-15 01:25:32.238 DEBUG DefaultListableBeanFactory:306 - Creating shared instance of singleton bean 'data-ldap.repository-aot-processor#0'
2026-02-15 01:25:32.242 DEBUG DefaultListableBeanFactory:306 - Creating shared instance of singleton bean 'org.springframework.boot.ldap.autoconfigure.LdapAutoConfiguration'
2026-02-15 01:25:32.243 DEBUG DefaultListableBeanFactory:306 - Creating shared instance of singleton bean 'propertiesLdapConnectionDetails'
2026-02-15 01:25:32.243 DEBUG DefaultListableBeanFactory:306 - Creating shared instance of singleton bean 'spring.ldap-org.springframework.boot.ldap.autoconfigure.LdapProperties'
2026-02-15 01:25:32.245 DEBUG DefaultListableBeanFactory:953 - Autowiring by type from bean name 'propertiesLdapConnectionDetails' via factory method to bean named 'spring.ldap-org.springframework.boot.ldap.autoconfigure.LdapProperties'
2026-02-15 01:25:32.245 DEBUG DefaultListableBeanFactory:953 - Autowiring by type from bean name 'propertiesLdapConnectionDetails' via factory method to bean named 'environment'
2026-02-15 01:25:32.246 DEBUG DefaultListableBeanFactory:306 - Creating shared instance of singleton bean 'ldapContextSource'
2026-02-15 01:25:32.247 DEBUG DefaultListableBeanFactory:953 - Autowiring by type from bean name 'ldapContextSource' via factory method to bean named 'propertiesLdapConnectionDetails'
2026-02-15 01:25:32.247 DEBUG DefaultListableBeanFactory:953 - Autowiring by type from bean name 'ldapContextSource' via factory method to bean named 'spring.ldap-org.springframework.boot.ldap.autoconfigure.LdapProperties'
2026-02-15 01:25:32.265 DEBUG AbstractContextSource:417 - AuthenticationSource not set - using default implementation
2026-02-15 01:25:32.266 INFO  AbstractContextSource:419 - Property 'userDn' not set - anonymous context will be used for read-only operations
2026-02-15 01:25:32.266 DEBUG AbstractContextSource:447 - Not using LDAP pooling
2026-02-15 01:25:32.267 DEBUG AbstractContextSource:468 - Trying provider Urls: ldap://localhost:389
2026-02-15 01:25:32.267 DEBUG DefaultListableBeanFactory:306 - Creating shared instance of singleton bean 'objectDirectoryMapper'
2026-02-15 01:25:32.271 DEBUG DefaultListableBeanFactory:306 - Creating shared instance of singleton bean 'ldapTemplate'
2026-02-15 01:25:32.271 DEBUG DefaultListableBeanFactory:953 - Autowiring by type from bean name 'ldapTemplate' via factory method to bean named 'spring.ldap-org.springframework.boot.ldap.autoconfigure.LdapProperties'
2026-02-15 01:25:32.272 DEBUG DefaultListableBeanFactory:953 - Autowiring by type from bean name 'ldapTemplate' via factory method to bean named 'ldapContextSource'
2026-02-15 01:25:32.272 DEBUG DefaultListableBeanFactory:953 - Autowiring by type from bean name 'ldapTemplate' via factory method to bean named 'objectDirectoryMapper'
2026-02-15 01:25:32.277 DEBUG DefaultListableBeanFactory:306 - Creating shared instance of singleton bean 'org.springframework.boot.persistence.autoconfigure.PersistenceExceptionTranslationAutoConfiguration'
2026-02-15 01:25:32.278 DEBUG DefaultListableBeanFactory:306 - Creating shared instance of singleton bean 'org.springframework.boot.transaction.autoconfigure.TransactionManagerCustomizationAutoConfiguration'
2026-02-15 01:25:32.278 DEBUG DefaultListableBeanFactory:306 - Creating shared instance of singleton bean 'platformTransactionManagerCustomizers'
2026-02-15 01:25:32.280 DEBUG DefaultListableBeanFactory:306 - Creating shared instance of singleton bean 'transactionExecutionListeners'
2026-02-15 01:25:32.281 DEBUG DefaultListableBeanFactory:306 - Creating shared instance of singleton bean 'spring.transaction-org.springframework.boot.transaction.autoconfigure.TransactionProperties'
2026-02-15 01:25:32.284 DEBUG DefaultListableBeanFactory:306 - Creating shared instance of singleton bean 'org.springframework.boot.transaction.autoconfigure.TransactionAutoConfiguration'
2026-02-15 01:25:32.293 DEBUG DefaultLifecycleProcessor:608 - Starting beans in phase -2147483647
2026-02-15 01:25:32.293 DEBUG DefaultLifecycleProcessor:426 - Successfully started bean 'springBootLoggingLifecycle'
2026-02-15 01:25:32.293 DEBUG DefaultLifecycleProcessor:608 - Starting beans in phase 1073741823
2026-02-15 01:25:32.299 DEBUG ConditionEvaluationReportLogger:72 - 


============================
CONDITIONS EVALUATION REPORT
============================


Positive matches:
-----------------

   AopAutoConfiguration matched:
      - @ConditionalOnBooleanProperty (spring.aop.auto=true) matched (OnPropertyCondition)

   AopAutoConfiguration.ClassProxyingConfiguration matched:
      - @ConditionalOnMissingClass did not find unwanted class 'org.aspectj.weaver.Advice' (OnClassCondition)
      - @ConditionalOnBooleanProperty (spring.aop.proxy-target-class=true) matched (OnPropertyCondition)

   ApplicationAvailabilityAutoConfiguration#applicationAvailability matched:
      - @ConditionalOnMissingBean (types: org.springframework.boot.availability.ApplicationAvailability; SearchStrategy: all) did not find any beans (OnBeanCondition)

   DataLdapRepositoriesAutoConfiguration matched:
      - @ConditionalOnClass found required classes 'javax.naming.ldap.LdapContext', 'org.springframework.data.ldap.repository.LdapRepository' (OnClassCondition)
      - @ConditionalOnBooleanProperty (spring.data.ldap.repositories.enabled=true) matched (OnPropertyCondition)
      - @ConditionalOnMissingBean (types: org.springframework.data.ldap.repository.support.LdapRepositoryFactoryBean; SearchStrategy: all) did not find any beans (OnBeanCondition)

   LdapAutoConfiguration matched:
      - @ConditionalOnClass found required class 'org.springframework.ldap.core.ContextSource' (OnClassCondition)

   LdapAutoConfiguration#ldapContextSource matched:
      - @ConditionalOnMissingBean (types: org.springframework.ldap.core.support.LdapContextSource; SearchStrategy: all) did not find any beans (OnBeanCondition)

   LdapAutoConfiguration#ldapTemplate matched:
      - @ConditionalOnMissingBean (types: org.springframework.ldap.core.LdapOperations; SearchStrategy: all) did not find any beans (OnBeanCondition)

   LdapAutoConfiguration#objectDirectoryMapper matched:
      - @ConditionalOnMissingBean (types: org.springframework.ldap.odm.core.ObjectDirectoryMapper; SearchStrategy: all) did not find any beans (OnBeanCondition)

   LdapAutoConfiguration#propertiesLdapConnectionDetails matched:
      - @ConditionalOnMissingBean (types: org.springframework.boot.ldap.autoconfigure.LdapConnectionDetails; SearchStrategy: all) did not find any beans (OnBeanCondition)

   LifecycleAutoConfiguration#defaultLifecycleProcessor matched:
      - @ConditionalOnMissingBean (names: lifecycleProcessor; SearchStrategy: current) did not find any beans (OnBeanCondition)

   PersistenceExceptionTranslationAutoConfiguration matched:
      - @ConditionalOnClass found required class 'org.springframework.dao.annotation.PersistenceExceptionTranslationPostProcessor' (OnClassCondition)

   PersistenceExceptionTranslationAutoConfiguration#persistenceExceptionTranslationPostProcessor matched:
      - @ConditionalOnBooleanProperty (spring.persistence.exceptiontranslation.enabled=true) matched (OnPropertyCondition)
      - @ConditionalOnMissingBean (types: org.springframework.dao.annotation.PersistenceExceptionTranslationPostProcessor; SearchStrategy: all) did not find any beans (OnBeanCondition)

   PropertyPlaceholderAutoConfiguration#propertySourcesPlaceholderConfigurer matched:
      - @ConditionalOnMissingBean (types: org.springframework.context.support.PropertySourcesPlaceholderConfigurer; SearchStrategy: current) did not find any beans (OnBeanCondition)

   SslAutoConfiguration#sslBundleRegistry matched:
      - @ConditionalOnMissingBean (types: org.springframework.boot.ssl.SslBundleRegistry,org.springframework.boot.ssl.SslBundles; SearchStrategy: all) did not find any beans (OnBeanCondition)

   TaskExecutionAutoConfiguration matched:
      - @ConditionalOnClass found required class 'org.springframework.scheduling.concurrent.ThreadPoolTaskExecutor' (OnClassCondition)

   TaskExecutorConfigurations.AsyncConfigurerConfiguration matched:
      - @ConditionalOnMissingBean (types: org.springframework.scheduling.annotation.AsyncConfigurer; SearchStrategy: all) did not find any beans (OnBeanCondition)

   TaskExecutorConfigurations.SimpleAsyncTaskExecutorBuilderConfiguration#simpleAsyncTaskExecutorBuilder matched:
      - @ConditionalOnThreading found PLATFORM (OnThreadingCondition)
      - @ConditionalOnMissingBean (types: org.springframework.boot.task.SimpleAsyncTaskExecutorBuilder; SearchStrategy: all) did not find any beans (OnBeanCondition)

   TaskExecutorConfigurations.TaskExecutorConfiguration matched:
      - AnyNestedCondition 1 matched 1 did not; NestedCondition on TaskExecutorConfigurations.OnExecutorCondition.ModelCondition @ConditionalOnProperty (spring.task.execution.mode=force) did not find property 'spring.task.execution.mode'; NestedCondition on TaskExecutorConfigurations.OnExecutorCondition.ExecutorBeanCondition @ConditionalOnMissingBean (types: java.util.concurrent.Executor; SearchStrategy: all) did not find any beans (TaskExecutorConfigurations.OnExecutorCondition)

   TaskExecutorConfigurations.TaskExecutorConfiguration#applicationTaskExecutor matched:
      - @ConditionalOnThreading found PLATFORM (OnThreadingCondition)

   TaskExecutorConfigurations.ThreadPoolTaskExecutorBuilderConfiguration#threadPoolTaskExecutorBuilder matched:
      - @ConditionalOnMissingBean (types: org.springframework.boot.task.ThreadPoolTaskExecutorBuilder; SearchStrategy: all) did not find any beans (OnBeanCondition)

   TaskSchedulingAutoConfiguration matched:
      - @ConditionalOnClass found required class 'org.springframework.scheduling.concurrent.ThreadPoolTaskScheduler' (OnClassCondition)

   TaskSchedulingConfigurations.SimpleAsyncTaskSchedulerBuilderConfiguration#simpleAsyncTaskSchedulerBuilder matched:
      - @ConditionalOnMissingBean (types: org.springframework.boot.task.SimpleAsyncTaskSchedulerBuilder; SearchStrategy: all) did not find any beans (OnBeanCondition)
      - @ConditionalOnThreading found PLATFORM (OnThreadingCondition)

   TaskSchedulingConfigurations.ThreadPoolTaskSchedulerBuilderConfiguration#threadPoolTaskSchedulerBuilder matched:
      - @ConditionalOnMissingBean (types: org.springframework.boot.task.ThreadPoolTaskSchedulerBuilder; SearchStrategy: all) did not find any beans (OnBeanCondition)

   TransactionAutoConfiguration matched:
      - @ConditionalOnClass found required class 'org.springframework.transaction.PlatformTransactionManager' (OnClassCondition)

   TransactionManagerCustomizationAutoConfiguration matched:
      - @ConditionalOnClass found required class 'org.springframework.transaction.PlatformTransactionManager' (OnClassCondition)

   TransactionManagerCustomizationAutoConfiguration#platformTransactionManagerCustomizers matched:
      - @ConditionalOnMissingBean (types: org.springframework.boot.transaction.autoconfigure.TransactionManagerCustomizers; SearchStrategy: all) did not find any beans (OnBeanCondition)


Negative matches:
-----------------

   AopAutoConfiguration.AspectJAutoProxyingConfiguration:
      Did not match:
         - @ConditionalOnClass did not find required class 'org.aspectj.weaver.Advice' (OnClassCondition)

   DataRepositoryMetricsAutoConfiguration:
      Did not match:
         - @ConditionalOnBean (types: io.micrometer.core.instrument.MeterRegistry; SearchStrategy: all) did not find any beans of type io.micrometer.core.instrument.MeterRegistry (OnBeanCondition)
      Matched:
         - @ConditionalOnClass found required class 'org.springframework.data.repository.Repository' (OnClassCondition)

   DataWebAutoConfiguration:
      Did not match:
         - @ConditionalOnClass did not find required class 'org.springframework.data.web.PageableHandlerMethodArgumentResolver' (OnClassCondition)

   EmbeddedLdapAutoConfiguration:
      Did not match:
         - @ConditionalOnClass did not find required class 'com.unboundid.ldap.listener.InMemoryDirectoryServer' (OnClassCondition)

   JmxAutoConfiguration:
      Did not match:
         - @ConditionalOnBooleanProperty (spring.jmx.enabled=true) did not find property 'spring.jmx.enabled' (OnPropertyCondition)
      Matched:
         - @ConditionalOnClass found required class 'org.springframework.jmx.export.MBeanExporter' (OnClassCondition)

   JtaAutoConfiguration:
      Did not match:
         - @ConditionalOnClass did not find required class 'jakarta.transaction.Transaction' (OnClassCondition)

   LdapHealthContributorAutoConfiguration:
      Did not match:
         - @ConditionalOnClass did not find required class 'org.springframework.boot.health.autoconfigure.contributor.ConditionalOnEnabledHealthIndicator' (OnClassCondition)

   MessageSourceAutoConfiguration:
      Did not match:
         - ResourceBundle did not find bundle with basename messages (MessageSourceAutoConfiguration.ResourceBundleCondition)

   ProjectInfoAutoConfiguration#buildProperties:
      Did not match:
         - @ConditionalOnResource did not find resource '${spring.info.build.location:classpath:META-INF/build-info.properties}' (OnResourceCondition)

   ProjectInfoAutoConfiguration#gitProperties:
      Did not match:
         - GitResource did not find git info at classpath:git.properties (ProjectInfoAutoConfiguration.GitResourceAvailableCondition)

   SpringApplicationAdminJmxAutoConfiguration:
      Did not match:
         - @ConditionalOnBooleanProperty (spring.application.admin.enabled=true) did not find property 'spring.application.admin.enabled' (OnPropertyCondition)

   TaskExecutorConfigurations.AsyncConfigurerWrapperConfiguration:
      Did not match:
         - @ConditionalOnBean (types: org.springframework.scheduling.annotation.AsyncConfigurer; SearchStrategy: all) did not find any beans of type org.springframework.scheduling.annotation.AsyncConfigurer (OnBeanCondition)

   TaskExecutorConfigurations.SimpleAsyncTaskExecutorBuilderConfiguration#simpleAsyncTaskExecutorBuilderVirtualThreads:
      Did not match:
         - @ConditionalOnThreading did not find VIRTUAL (OnThreadingCondition)

   TaskExecutorConfigurations.TaskExecutorConfiguration#applicationTaskExecutorVirtualThreads:
      Did not match:
         - @ConditionalOnThreading did not find VIRTUAL (OnThreadingCondition)

   TaskSchedulingAutoConfiguration#scheduledBeanLazyInitializationExcludeFilter:
      Did not match:
         - @ConditionalOnBean (names: org.springframework.scheduling.config.internalScheduledAnnotationProcessor; SearchStrategy: all) did not find any beans named org.springframework.scheduling.config.internalScheduledAnnotationProcessor (OnBeanCondition)

   TaskSchedulingConfigurations.SimpleAsyncTaskSchedulerBuilderConfiguration#simpleAsyncTaskSchedulerBuilderVirtualThreads:
      Did not match:
         - @ConditionalOnThreading did not find VIRTUAL (OnThreadingCondition)

   TaskSchedulingConfigurations.TaskSchedulerConfiguration:
      Did not match:
         - @ConditionalOnBean (names: org.springframework.scheduling.config.internalScheduledAnnotationProcessor; SearchStrategy: all) did not find any beans named org.springframework.scheduling.config.internalScheduledAnnotationProcessor (OnBeanCondition)

   TransactionAutoConfiguration#transactionalOperator:
      Did not match:
         - @ConditionalOnSingleCandidate (types: org.springframework.transaction.ReactiveTransactionManager; SearchStrategy: all) did not find any beans (OnBeanCondition)

   TransactionAutoConfiguration.AspectJTransactionManagementConfiguration:
      Did not match:
         - @ConditionalOnBean did not find required type 'org.springframework.transaction.aspectj.AbstractTransactionAspect' (OnBeanCondition)
         - @ConditionalOnBean (types: org.springframework.transaction.aspectj.AbstractTransactionAspect; SearchStrategy: all) did not find any beans of type org.springframework.transaction.aspectj.AbstractTransactionAspect (OnBeanCondition)

   TransactionAutoConfiguration.EnableTransactionManagementConfiguration:
      Did not match:
         - @ConditionalOnBean (types: org.springframework.transaction.TransactionManager; SearchStrategy: all) did not find any beans of type org.springframework.transaction.TransactionManager (OnBeanCondition)

   TransactionAutoConfiguration.EnableTransactionManagementConfiguration.CglibAutoProxyConfiguration:
      Did not match:
         - Ancestor org.springframework.boot.transaction.autoconfigure.TransactionAutoConfiguration$EnableTransactionManagementConfiguration did not match (ConditionEvaluationReport.AncestorsMatchedCondition)
      Matched:
         - @ConditionalOnBooleanProperty (spring.aop.proxy-target-class=true) matched (OnPropertyCondition)

   TransactionAutoConfiguration.EnableTransactionManagementConfiguration.JdkDynamicAutoProxyConfiguration:
      Did not match:
         - @ConditionalOnBooleanProperty (spring.aop.proxy-target-class=false) did not find property 'spring.aop.proxy-target-class' (OnPropertyCondition)
         - Ancestor org.springframework.boot.transaction.autoconfigure.TransactionAutoConfiguration$EnableTransactionManagementConfiguration did not match (ConditionEvaluationReport.AncestorsMatchedCondition)

   TransactionAutoConfiguration.TransactionTemplateConfiguration:
      Did not match:
         - @ConditionalOnSingleCandidate (types: org.springframework.transaction.PlatformTransactionManager; SearchStrategy: all) did not find any beans (OnBeanCondition)


Exclusions:
-----------

    None


Unconditional classes:
----------------------

    org.springframework.boot.autoconfigure.context.ConfigurationPropertiesAutoConfiguration

    org.springframework.boot.autoconfigure.ssl.SslAutoConfiguration

    org.springframework.boot.autoconfigure.context.LifecycleAutoConfiguration

    org.springframework.boot.autoconfigure.context.PropertyPlaceholderAutoConfiguration

    org.springframework.boot.autoconfigure.availability.ApplicationAvailabilityAutoConfiguration

    org.springframework.boot.autoconfigure.info.ProjectInfoAutoConfiguration



2026-02-15 01:25:32.300 INFO  DirsyncApplication:60 - Started DirsyncApplication in 0.867 seconds (process running for 1.57)
2026-02-15 01:25:32.301 DEBUG ApplicationAvailabilityBean:78 - Application availability state LivenessState changed to CORRECT
2026-02-15 01:25:32.303 DEBUG ApplicationAvailabilityBean:78 - Application availability state ReadinessState changed to ACCEPTING_TRAFFIC
2026-02-15 01:25:32.304 INFO  DataImportService:27 - Start to import directory information into target LDAP...
2026-02-15 01:25:32.337 DEBUG BooleanConverter:353 - Setting default value: false
2026-02-15 01:25:32.337 DEBUG BooleanConverter:140 - Converting 'Boolean' value 'false' to type 'Boolean'
2026-02-15 01:25:32.337 DEBUG BooleanConverter:162 -     No conversion required, value is already a Boolean
2026-02-15 01:25:32.338 DEBUG ByteConverter:353 - Setting default value: 0
2026-02-15 01:25:32.338 DEBUG ByteConverter:140 - Converting 'Integer' value '0' to type 'Byte'
2026-02-15 01:25:32.339 DEBUG ByteConverter:171 -     Converted to Byte value '0'
2026-02-15 01:25:32.339 DEBUG CharacterConverter:353 - Setting default value:  
2026-02-15 01:25:32.340 DEBUG CharacterConverter:140 - Converting 'Character' value ' ' to type 'Character'
2026-02-15 01:25:32.340 DEBUG CharacterConverter:162 -     No conversion required, value is already a Character
2026-02-15 01:25:32.340 DEBUG DoubleConverter:353 - Setting default value: 0
2026-02-15 01:25:32.340 DEBUG DoubleConverter:140 - Converting 'Integer' value '0' to type 'Double'
2026-02-15 01:25:32.340 DEBUG DoubleConverter:171 -     Converted to Double value '0.0'
2026-02-15 01:25:32.341 DEBUG FloatConverter:353 - Setting default value: 0
2026-02-15 01:25:32.341 DEBUG FloatConverter:140 - Converting 'Integer' value '0' to type 'Float'
2026-02-15 01:25:32.341 DEBUG FloatConverter:171 -     Converted to Float value '0.0'
2026-02-15 01:25:32.342 DEBUG IntegerConverter:353 - Setting default value: 0
2026-02-15 01:25:32.342 DEBUG IntegerConverter:140 - Converting 'Integer' value '0' to type 'Integer'
2026-02-15 01:25:32.342 DEBUG IntegerConverter:162 -     No conversion required, value is already a Integer
2026-02-15 01:25:32.342 DEBUG LongConverter:353 - Setting default value: 0
2026-02-15 01:25:32.343 DEBUG LongConverter:140 - Converting 'Integer' value '0' to type 'Long'
2026-02-15 01:25:32.343 DEBUG LongConverter:171 -     Converted to Long value '0'
2026-02-15 01:25:32.343 DEBUG ShortConverter:353 - Setting default value: 0
2026-02-15 01:25:32.343 DEBUG ShortConverter:140 - Converting 'Integer' value '0' to type 'Short'
2026-02-15 01:25:32.343 DEBUG ShortConverter:171 -     Converted to Short value '0'
2026-02-15 01:25:32.358 DEBUG BigDecimalConverter:353 - Setting default value: 0.0
2026-02-15 01:25:32.358 DEBUG BigDecimalConverter:140 - Converting 'BigDecimal' value '0.0' to type 'BigDecimal'
2026-02-15 01:25:32.358 DEBUG BigDecimalConverter:162 -     No conversion required, value is already a BigDecimal
2026-02-15 01:25:32.358 DEBUG BigIntegerConverter:353 - Setting default value: 0
2026-02-15 01:25:32.359 DEBUG BigIntegerConverter:140 - Converting 'BigInteger' value '0' to type 'BigInteger'
2026-02-15 01:25:32.359 DEBUG BigIntegerConverter:162 -     No conversion required, value is already a BigInteger
2026-02-15 01:25:32.359 DEBUG BooleanConverter:353 - Setting default value: false
2026-02-15 01:25:32.359 DEBUG BooleanConverter:140 - Converting 'Boolean' value 'false' to type 'Boolean'
2026-02-15 01:25:32.359 DEBUG BooleanConverter:162 -     No conversion required, value is already a Boolean
2026-02-15 01:25:32.359 DEBUG ByteConverter:353 - Setting default value: 0
2026-02-15 01:25:32.359 DEBUG ByteConverter:140 - Converting 'Integer' value '0' to type 'Byte'
2026-02-15 01:25:32.359 DEBUG ByteConverter:171 -     Converted to Byte value '0'
2026-02-15 01:25:32.359 DEBUG CharacterConverter:353 - Setting default value:  
2026-02-15 01:25:32.360 DEBUG CharacterConverter:140 - Converting 'Character' value ' ' to type 'Character'
2026-02-15 01:25:32.360 DEBUG CharacterConverter:162 -     No conversion required, value is already a Character
2026-02-15 01:25:32.360 DEBUG DoubleConverter:353 - Setting default value: 0
2026-02-15 01:25:32.360 DEBUG DoubleConverter:140 - Converting 'Integer' value '0' to type 'Double'
2026-02-15 01:25:32.360 DEBUG DoubleConverter:171 -     Converted to Double value '0.0'
2026-02-15 01:25:32.360 DEBUG FloatConverter:353 - Setting default value: 0
2026-02-15 01:25:32.360 DEBUG FloatConverter:140 - Converting 'Integer' value '0' to type 'Float'
2026-02-15 01:25:32.360 DEBUG FloatConverter:171 -     Converted to Float value '0.0'
2026-02-15 01:25:32.360 DEBUG IntegerConverter:353 - Setting default value: 0
2026-02-15 01:25:32.360 DEBUG IntegerConverter:140 - Converting 'Integer' value '0' to type 'Integer'
2026-02-15 01:25:32.361 DEBUG IntegerConverter:162 -     No conversion required, value is already a Integer
2026-02-15 01:25:32.361 DEBUG LongConverter:353 - Setting default value: 0
2026-02-15 01:25:32.361 DEBUG LongConverter:140 - Converting 'Integer' value '0' to type 'Long'
2026-02-15 01:25:32.361 DEBUG LongConverter:171 -     Converted to Long value '0'
2026-02-15 01:25:32.361 DEBUG ShortConverter:353 - Setting default value: 0
2026-02-15 01:25:32.361 DEBUG ShortConverter:140 - Converting 'Integer' value '0' to type 'Short'
2026-02-15 01:25:32.361 DEBUG ShortConverter:171 -     Converted to Short value '0'
2026-02-15 01:25:32.362 DEBUG StringConverter:353 - Setting default value: 
2026-02-15 01:25:32.362 DEBUG StringConverter:140 - Converting 'String' value '' to type 'String'
2026-02-15 01:25:32.364 DEBUG ArrayConverter:353 - Setting default value: [Z@23b3aa8c
2026-02-15 01:25:32.364 DEBUG ArrayConverter:140 - Converting 'boolean[]' value '[Z@23b3aa8c' to type 'boolean[]'
2026-02-15 01:25:32.365 DEBUG ArrayConverter:162 -     No conversion required, value is already a boolean[]
2026-02-15 01:25:32.365 DEBUG ArrayConverter:353 - Setting default value: [B@99407c2
2026-02-15 01:25:32.365 DEBUG ArrayConverter:140 - Converting 'byte[]' value '[B@99407c2' to type 'byte[]'
2026-02-15 01:25:32.365 DEBUG ArrayConverter:162 -     No conversion required, value is already a byte[]
2026-02-15 01:25:32.365 DEBUG ArrayConverter:353 - Setting default value: [C@6c796cc1
2026-02-15 01:25:32.365 DEBUG ArrayConverter:140 - Converting 'char[]' value '[C@6c796cc1' to type 'char[]'
2026-02-15 01:25:32.365 DEBUG ArrayConverter:162 -     No conversion required, value is already a char[]
2026-02-15 01:25:32.365 DEBUG ArrayConverter:353 - Setting default value: [D@226eba67
2026-02-15 01:25:32.365 DEBUG ArrayConverter:140 - Converting 'double[]' value '[D@226eba67' to type 'double[]'
2026-02-15 01:25:32.365 DEBUG ArrayConverter:162 -     No conversion required, value is already a double[]
2026-02-15 01:25:32.366 DEBUG ArrayConverter:353 - Setting default value: [F@1cb7936c
2026-02-15 01:25:32.366 DEBUG ArrayConverter:140 - Converting 'float[]' value '[F@1cb7936c' to type 'float[]'
2026-02-15 01:25:32.366 DEBUG ArrayConverter:162 -     No conversion required, value is already a float[]
2026-02-15 01:25:32.366 DEBUG ArrayConverter:353 - Setting default value: [I@35342d2f
2026-02-15 01:25:32.366 DEBUG ArrayConverter:140 - Converting 'int[]' value '[I@35342d2f' to type 'int[]'
2026-02-15 01:25:32.366 DEBUG ArrayConverter:162 -     No conversion required, value is already a int[]
2026-02-15 01:25:32.366 DEBUG ArrayConverter:353 - Setting default value: [J@128c502c
2026-02-15 01:25:32.366 DEBUG ArrayConverter:140 - Converting 'long[]' value '[J@128c502c' to type 'long[]'
2026-02-15 01:25:32.366 DEBUG ArrayConverter:162 -     No conversion required, value is already a long[]
2026-02-15 01:25:32.366 DEBUG ArrayConverter:353 - Setting default value: [S@45667d98
2026-02-15 01:25:32.367 DEBUG ArrayConverter:140 - Converting 'short[]' value '[S@45667d98' to type 'short[]'
2026-02-15 01:25:32.367 DEBUG ArrayConverter:162 -     No conversion required, value is already a short[]
2026-02-15 01:25:32.367 DEBUG ArrayConverter:353 - Setting default value: [Ljava.math.BigDecimal;@65eabaab
2026-02-15 01:25:32.367 DEBUG ArrayConverter:140 - Converting 'BigDecimal[]' value '[Ljava.math.BigDecimal;@65eabaab' to type 'BigDecimal[]'
2026-02-15 01:25:32.367 DEBUG ArrayConverter:162 -     No conversion required, value is already a BigDecimal[]
2026-02-15 01:25:32.367 DEBUG ArrayConverter:353 - Setting default value: [Ljava.math.BigInteger;@1de9d54
2026-02-15 01:25:32.367 DEBUG ArrayConverter:140 - Converting 'BigInteger[]' value '[Ljava.math.BigInteger;@1de9d54' to type 'BigInteger[]'
2026-02-15 01:25:32.367 DEBUG ArrayConverter:162 -     No conversion required, value is already a BigInteger[]
2026-02-15 01:25:32.368 DEBUG ArrayConverter:353 - Setting default value: [Ljava.lang.Boolean;@47ad69f7
2026-02-15 01:25:32.368 DEBUG ArrayConverter:140 - Converting 'Boolean[]' value '[Ljava.lang.Boolean;@47ad69f7' to type 'Boolean[]'
2026-02-15 01:25:32.368 DEBUG ArrayConverter:162 -     No conversion required, value is already a Boolean[]
2026-02-15 01:25:32.368 DEBUG ArrayConverter:353 - Setting default value: [Ljava.lang.Byte;@5e5073ab
2026-02-15 01:25:32.368 DEBUG ArrayConverter:140 - Converting 'Byte[]' value '[Ljava.lang.Byte;@5e5073ab' to type 'Byte[]'
2026-02-15 01:25:32.368 DEBUG ArrayConverter:162 -     No conversion required, value is already a Byte[]
2026-02-15 01:25:32.368 DEBUG ArrayConverter:353 - Setting default value: [Ljava.lang.Character;@100c567f
2026-02-15 01:25:32.368 DEBUG ArrayConverter:140 - Converting 'Character[]' value '[Ljava.lang.Character;@100c567f' to type 'Character[]'
2026-02-15 01:25:32.368 DEBUG ArrayConverter:162 -     No conversion required, value is already a Character[]
2026-02-15 01:25:32.368 DEBUG ArrayConverter:353 - Setting default value: [Ljava.lang.Double;@6d5037a9
2026-02-15 01:25:32.369 DEBUG ArrayConverter:140 - Converting 'Double[]' value '[Ljava.lang.Double;@6d5037a9' to type 'Double[]'
2026-02-15 01:25:32.369 DEBUG ArrayConverter:162 -     No conversion required, value is already a Double[]
2026-02-15 01:25:32.369 DEBUG ArrayConverter:353 - Setting default value: [Ljava.lang.Float;@30669dac
2026-02-15 01:25:32.369 DEBUG ArrayConverter:140 - Converting 'Float[]' value '[Ljava.lang.Float;@30669dac' to type 'Float[]'
2026-02-15 01:25:32.369 DEBUG ArrayConverter:162 -     No conversion required, value is already a Float[]
2026-02-15 01:25:32.369 DEBUG ArrayConverter:353 - Setting default value: [Ljava.lang.Integer;@6a282fdd
2026-02-15 01:25:32.370 DEBUG ArrayConverter:140 - Converting 'Integer[]' value '[Ljava.lang.Integer;@6a282fdd' to type 'Integer[]'
2026-02-15 01:25:32.370 DEBUG ArrayConverter:162 -     No conversion required, value is already a Integer[]
2026-02-15 01:25:32.370 DEBUG ArrayConverter:353 - Setting default value: [Ljava.lang.Long;@70331432
2026-02-15 01:25:32.370 DEBUG ArrayConverter:140 - Converting 'Long[]' value '[Ljava.lang.Long;@70331432' to type 'Long[]'
2026-02-15 01:25:32.370 DEBUG ArrayConverter:162 -     No conversion required, value is already a Long[]
2026-02-15 01:25:32.370 DEBUG ArrayConverter:353 - Setting default value: [Ljava.lang.Short;@10c2064a
2026-02-15 01:25:32.371 DEBUG ArrayConverter:140 - Converting 'Short[]' value '[Ljava.lang.Short;@10c2064a' to type 'Short[]'
2026-02-15 01:25:32.371 DEBUG ArrayConverter:162 -     No conversion required, value is already a Short[]
2026-02-15 01:25:32.371 DEBUG ArrayConverter:353 - Setting default value: [Ljava.lang.String;@6ff415ad
2026-02-15 01:25:32.371 DEBUG ArrayConverter:140 - Converting 'String[]' value '[Ljava.lang.String;@6ff415ad' to type 'String[]'
2026-02-15 01:25:32.371 DEBUG ArrayConverter:162 -     No conversion required, value is already a String[]
2026-02-15 01:25:32.371 DEBUG ArrayConverter:353 - Setting default value: [Ljava.lang.Class;@280d9edc
2026-02-15 01:25:32.371 DEBUG ArrayConverter:140 - Converting 'Class[]' value '[Ljava.lang.Class;@280d9edc' to type 'Class[]'
2026-02-15 01:25:32.372 DEBUG ArrayConverter:162 -     No conversion required, value is already a Class[]
2026-02-15 01:25:32.372 DEBUG ArrayConverter:353 - Setting default value: [Ljava.util.Date;@28fd3dc1
2026-02-15 01:25:32.372 DEBUG ArrayConverter:140 - Converting 'Date[]' value '[Ljava.util.Date;@28fd3dc1' to type 'Date[]'
2026-02-15 01:25:32.372 DEBUG ArrayConverter:162 -     No conversion required, value is already a Date[]
2026-02-15 01:25:32.372 DEBUG ArrayConverter:353 - Setting default value: [Ljava.util.Calendar;@108d55c4
2026-02-15 01:25:32.372 DEBUG ArrayConverter:140 - Converting 'Calendar[]' value '[Ljava.util.Calendar;@108d55c4' to type 'Calendar[]'
2026-02-15 01:25:32.372 DEBUG ArrayConverter:162 -     No conversion required, value is already a Calendar[]
2026-02-15 01:25:32.372 DEBUG ArrayConverter:353 - Setting default value: [Ljava.io.File;@15e0fe05
2026-02-15 01:25:32.373 DEBUG ArrayConverter:140 - Converting 'java.io.File[]' value '[Ljava.io.File;@15e0fe05' to type 'java.io.File[]'
2026-02-15 01:25:32.373 DEBUG ArrayConverter:162 -     No conversion required, value is already a java.io.File[]
2026-02-15 01:25:32.373 DEBUG ArrayConverter:353 - Setting default value: [Ljava.sql.Date;@6bf13698
2026-02-15 01:25:32.373 DEBUG ArrayConverter:140 - Converting 'java.sql.Date[]' value '[Ljava.sql.Date;@6bf13698' to type 'java.sql.Date[]'
2026-02-15 01:25:32.373 DEBUG ArrayConverter:162 -     No conversion required, value is already a java.sql.Date[]
2026-02-15 01:25:32.373 DEBUG ArrayConverter:353 - Setting default value: [Ljava.sql.Time;@3b90a30a
2026-02-15 01:25:32.373 DEBUG ArrayConverter:140 - Converting 'java.sql.Time[]' value '[Ljava.sql.Time;@3b90a30a' to type 'java.sql.Time[]'
2026-02-15 01:25:32.373 DEBUG ArrayConverter:162 -     No conversion required, value is already a java.sql.Time[]
2026-02-15 01:25:32.374 DEBUG ArrayConverter:353 - Setting default value: [Ljava.sql.Timestamp;@bdd2027
2026-02-15 01:25:32.374 DEBUG ArrayConverter:140 - Converting 'java.sql.Timestamp[]' value '[Ljava.sql.Timestamp;@bdd2027' to type 'java.sql.Timestamp[]'
2026-02-15 01:25:32.374 DEBUG ArrayConverter:162 -     No conversion required, value is already a java.sql.Timestamp[]
2026-02-15 01:25:32.374 DEBUG ArrayConverter:353 - Setting default value: [Ljava.net.URL;@f446158
2026-02-15 01:25:32.374 DEBUG ArrayConverter:140 - Converting 'java.net.URL[]' value '[Ljava.net.URL;@f446158' to type 'java.net.URL[]'
2026-02-15 01:25:32.374 DEBUG ArrayConverter:162 -     No conversion required, value is already a java.net.URL[]
2026-02-15 01:25:32.393 DEBUG ConvertUtils:481 - Convert string 'e-ACPC System Administrator/OUTSOURCER/DPO' to class 'java.lang.String'
2026-02-15 01:25:32.394 DEBUG StringConverter:140 - Converting 'String' value 'e-ACPC System Administrator/OUTSOURCER/DPO' to type 'String'
2026-02-15 01:25:32.394 DEBUG ConvertUtils:481 - Convert string 'e-ACPC Support/DPO' to class 'java.lang.String'
2026-02-15 01:25:32.394 DEBUG StringConverter:140 - Converting 'String' value 'e-ACPC Support/DPO' to type 'String'
2026-02-15 01:25:32.395 DEBUG ConvertUtils:481 - Convert string 'Edward BY CHEE/DPO' to class 'java.lang.String'
2026-02-15 01:25:32.396 DEBUG StringConverter:140 - Converting 'String' value 'Edward BY CHEE/DPO' to type 'String'
2026-02-15 01:25:32.396 DEBUG ConvertUtils:481 - Convert string 'e-ACPC Admin/DPO' to class 'java.lang.String'
2026-02-15 01:25:32.396 DEBUG StringConverter:140 - Converting 'String' value 'e-ACPC Admin/DPO' to type 'String'
2026-02-15 01:25:32.397 DEBUG ConvertUtils:481 - Convert string 'DPO E-Business Support Team/DPO' to class 'java.lang.String'
2026-02-15 01:25:32.397 DEBUG StringConverter:140 - Converting 'String' value 'DPO E-Business Support Team/DPO' to type 'String'
2026-02-15 01:25:32.397 DEBUG ConvertUtils:481 - Convert string 'e-CardHK Technical Support/DPO' to class 'java.lang.String'
2026-02-15 01:25:32.397 DEBUG StringConverter:140 - Converting 'String' value 'e-CardHK Technical Support/DPO' to type 'String'
2026-02-15 01:25:32.397 DEBUG ConvertUtils:481 - Convert string 'Eden CC KIM/DPO' to class 'java.lang.String'
2026-02-15 01:25:32.398 DEBUG StringConverter:140 - Converting 'String' value 'Eden CC KIM/DPO' to type 'String'
2026-02-15 01:25:32.398 DEBUG ConvertUtils:481 - Convert string 'Elvis CC LI/DPO' to class 'java.lang.String'
2026-02-15 01:25:32.398 DEBUG StringConverter:140 - Converting 'String' value 'Elvis CC LI/DPO' to type 'String'
2026-02-15 01:25:32.398 DEBUG ConvertUtils:481 - Convert string 'Edward CC WONG/DPO' to class 'java.lang.String'
2026-02-15 01:25:32.399 DEBUG StringConverter:140 - Converting 'String' value 'Edward CC WONG/DPO' to type 'String'
2026-02-15 01:25:32.399 DEBUG ConvertUtils:481 - Convert string 'Eli CF LAM/DPO' to class 'java.lang.String'
2026-02-15 01:25:32.399 DEBUG StringConverter:140 - Converting 'String' value 'Eli CF LAM/DPO' to type 'String'
2026-02-15 01:25:32.400 DEBUG ConvertUtils:481 - Convert string 'Eddie CH CHEN/DPO' to class 'java.lang.String'
2026-02-15 01:25:32.400 DEBUG StringConverter:140 - Converting 'String' value 'Eddie CH CHEN/DPO' to type 'String'
2026-02-15 01:25:32.400 DEBUG ConvertUtils:481 - Convert string 'Edward CH LEUNG/DPO' to class 'java.lang.String'
2026-02-15 01:25:32.400 DEBUG StringConverter:140 - Converting 'String' value 'Edward CH LEUNG/DPO' to type 'String'
2026-02-15 01:25:32.400 DEBUG ConvertUtils:481 - Convert string 'eacpc_admin@digitalpolicy.gov.hk' to class 'java.lang.String'
2026-02-15 01:25:32.401 DEBUG StringConverter:140 - Converting 'String' value 'eacpc_admin@digitalpolicy.gov.hk' to type 'String'
2026-02-15 01:25:32.401 DEBUG ConvertUtils:481 - Convert string 'Pay e-Cheque Portal Client Advisory/DPO' to class 'java.lang.String'
2026-02-15 01:25:32.401 DEBUG StringConverter:140 - Converting 'String' value 'Pay e-Cheque Portal Client Advisory/DPO' to type 'String'
2026-02-15 01:25:32.401 DEBUG ConvertUtils:481 - Convert string 'Pay e-Cheque Portal Support Team/DPO' to class 'java.lang.String'
2026-02-15 01:25:32.402 DEBUG StringConverter:140 - Converting 'String' value 'Pay e-Cheque Portal Support Team/DPO' to type 'String'
2026-02-15 01:25:32.402 DEBUG ConvertUtils:481 - Convert string 'Eddy CK CHEUNG/DPO' to class 'java.lang.String'
2026-02-15 01:25:32.402 DEBUG StringConverter:140 - Converting 'String' value 'Eddy CK CHEUNG/DPO' to type 'String'
2026-02-15 01:25:32.402 DEBUG ConvertUtils:481 - Convert string 'Edwin CK FOK/DPO' to class 'java.lang.String'
2026-02-15 01:25:32.402 DEBUG StringConverter:140 - Converting 'String' value 'Edwin CK FOK/DPO' to type 'String'
2026-02-15 01:25:32.402 DEBUG ConvertUtils:481 - Convert string 'eacpc-support@digitalpolicy.gov.hk' to class 'java.lang.String'
2026-02-15 01:25:32.403 DEBUG StringConverter:140 - Converting 'String' value 'eacpc-support@digitalpolicy.gov.hk' to type 'String'
2026-02-15 01:25:32.403 DEBUG ConvertUtils:481 - Convert string 'ebychee@digitalpolicy.gov.hk' to class 'java.lang.String'
2026-02-15 01:25:32.403 DEBUG StringConverter:140 - Converting 'String' value 'ebychee@digitalpolicy.gov.hk' to type 'String'
2026-02-15 01:25:32.403 DEBUG ConvertUtils:481 - Convert string 'eacpc-admin@digitalpolicy.gov.hk' to class 'java.lang.String'
2026-02-15 01:25:32.403 DEBUG StringConverter:140 - Converting 'String' value 'eacpc-admin@digitalpolicy.gov.hk' to type 'String'
2026-02-15 01:25:32.403 DEBUG ConvertUtils:481 - Convert string 'ebsupport@digitalpolicy.gov.hk' to class 'java.lang.String'
2026-02-15 01:25:32.403 DEBUG StringConverter:140 - Converting 'String' value 'ebsupport@digitalpolicy.gov.hk' to type 'String'
2026-02-15 01:25:32.403 DEBUG ConvertUtils:481 - Convert string 'e-cardhk_ts@digitalpolicy.gov.hk' to class 'java.lang.String'
2026-02-15 01:25:32.404 DEBUG StringConverter:140 - Converting 'String' value 'e-cardhk_ts@digitalpolicy.gov.hk' to type 'String'
2026-02-15 01:25:32.404 DEBUG ConvertUtils:481 - Convert string 'ecckim@digitalpolicy.gov.hk' to class 'java.lang.String'
2026-02-15 01:25:32.404 DEBUG StringConverter:140 - Converting 'String' value 'ecckim@digitalpolicy.gov.hk' to type 'String'
2026-02-15 01:25:32.404 DEBUG ConvertUtils:481 - Convert string 'eccli@digitalpolicy.gov.hk' to class 'java.lang.String'
2026-02-15 01:25:32.404 DEBUG StringConverter:140 - Converting 'String' value 'eccli@digitalpolicy.gov.hk' to type 'String'
2026-02-15 01:25:32.404 DEBUG ConvertUtils:481 - Convert string 'eccwong@digitalpolicy.gov.hk' to class 'java.lang.String'
2026-02-15 01:25:32.404 DEBUG StringConverter:140 - Converting 'String' value 'eccwong@digitalpolicy.gov.hk' to type 'String'
2026-02-15 01:25:32.404 DEBUG ConvertUtils:481 - Convert string 'ecflam@digitalpolicy.gov.hk' to class 'java.lang.String'
2026-02-15 01:25:32.405 DEBUG StringConverter:140 - Converting 'String' value 'ecflam@digitalpolicy.gov.hk' to type 'String'
2026-02-15 01:25:32.405 DEBUG ConvertUtils:481 - Convert string 'echchen@digitalpolicy.gov.hk' to class 'java.lang.String'
2026-02-15 01:25:32.405 DEBUG StringConverter:140 - Converting 'String' value 'echchen@digitalpolicy.gov.hk' to type 'String'
2026-02-15 01:25:32.405 DEBUG ConvertUtils:481 - Convert string 'echleung@digitalpolicy.gov.hk' to class 'java.lang.String'
2026-02-15 01:25:32.405 DEBUG StringConverter:140 - Converting 'String' value 'echleung@digitalpolicy.gov.hk' to type 'String'
2026-02-15 01:25:32.405 DEBUG ConvertUtils:481 - Convert string 'Eric CM AU/DPO' to class 'java.lang.String'
2026-02-15 01:25:32.405 DEBUG StringConverter:140 - Converting 'String' value 'Eric CM AU/DPO' to type 'String'
2026-02-15 01:25:32.406 DEBUG ConvertUtils:481 - Convert string 'echqpt_advisory@digitalpolicy.gov.hk' to class 'java.lang.String'
2026-02-15 01:25:32.406 DEBUG StringConverter:140 - Converting 'String' value 'echqpt_advisory@digitalpolicy.gov.hk' to type 'String'
2026-02-15 01:25:32.406 DEBUG ConvertUtils:481 - Convert string 'echqpt_support@digitalpolicy.gov.hk' to class 'java.lang.String'
2026-02-15 01:25:32.406 DEBUG StringConverter:140 - Converting 'String' value 'echqpt_support@digitalpolicy.gov.hk' to type 'String'
2026-02-15 01:25:32.406 DEBUG ConvertUtils:481 - Convert string 'eckcheung@digitalpolicy.gov.hk' to class 'java.lang.String'
2026-02-15 01:25:32.406 DEBUG StringConverter:140 - Converting 'String' value 'eckcheung@digitalpolicy.gov.hk' to type 'String'
2026-02-15 01:25:32.406 DEBUG ConvertUtils:481 - Convert string 'eckfok@digitalpolicy.gov.hk' to class 'java.lang.String'
2026-02-15 01:25:32.407 DEBUG StringConverter:140 - Converting 'String' value 'eckfok@digitalpolicy.gov.hk' to type 'String'
2026-02-15 01:25:32.407 DEBUG ConvertUtils:481 - Convert string 'Edmond CM LAU/DPO' to class 'java.lang.String'
2026-02-15 01:25:32.407 DEBUG StringConverter:140 - Converting 'String' value 'Edmond CM LAU/DPO' to type 'String'
2026-02-15 01:25:32.407 DEBUG ConvertUtils:481 - Convert string 'Eric CM WONG/DPO' to class 'java.lang.String'
2026-02-15 01:25:32.407 DEBUG StringConverter:140 - Converting 'String' value 'Eric CM WONG/DPO' to type 'String'
2026-02-15 01:25:32.407 DEBUG ConvertUtils:481 - Convert string 'Ethan CY CHONG/DPO' to class 'java.lang.String'
2026-02-15 01:25:32.407 DEBUG StringConverter:140 - Converting 'String' value 'Ethan CY CHONG/DPO' to type 'String'
2026-02-15 01:25:32.408 DEBUG ConvertUtils:481 - Convert string 'Eddy CY YIU/DPO' to class 'java.lang.String'
2026-02-15 01:25:32.408 DEBUG StringConverter:140 - Converting 'String' value 'Eddy CY YIU/DPO' to type 'String'
2026-02-15 01:25:32.408 DEBUG ConvertUtils:481 - Convert string 'Edgar SF WONG/DPO' to class 'java.lang.String'
2026-02-15 01:25:32.408 DEBUG StringConverter:140 - Converting 'String' value 'Edgar SF WONG/DPO' to type 'String'
2026-02-15 01:25:32.408 DEBUG ConvertUtils:481 - Convert string 'Edith KW MOK/DPO' to class 'java.lang.String'
2026-02-15 01:25:32.408 DEBUG StringConverter:140 - Converting 'String' value 'Edith KW MOK/DPO' to type 'String'
2026-02-15 01:25:32.408 DEBUG ConvertUtils:481 - Convert string 'Edmond YH CHAN/DPO' to class 'java.lang.String'
2026-02-15 01:25:32.409 DEBUG StringConverter:140 - Converting 'String' value 'Edmond YH CHAN/DPO' to type 'String'
2026-02-15 01:25:32.409 DEBUG ConvertUtils:481 - Convert string 'Edward KW NG/DPO' to class 'java.lang.String'
2026-02-15 01:25:32.409 DEBUG StringConverter:140 - Converting 'String' value 'Edward KW NG/DPO' to type 'String'
2026-02-15 01:25:32.409 DEBUG ConvertUtils:481 - Convert string 'DPO E-FAX Operator/DPO' to class 'java.lang.String'
2026-02-15 01:25:32.409 DEBUG StringConverter:140 - Converting 'String' value 'DPO E-FAX Operator/DPO' to type 'String'
2026-02-15 01:25:32.409 DEBUG ConvertUtils:481 - Convert string 'DPO E-FAX Operator Supplies/DPO' to class 'java.lang.String'
2026-02-15 01:25:32.409 DEBUG StringConverter:140 - Converting 'String' value 'DPO E-FAX Operator Supplies/DPO' to type 'String'
2026-02-15 01:25:32.410 DEBUG ConvertUtils:481 - Convert string 'DPO E-FAX Operator IT/DPO' to class 'java.lang.String'
2026-02-15 01:25:32.410 DEBUG StringConverter:140 - Converting 'String' value 'DPO E-FAX Operator IT/DPO' to type 'String'
2026-02-15 01:25:32.410 DEBUG ConvertUtils:481 - Convert string 'ecmau@digitalpolicy.gov.hk' to class 'java.lang.String'
2026-02-15 01:25:32.410 DEBUG StringConverter:140 - Converting 'String' value 'ecmau@digitalpolicy.gov.hk' to type 'String'
2026-02-15 01:25:32.410 DEBUG ConvertUtils:481 - Convert string 'DG IT Support2/DPO' to class 'java.lang.String'
2026-02-15 01:25:32.410 DEBUG StringConverter:140 - Converting 'String' value 'DG IT Support2/DPO' to type 'String'
2026-02-15 01:25:32.411 DEBUG ConvertUtils:481 - Convert string 'DPO User1 EFFO/DPO' to class 'java.lang.String'
2026-02-15 01:25:32.411 DEBUG StringConverter:140 - Converting 'String' value 'DPO User1 EFFO/DPO' to type 'String'
2026-02-15 01:25:32.411 DEBUG ConvertUtils:481 - Convert string 'Mobile User2 EFFO/DPO' to class 'java.lang.String'
2026-02-15 01:25:32.411 DEBUG StringConverter:140 - Converting 'String' value 'Mobile User2 EFFO/DPO' to type 'String'
2026-02-15 01:25:32.411 DEBUG ConvertUtils:481 - Convert string 'effomobuser4/DPO' to class 'java.lang.String'
2026-02-15 01:25:32.411 DEBUG StringConverter:140 - Converting 'String' value 'effomobuser4/DPO' to type 'String'
2026-02-15 01:25:32.411 DEBUG ConvertUtils:481 - Convert string 'ecmlau@digitalpolicy.gov.hk' to class 'java.lang.String'
2026-02-15 01:25:32.412 DEBUG StringConverter:140 - Converting 'String' value 'ecmlau@digitalpolicy.gov.hk' to type 'String'
2026-02-15 01:25:32.412 DEBUG ConvertUtils:481 - Convert string 'ecmwong@digitalpolicy.gov.hk' to class 'java.lang.String'
2026-02-15 01:25:32.412 DEBUG StringConverter:140 - Converting 'String' value 'ecmwong@digitalpolicy.gov.hk' to type 'String'
2026-02-15 01:25:32.412 DEBUG ConvertUtils:481 - Convert string 'ecychong@digitalpolicy.gov.hk' to class 'java.lang.String'
2026-02-15 01:25:32.412 DEBUG StringConverter:140 - Converting 'String' value 'ecychong@digitalpolicy.gov.hk' to type 'String'
2026-02-15 01:25:32.412 DEBUG ConvertUtils:481 - Convert string 'ecyyiu@digitalpolicy.gov.hk' to class 'java.lang.String'
2026-02-15 01:25:32.412 DEBUG StringConverter:140 - Converting 'String' value 'ecyyiu@digitalpolicy.gov.hk' to type 'String'
2026-02-15 01:25:32.412 DEBUG ConvertUtils:481 - Convert string 'edgarsiufaiwong@digitalpolicy.gov.hk' to class 'java.lang.String'
2026-02-15 01:25:32.412 DEBUG StringConverter:140 - Converting 'String' value 'edgarsiufaiwong@digitalpolicy.gov.hk' to type 'String'
2026-02-15 01:25:32.413 DEBUG ConvertUtils:481 - Convert string 'edithkwmok@digitalpolicy.gov.hk' to class 'java.lang.String'
2026-02-15 01:25:32.413 DEBUG StringConverter:140 - Converting 'String' value 'edithkwmok@digitalpolicy.gov.hk' to type 'String'
2026-02-15 01:25:32.413 DEBUG ConvertUtils:481 - Convert string 'edmondyhchan@digitalpolicy.gov.hk' to class 'java.lang.String'
2026-02-15 01:25:32.413 DEBUG StringConverter:140 - Converting 'String' value 'edmondyhchan@digitalpolicy.gov.hk' to type 'String'
2026-02-15 01:25:32.413 DEBUG ConvertUtils:481 - Convert string 'edwardkawaing@digitalpolicy.gov.hk' to class 'java.lang.String'
2026-02-15 01:25:32.413 DEBUG StringConverter:140 - Converting 'String' value 'edwardkawaing@digitalpolicy.gov.hk' to type 'String'
2026-02-15 01:25:32.413 DEBUG ConvertUtils:481 - Convert string 'e-fax@digitalpolicy.gov.hk' to class 'java.lang.String'
2026-02-15 01:25:32.413 DEBUG StringConverter:140 - Converting 'String' value 'e-fax@digitalpolicy.gov.hk' to type 'String'
2026-02-15 01:25:32.414 DEBUG ConvertUtils:481 - Convert string 'efax_supplies_quotation@digitalpolicy.gov.hk' to class 'java.lang.String'
2026-02-15 01:25:32.414 DEBUG StringConverter:140 - Converting 'String' value 'efax_supplies_quotation@digitalpolicy.gov.hk' to type 'String'
2026-02-15 01:25:32.414 DEBUG ConvertUtils:481 - Convert string 'e-fax-it@digitalpolicy.gov.hk' to class 'java.lang.String'
2026-02-15 01:25:32.414 DEBUG StringConverter:140 - Converting 'String' value 'e-fax-it@digitalpolicy.gov.hk' to type 'String'
2026-02-15 01:25:32.414 DEBUG ConvertUtils:481 - Convert string 'e-Form Support Team/DPO' to class 'java.lang.String'
2026-02-15 01:25:32.414 DEBUG StringConverter:140 - Converting 'String' value 'e-Form Support Team/DPO' to type 'String'
2026-02-15 01:25:32.414 DEBUG ConvertUtils:481 - Convert string 'effoadmin@digitalpolicy.gov.hk' to class 'java.lang.String'
2026-02-15 01:25:32.414 DEBUG StringConverter:140 - Converting 'String' value 'effoadmin@digitalpolicy.gov.hk' to type 'String'
2026-02-15 01:25:32.415 DEBUG ConvertUtils:481 - Convert string 'effodpouser1@digitalpolicy.gov.hk' to class 'java.lang.String'
2026-02-15 01:25:32.415 DEBUG StringConverter:140 - Converting 'String' value 'effodpouser1@digitalpolicy.gov.hk' to type 'String'
2026-02-15 01:25:32.415 DEBUG ConvertUtils:481 - Convert string 'effomobuser2@digitalpolicy.gov.hk' to class 'java.lang.String'
2026-02-15 01:25:32.415 DEBUG StringConverter:140 - Converting 'String' value 'effomobuser2@digitalpolicy.gov.hk' to type 'String'
2026-02-15 01:25:32.415 DEBUG ConvertUtils:481 - Convert string 'effomobuser4@digitalpolicy.gov.hk' to class 'java.lang.String'
2026-02-15 01:25:32.415 DEBUG StringConverter:140 - Converting 'String' value 'effomobuser4@digitalpolicy.gov.hk' to type 'String'
2026-02-15 01:25:32.415 DEBUG ConvertUtils:481 - Convert string 'eForm Development Account/DPO' to class 'java.lang.String'
2026-02-15 01:25:32.415 DEBUG StringConverter:140 - Converting 'String' value 'eForm Development Account/DPO' to type 'String'
2026-02-15 01:25:32.416 DEBUG ConvertUtils:481 - Convert string 'eForm Services/DPO' to class 'java.lang.String'
2026-02-15 01:25:32.416 DEBUG StringConverter:140 - Converting 'String' value 'eForm Services/DPO' to type 'String'
2026-02-15 01:25:32.416 DEBUG ConvertUtils:481 - Convert string 'Eric FY LAW/DPO' to class 'java.lang.String'
2026-02-15 01:25:32.416 DEBUG StringConverter:140 - Converting 'String' value 'Eric FY LAW/DPO' to type 'String'
2026-02-15 01:25:32.417 DEBUG ConvertUtils:481 - Convert string 'e-Government Audit Programme Office/DPO' to class 'java.lang.String'
2026-02-15 01:25:32.417 DEBUG StringConverter:140 - Converting 'String' value 'e-Government Audit Programme Office/DPO' to type 'String'
2026-02-15 01:25:32.417 DEBUG ConvertUtils:481 - Convert string 'EGIS Support Team/DPO' to class 'java.lang.String'
2026-02-15 01:25:32.417 DEBUG StringConverter:140 - Converting 'String' value 'EGIS Support Team/DPO' to type 'String'
2026-02-15 01:25:32.417 DEBUG ConvertUtils:481 - Convert string 'EGIS Support Contractor/OUTSOURCER/DPO' to class 'java.lang.String'
2026-02-15 01:25:32.417 DEBUG StringConverter:140 - Converting 'String' value 'EGIS Support Contractor/OUTSOURCER/DPO' to type 'String'
2026-02-15 01:25:32.418 DEBUG ConvertUtils:481 - Convert string 'EGIS Support Contractor - HP/OUTSOURCER/DPO' to class 'java.lang.String'
2026-02-15 01:25:32.418 DEBUG StringConverter:140 - Converting 'String' value 'EGIS Support Contractor - HP/OUTSOURCER/DPO' to type 'String'
2026-02-15 01:25:32.418 DEBUG ConvertUtils:481 - Convert string 'eHelpdesk/DPO' to class 'java.lang.String'
2026-02-15 01:25:32.418 DEBUG StringConverter:140 - Converting 'String' value 'eHelpdesk/DPO' to type 'String'
2026-02-15 01:25:32.418 DEBUG ConvertUtils:481 - Convert string 'eHelpdesk Test/DPO' to class 'java.lang.String'
2026-02-15 01:25:32.418 DEBUG StringConverter:140 - Converting 'String' value 'eHelpdesk Test/DPO' to type 'String'
2026-02-15 01:25:32.418 DEBUG ConvertUtils:481 - Convert string 'Edward HM LEE/DPO' to class 'java.lang.String'
2026-02-15 01:25:32.419 DEBUG StringConverter:140 - Converting 'String' value 'Edward HM LEE/DPO' to type 'String'
2026-02-15 01:25:32.419 DEBUG ConvertUtils:481 - Convert string 'Eric HY MING/DPO' to class 'java.lang.String'
2026-02-15 01:25:32.419 DEBUG StringConverter:140 - Converting 'String' value 'Eric HY MING/DPO' to type 'String'
2026-02-15 01:25:32.419 DEBUG ConvertUtils:481 - Convert string 'eform@digitalpolicy.gov.hk' to class 'java.lang.String'
2026-02-15 01:25:32.419 DEBUG StringConverter:140 - Converting 'String' value 'eform@digitalpolicy.gov.hk' to type 'String'
2026-02-15 01:25:32.419 DEBUG ConvertUtils:481 - Convert string 'Edwin HY WONG/DPO' to class 'java.lang.String'
2026-02-15 01:25:32.419 DEBUG StringConverter:140 - Converting 'String' value 'Edwin HY WONG/DPO' to type 'String'
2026-02-15 01:25:32.419 DEBUG ConvertUtils:481 - Convert string 'EIM Programme Management Office/DPO' to class 'java.lang.String'
2026-02-15 01:25:32.420 DEBUG StringConverter:140 - Converting 'String' value 'EIM Programme Management Office/DPO' to type 'String'
2026-02-15 01:25:32.420 DEBUG ConvertUtils:481 - Convert string 'EIMS Support/DPO' to class 'java.lang.String'
2026-02-15 01:25:32.420 DEBUG StringConverter:140 - Converting 'String' value 'EIMS Support/DPO' to type 'String'
2026-02-15 01:25:32.420 DEBUG ConvertUtils:481 - Convert string 'EIMSG Secretary/DPO' to class 'java.lang.String'
2026-02-15 01:25:32.420 DEBUG StringConverter:140 - Converting 'String' value 'EIMSG Secretary/DPO' to type 'String'
2026-02-15 01:25:32.420 DEBUG ConvertUtils:481 - Convert string 'eformdevelopmentaccount@digitalpolicy.gov.hk' to class 'java.lang.String'
2026-02-15 01:25:32.420 DEBUG StringConverter:140 - Converting 'String' value 'eformdevelopmentaccount@digitalpolicy.gov.hk' to type 'String'
2026-02-15 01:25:32.420 DEBUG ConvertUtils:481 - Convert string 'eformservices@digitalpolicy.gov.hk' to class 'java.lang.String'
2026-02-15 01:25:32.420 DEBUG StringConverter:140 - Converting 'String' value 'eformservices@digitalpolicy.gov.hk' to type 'String'
2026-02-15 01:25:32.420 DEBUG ConvertUtils:481 - Convert string 'efylaw@digitalpolicy.gov.hk' to class 'java.lang.String'
2026-02-15 01:25:32.421 DEBUG StringConverter:140 - Converting 'String' value 'efylaw@digitalpolicy.gov.hk' to type 'String'
2026-02-15 01:25:32.421 DEBUG ConvertUtils:481 - Convert string 'egapo@digitalpolicy.gov.hk' to class 'java.lang.String'
2026-02-15 01:25:32.421 DEBUG StringConverter:140 - Converting 'String' value 'egapo@digitalpolicy.gov.hk' to type 'String'
2026-02-15 01:25:32.421 DEBUG ConvertUtils:481 - Convert string 'egis_support@digitalpolicy.gov.hk' to class 'java.lang.String'
2026-02-15 01:25:32.421 DEBUG StringConverter:140 - Converting 'String' value 'egis_support@digitalpolicy.gov.hk' to type 'String'
2026-02-15 01:25:32.421 DEBUG ConvertUtils:481 - Convert string 'egis_support_contractor@digitalpolicy.gov.hk' to class 'java.lang.String'
2026-02-15 01:25:32.421 DEBUG StringConverter:140 - Converting 'String' value 'egis_support_contractor@digitalpolicy.gov.hk' to type 'String'
2026-02-15 01:25:32.421 DEBUG ConvertUtils:481 - Convert string 'egis_support_contractor_hp@digitalpolicy.gov.hk' to class 'java.lang.String'
2026-02-15 01:25:32.421 DEBUG StringConverter:140 - Converting 'String' value 'egis_support_contractor_hp@digitalpolicy.gov.hk' to type 'String'
2026-02-15 01:25:32.421 DEBUG ConvertUtils:481 - Convert string 'ehelpdesk@digitalpolicy.gov.hk' to class 'java.lang.String'
2026-02-15 01:25:32.421 DEBUG StringConverter:140 - Converting 'String' value 'ehelpdesk@digitalpolicy.gov.hk' to type 'String'
2026-02-15 01:25:32.421 DEBUG ConvertUtils:481 - Convert string 'ehelpdesktest@digitalpolicy.gov.hk' to class 'java.lang.String'
2026-02-15 01:25:32.423 DEBUG StringConverter:140 - Converting 'String' value 'ehelpdesktest@digitalpolicy.gov.hk' to type 'String'
2026-02-15 01:25:32.423 DEBUG ConvertUtils:481 - Convert string 'ehmlee@digitalpolicy.gov.hk' to class 'java.lang.String'
2026-02-15 01:25:32.423 DEBUG StringConverter:140 - Converting 'String' value 'ehmlee@digitalpolicy.gov.hk' to type 'String'
2026-02-15 01:25:32.423 DEBUG ConvertUtils:481 - Convert string 'ehyming@digitalpolicy.gov.hk' to class 'java.lang.String'
2026-02-15 01:25:32.423 DEBUG StringConverter:140 - Converting 'String' value 'ehyming@digitalpolicy.gov.hk' to type 'String'
2026-02-15 01:25:32.423 DEBUG ConvertUtils:481 - Convert string 'EIMWG Secretary/DPO' to class 'java.lang.String'
2026-02-15 01:25:32.423 DEBUG StringConverter:140 - Converting 'String' value 'EIMWG Secretary/DPO' to type 'String'
2026-02-15 01:25:32.423 DEBUG ConvertUtils:481 - Convert string 'ehywong@digitalpolicy.gov.hk' to class 'java.lang.String'
2026-02-15 01:25:32.424 DEBUG StringConverter:140 - Converting 'String' value 'ehywong@digitalpolicy.gov.hk' to type 'String'
2026-02-15 01:25:32.424 DEBUG ConvertUtils:481 - Convert string 'eimpmo@digitalpolicy.gov.hk' to class 'java.lang.String'
2026-02-15 01:25:32.424 DEBUG StringConverter:140 - Converting 'String' value 'eimpmo@digitalpolicy.gov.hk' to type 'String'
2026-02-15 01:25:32.424 DEBUG ConvertUtils:481 - Convert string 'eims_support@digitalpolicy.gov.hk' to class 'java.lang.String'
2026-02-15 01:25:32.424 DEBUG StringConverter:140 - Converting 'String' value 'eims_support@digitalpolicy.gov.hk' to type 'String'
2026-02-15 01:25:32.424 DEBUG ConvertUtils:481 - Convert string 'eimsg_secretary@digitalpolicy.gov.hk' to class 'java.lang.String'
2026-02-15 01:25:32.424 DEBUG StringConverter:140 - Converting 'String' value 'eimsg_secretary@digitalpolicy.gov.hk' to type 'String'
2026-02-15 01:25:32.424 DEBUG ConvertUtils:481 - Convert string 'Eglus KC TAM/DPO' to class 'java.lang.String'
2026-02-15 01:25:32.424 DEBUG StringConverter:140 - Converting 'String' value 'Eglus KC TAM/DPO' to type 'String'
2026-02-15 01:25:32.425 DEBUG ConvertUtils:481 - Convert string 'Edward KL CHAN/DPO' to class 'java.lang.String'
2026-02-15 01:25:32.425 DEBUG StringConverter:140 - Converting 'String' value 'Edward KL CHAN/DPO' to type 'String'
2026-02-15 01:25:32.425 DEBUG ConvertUtils:481 - Convert string 'Edmund KM CHANG/DPO' to class 'java.lang.String'
2026-02-15 01:25:32.425 DEBUG StringConverter:140 - Converting 'String' value 'Edmund KM CHANG/DPO' to type 'String'
2026-02-15 01:25:32.425 DEBUG ConvertUtils:481 - Convert string 'Eric KS LAU/DPO' to class 'java.lang.String'
2026-02-15 01:25:32.425 DEBUG StringConverter:140 - Converting 'String' value 'Eric KS LAU/DPO' to type 'String'
2026-02-15 01:25:32.425 DEBUG ConvertUtils:481 - Convert string 'Eric KS WONG/DPO' to class 'java.lang.String'
2026-02-15 01:25:32.425 DEBUG StringConverter:140 - Converting 'String' value 'Eric KS WONG/DPO' to type 'String'
2026-02-15 01:25:32.425 DEBUG ConvertUtils:481 - Convert string 'Erik KT LUI/DPO' to class 'java.lang.String'
2026-02-15 01:25:32.425 DEBUG StringConverter:140 - Converting 'String' value 'Erik KT LUI/DPO' to type 'String'
2026-02-15 01:25:32.426 DEBUG ConvertUtils:481 - Convert string 'Eric KW LAM/DPO' to class 'java.lang.String'
2026-02-15 01:25:32.426 DEBUG StringConverter:140 - Converting 'String' value 'Eric KW LAM/DPO' to type 'String'
2026-02-15 01:25:32.426 DEBUG ConvertUtils:481 - Convert string 'Edmond KW MOK/DPO' to class 'java.lang.String'
2026-02-15 01:25:32.426 DEBUG StringConverter:140 - Converting 'String' value 'Edmond KW MOK/DPO' to type 'String'
2026-02-15 01:25:32.426 DEBUG ConvertUtils:481 - Convert string 'Eric KY YIP/DPO' to class 'java.lang.String'
2026-02-15 01:25:32.426 DEBUG StringConverter:140 - Converting 'String' value 'Eric KY YIP/DPO' to type 'String'
2026-02-15 01:25:32.426 DEBUG ConvertUtils:481 - Convert string 'Elderly ICT Programme Office/DPO' to class 'java.lang.String'
2026-02-15 01:25:32.426 DEBUG StringConverter:140 - Converting 'String' value 'Elderly ICT Programme Office/DPO' to type 'String'
2026-02-15 01:25:32.426 DEBUG ConvertUtils:481 - Convert string 'Elderly ICT Programme Application/DPO' to class 'java.lang.String'
2026-02-15 01:25:32.427 DEBUG StringConverter:140 - Converting 'String' value 'Elderly ICT Programme Application/DPO' to type 'String'
2026-02-15 01:25:32.427 DEBUG ConvertUtils:481 - Convert string 'eimwg_secretary@digitalpolicy.gov.hk' to class 'java.lang.String'
2026-02-15 01:25:32.427 DEBUG StringConverter:140 - Converting 'String' value 'eimwg_secretary@digitalpolicy.gov.hk' to type 'String'
2026-02-15 01:25:32.427 DEBUG ConvertUtils:481 - Convert string 'DPO e-Library System/DPO' to class 'java.lang.String'
2026-02-15 01:25:32.427 DEBUG StringConverter:140 - Converting 'String' value 'DPO e-Library System/DPO' to type 'String'
2026-02-15 01:25:32.427 DEBUG ConvertUtils:481 - Convert string 'Elly LK YEUNG/DPO' to class 'java.lang.String'
2026-02-15 01:25:32.427 DEBUG StringConverter:140 - Converting 'String' value 'Elly LK YEUNG/DPO' to type 'String'
2026-02-15 01:25:32.427 DEBUG ConvertUtils:481 - Convert string 'Emma LY LI/DPO' to class 'java.lang.String'
2026-02-15 01:25:32.427 DEBUG StringConverter:140 - Converting 'String' value 'Emma LY LI/DPO' to type 'String'
2026-02-15 01:25:32.427 DEBUG ConvertUtils:481 - Convert string 'EMAN System Support/DPO' to class 'java.lang.String'
2026-02-15 01:25:32.428 DEBUG StringConverter:140 - Converting 'String' value 'EMAN System Support/DPO' to type 'String'
2026-02-15 01:25:32.428 DEBUG ConvertUtils:481 - Convert string 'ekctam@digitalpolicy.gov.hk' to class 'java.lang.String'
2026-02-15 01:25:32.428 DEBUG StringConverter:140 - Converting 'String' value 'ekctam@digitalpolicy.gov.hk' to type 'String'
2026-02-15 01:25:32.428 DEBUG ConvertUtils:481 - Convert string 'eklchan@digitalpolicy.gov.hk' to class 'java.lang.String'
2026-02-15 01:25:32.428 DEBUG StringConverter:140 - Converting 'String' value 'eklchan@digitalpolicy.gov.hk' to type 'String'
2026-02-15 01:25:32.428 DEBUG ConvertUtils:481 - Convert string 'ekmchang@digitalpolicy.gov.hk' to class 'java.lang.String'
2026-02-15 01:25:32.428 DEBUG StringConverter:140 - Converting 'String' value 'ekmchang@digitalpolicy.gov.hk' to type 'String'
2026-02-15 01:25:32.428 DEBUG ConvertUtils:481 - Convert string 'ekslau@digitalpolicy.gov.hk' to class 'java.lang.String'
2026-02-15 01:25:32.428 DEBUG StringConverter:140 - Converting 'String' value 'ekslau@digitalpolicy.gov.hk' to type 'String'
2026-02-15 01:25:32.429 DEBUG ConvertUtils:481 - Convert string 'ekswong@digitalpolicy.gov.hk' to class 'java.lang.String'
2026-02-15 01:25:32.429 DEBUG StringConverter:140 - Converting 'String' value 'ekswong@digitalpolicy.gov.hk' to type 'String'
2026-02-15 01:25:32.429 DEBUG ConvertUtils:481 - Convert string 'ektlui@digitalpolicy.gov.hk' to class 'java.lang.String'
2026-02-15 01:25:32.429 DEBUG StringConverter:140 - Converting 'String' value 'ektlui@digitalpolicy.gov.hk' to type 'String'
2026-02-15 01:25:32.429 DEBUG ConvertUtils:481 - Convert string 'ekwlam@digitalpolicy.gov.hk' to class 'java.lang.String'
2026-02-15 01:25:32.429 DEBUG StringConverter:140 - Converting 'String' value 'ekwlam@digitalpolicy.gov.hk' to type 'String'
2026-02-15 01:25:32.429 DEBUG ConvertUtils:481 - Convert string 'ekwmok@digitalpolicy.gov.hk' to class 'java.lang.String'
2026-02-15 01:25:32.429 DEBUG StringConverter:140 - Converting 'String' value 'ekwmok@digitalpolicy.gov.hk' to type 'String'
2026-02-15 01:25:32.429 DEBUG ConvertUtils:481 - Convert string 'ekyyip@digitalpolicy.gov.hk' to class 'java.lang.String'
2026-02-15 01:25:32.429 DEBUG StringConverter:140 - Converting 'String' value 'ekyyip@digitalpolicy.gov.hk' to type 'String'
2026-02-15 01:25:32.430 DEBUG ConvertUtils:481 - Convert string 'elderlyict@digitalpolicy.gov.hk' to class 'java.lang.String'
2026-02-15 01:25:32.430 DEBUG StringConverter:140 - Converting 'String' value 'elderlyict@digitalpolicy.gov.hk' to type 'String'
2026-02-15 01:25:32.430 DEBUG ConvertUtils:481 - Convert string 'elderlyict-appl@digitalpolicy.gov.hk' to class 'java.lang.String'
2026-02-15 01:25:32.430 DEBUG StringConverter:140 - Converting 'String' value 'elderlyict-appl@digitalpolicy.gov.hk' to type 'String'
2026-02-15 01:25:32.430 DEBUG ConvertUtils:481 - Convert string 'Edwin MC WOO/DPO' to class 'java.lang.String'
2026-02-15 01:25:32.430 DEBUG StringConverter:140 - Converting 'String' value 'Edwin MC WOO/DPO' to type 'String'
2026-02-15 01:25:32.430 DEBUG ConvertUtils:481 - Convert string 'e-lib_system@digitalpolicy.gov.hk' to class 'java.lang.String'
2026-02-15 01:25:32.430 DEBUG StringConverter:140 - Converting 'String' value 'e-lib_system@digitalpolicy.gov.hk' to type 'String'
2026-02-15 01:25:32.430 DEBUG ConvertUtils:481 - Convert string 'elkyeung@digitalpolicy.gov.hk' to class 'java.lang.String'
2026-02-15 01:25:32.431 DEBUG StringConverter:140 - Converting 'String' value 'elkyeung@digitalpolicy.gov.hk' to type 'String'
2026-02-15 01:25:32.431 DEBUG ConvertUtils:481 - Convert string 'elyli@digitalpolicy.gov.hk' to class 'java.lang.String'
2026-02-15 01:25:32.431 DEBUG StringConverter:140 - Converting 'String' value 'elyli@digitalpolicy.gov.hk' to type 'String'
2026-02-15 01:25:32.431 DEBUG ConvertUtils:481 - Convert string 'eman_system_support@digitalpolicy.gov.hk' to class 'java.lang.String'
2026-02-15 01:25:32.431 DEBUG StringConverter:140 - Converting 'String' value 'eman_system_support@digitalpolicy.gov.hk' to type 'String'
2026-02-15 01:25:32.431 DEBUG ConvertUtils:481 - Convert string 'Edward MK SO/DPO' to class 'java.lang.String'
2026-02-15 01:25:32.431 DEBUG StringConverter:140 - Converting 'String' value 'Edward MK SO/DPO' to type 'String'
2026-02-15 01:25:32.431 DEBUG ConvertUtils:481 - Convert string 'Elmen ML YAU/DPO' to class 'java.lang.String'
2026-02-15 01:25:32.432 DEBUG StringConverter:140 - Converting 'String' value 'Elmen ML YAU/DPO' to type 'String'
2026-02-15 01:25:32.432 DEBUG ConvertUtils:481 - Convert string 'Edwin MT LO/DPO' to class 'java.lang.String'
2026-02-15 01:25:32.432 DEBUG StringConverter:140 - Converting 'String' value 'Edwin MT LO/DPO' to type 'String'
2026-02-15 01:25:32.432 DEBUG ConvertUtils:481 - Convert string 'Eric MW CHAN/DPO' to class 'java.lang.String'
2026-02-15 01:25:32.432 DEBUG StringConverter:140 - Converting 'String' value 'Eric MW CHAN/DPO' to type 'String'
2026-02-15 01:25:32.432 DEBUG ConvertUtils:481 - Convert string 'Eric MY WONG/DPO' to class 'java.lang.String'
2026-02-15 01:25:32.433 DEBUG StringConverter:140 - Converting 'String' value 'Eric MY WONG/DPO' to type 'String'
2026-02-15 01:25:32.433 DEBUG ConvertUtils:481 - Convert string 'DPO Homepage e-Newsletter/DPO' to class 'java.lang.String'
2026-02-15 01:25:32.434 DEBUG StringConverter:140 - Converting 'String' value 'DPO Homepage e-Newsletter/DPO' to type 'String'
2026-02-15 01:25:32.441 DEBUG ConvertUtils:481 - Convert string 'Elia NL WONG/DPO' to class 'java.lang.String'
2026-02-15 01:25:32.441 DEBUG StringConverter:140 - Converting 'String' value 'Elia NL WONG/DPO' to type 'String'
2026-02-15 01:25:32.441 DEBUG ConvertUtils:481 - Convert string 'eNotification GovIT Tenders/DPO' to class 'java.lang.String'
2026-02-15 01:25:32.441 DEBUG StringConverter:140 - Converting 'String' value 'eNotification GovIT Tenders/DPO' to type 'String'
2026-02-15 01:25:32.441 DEBUG ConvertUtils:481 - Convert string 'CBPS Enquiry' to class 'java.lang.String'
2026-02-15 01:25:32.441 DEBUG StringConverter:140 - Converting 'String' value 'CBPS Enquiry' to type 'String'
2026-02-15 01:25:32.441 DEBUG ConvertUtils:481 - Convert string 'DPO Enquiry/DPO' to class 'java.lang.String'
2026-02-15 01:25:32.442 DEBUG StringConverter:140 - Converting 'String' value 'DPO Enquiry/DPO' to type 'String'
2026-02-15 01:25:32.442 DEBUG ConvertUtils:481 - Convert string 'e-TS Enquiry/DPO' to class 'java.lang.String'
2026-02-15 01:25:32.442 DEBUG StringConverter:140 - Converting 'String' value 'e-TS Enquiry/DPO' to type 'String'
2026-02-15 01:25:32.442 DEBUG ConvertUtils:481 - Convert string 'emcwoo@digitalpolicy.gov.hk' to class 'java.lang.String'
2026-02-15 01:25:32.442 DEBUG StringConverter:140 - Converting 'String' value 'emcwoo@digitalpolicy.gov.hk' to type 'String'
2026-02-15 01:25:32.442 DEBUG ConvertUtils:481 - Convert string 'Idea Enquiry/DPO' to class 'java.lang.String'
2026-02-15 01:25:32.442 DEBUG StringConverter:140 - Converting 'String' value 'Idea Enquiry/DPO' to type 'String'
2026-02-15 01:25:32.442 DEBUG ConvertUtils:481 - Convert string 'DPO Enquiry GR/DPO' to class 'java.lang.String'
2026-02-15 01:25:32.442 DEBUG StringConverter:140 - Converting 'String' value 'DPO Enquiry GR/DPO' to type 'String'
2026-02-15 01:25:32.442 DEBUG ConvertUtils:481 - Convert string 'Vaccine Booking Enquiry/DPO' to class 'java.lang.String'
2026-02-15 01:25:32.442 DEBUG StringConverter:140 - Converting 'String' value 'Vaccine Booking Enquiry/DPO' to type 'String'
2026-02-15 01:25:32.443 DEBUG ConvertUtils:481 - Convert string 'e-TS Enquiry CS/DPO' to class 'java.lang.String'
2026-02-15 01:25:32.443 DEBUG StringConverter:140 - Converting 'String' value 'e-TS Enquiry CS/DPO' to type 'String'
2026-02-15 01:25:32.443 DEBUG ConvertUtils:481 - Convert string 'emkso@digitalpolicy.gov.hk' to class 'java.lang.String'
2026-02-15 01:25:32.443 DEBUG StringConverter:140 - Converting 'String' value 'emkso@digitalpolicy.gov.hk' to type 'String'
2026-02-15 01:25:32.443 DEBUG ConvertUtils:481 - Convert string 'emlyau@digitalpolicy.gov.hk' to class 'java.lang.String'
2026-02-15 01:25:32.443 DEBUG StringConverter:140 - Converting 'String' value 'emlyau@digitalpolicy.gov.hk' to type 'String'
2026-02-15 01:25:32.443 DEBUG ConvertUtils:481 - Convert string 'emtlo@digitalpolicy.gov.hk' to class 'java.lang.String'
2026-02-15 01:25:32.443 DEBUG StringConverter:140 - Converting 'String' value 'emtlo@digitalpolicy.gov.hk' to type 'String'
2026-02-15 01:25:32.443 DEBUG ConvertUtils:481 - Convert string 'emwchan@digitalpolicy.gov.hk' to class 'java.lang.String'
2026-02-15 01:25:32.443 DEBUG StringConverter:140 - Converting 'String' value 'emwchan@digitalpolicy.gov.hk' to type 'String'
2026-02-15 01:25:32.443 DEBUG ConvertUtils:481 - Convert string 'emywong@digitalpolicy.gov.hk' to class 'java.lang.String'
2026-02-15 01:25:32.444 DEBUG StringConverter:140 - Converting 'String' value 'emywong@digitalpolicy.gov.hk' to type 'String'
2026-02-15 01:25:32.444 DEBUG ConvertUtils:481 - Convert string 'enews@digitalpolicy.gov.hk' to class 'java.lang.String'
2026-02-15 01:25:32.444 DEBUG StringConverter:140 - Converting 'String' value 'enews@digitalpolicy.gov.hk' to type 'String'
2026-02-15 01:25:32.444 DEBUG ConvertUtils:481 - Convert string 'enlwong@digitalpolicy.gov.hk' to class 'java.lang.String'
2026-02-15 01:25:32.444 DEBUG StringConverter:140 - Converting 'String' value 'enlwong@digitalpolicy.gov.hk' to type 'String'
2026-02-15 01:25:32.444 DEBUG ConvertUtils:481 - Convert string 'enotification_govit_tenders@digitalpolicy.gov.hk' to class 'java.lang.String'
2026-02-15 01:25:32.444 DEBUG StringConverter:140 - Converting 'String' value 'enotification_govit_tenders@digitalpolicy.gov.hk' to type 'String'
2026-02-15 01:25:32.444 DEBUG ConvertUtils:481 - Convert string 'enquiry@crossboundaryservices.gov.hk' to class 'java.lang.String'
2026-02-15 01:25:32.444 DEBUG StringConverter:140 - Converting 'String' value 'enquiry@crossboundaryservices.gov.hk' to type 'String'
2026-02-15 01:25:32.444 DEBUG ConvertUtils:481 - Convert string 'enquiry@digitalpolicy.gov.hk' to class 'java.lang.String'
2026-02-15 01:25:32.444 DEBUG StringConverter:140 - Converting 'String' value 'enquiry@digitalpolicy.gov.hk' to type 'String'
2026-02-15 01:25:32.444 DEBUG ConvertUtils:481 - Convert string 'enquiry@ets.gov.hk' to class 'java.lang.String'
2026-02-15 01:25:32.444 DEBUG StringConverter:140 - Converting 'String' value 'enquiry@ets.gov.hk' to type 'String'
2026-02-15 01:25:32.444 DEBUG ConvertUtils:481 - Convert string 'GovHK Enquiry Review/DPO' to class 'java.lang.String'
2026-02-15 01:25:32.444 DEBUG StringConverter:140 - Converting 'String' value 'GovHK Enquiry Review/DPO' to type 'String'
2026-02-15 01:25:32.446 DEBUG ConvertUtils:481 - Convert string 'enquiry@idea.gov.hk' to class 'java.lang.String'
2026-02-15 01:25:32.446 DEBUG StringConverter:140 - Converting 'String' value 'enquiry@idea.gov.hk' to type 'String'
2026-02-15 01:25:32.446 DEBUG ConvertUtils:481 - Convert string 'enquiry_gr@digitalpolicy.gov.hk' to class 'java.lang.String'
2026-02-15 01:25:32.446 DEBUG StringConverter:140 - Converting 'String' value 'enquiry_gr@digitalpolicy.gov.hk' to type 'String'
2026-02-15 01:25:32.446 DEBUG ConvertUtils:481 - Convert string 'enquiry_vaccinebooking@digitalpolicy.gov.hk' to class 'java.lang.String'
2026-02-15 01:25:32.446 DEBUG StringConverter:140 - Converting 'String' value 'enquiry_vaccinebooking@digitalpolicy.gov.hk' to type 'String'
2026-02-15 01:25:32.446 DEBUG ConvertUtils:481 - Convert string 'enquiry-cs@ets.gov.hk' to class 'java.lang.String'
2026-02-15 01:25:32.446 DEBUG StringConverter:140 - Converting 'String' value 'enquiry-cs@ets.gov.hk' to type 'String'
2026-02-15 01:25:32.446 DEBUG ConvertUtils:481 - Convert string 'Esprit PK LEUNG/DPO' to class 'java.lang.String'
2026-02-15 01:25:32.446 DEBUG StringConverter:140 - Converting 'String' value 'Esprit PK LEUNG/DPO' to type 'String'
2026-02-15 01:25:32.446 DEBUG ConvertUtils:481 - Convert string 'Edith PM CHUI/DPO' to class 'java.lang.String'
2026-02-15 01:25:32.446 DEBUG StringConverter:140 - Converting 'String' value 'Edith PM CHUI/DPO' to type 'String'
2026-02-15 01:25:32.446 DEBUG ConvertUtils:481 - Convert string 'E-Procurement Service Support/OUTSOURCER/DPO' to class 'java.lang.String'
2026-02-15 01:25:32.447 DEBUG StringConverter:140 - Converting 'String' value 'E-Procurement Service Support/OUTSOURCER/DPO' to type 'String'
2026-02-15 01:25:32.447 DEBUG ConvertUtils:481 - Convert string 'E-Procurement Programme Management Office/DPO' to class 'java.lang.String'
2026-02-15 01:25:32.447 DEBUG StringConverter:140 - Converting 'String' value 'E-Procurement Programme Management Office/DPO' to type 'String'
2026-02-15 01:25:32.447 DEBUG ConvertUtils:481 - Convert string 'Eric SH CHAN/DPO' to class 'java.lang.String'
2026-02-15 01:25:32.447 DEBUG StringConverter:140 - Converting 'String' value 'Eric SH CHAN/DPO' to type 'String'
2026-02-15 01:25:32.447 DEBUG ConvertUtils:481 - Convert string 'Eric LEUNG/DPO' to class 'java.lang.String'
2026-02-15 01:25:32.447 DEBUG StringConverter:140 - Converting 'String' value 'Eric LEUNG/DPO' to type 'String'
2026-02-15 01:25:32.447 DEBUG ConvertUtils:481 - Convert string 'ERKS Coordinator/DPO' to class 'java.lang.String'
2026-02-15 01:25:32.447 DEBUG StringConverter:140 - Converting 'String' value 'ERKS Coordinator/DPO' to type 'String'
2026-02-15 01:25:32.447 DEBUG ConvertUtils:481 - Convert string 'ERKS S1 Support Contractor/OUTSOURCER/DPO' to class 'java.lang.String'
2026-02-15 01:25:32.447 DEBUG StringConverter:140 - Converting 'String' value 'ERKS S1 Support Contractor/OUTSOURCER/DPO' to type 'String'
2026-02-15 01:25:32.447 DEBUG ConvertUtils:481 - Convert string 'ERKS Support/DPO' to class 'java.lang.String'
2026-02-15 01:25:32.447 DEBUG StringConverter:140 - Converting 'String' value 'ERKS Support/DPO' to type 'String'
2026-02-15 01:25:32.448 DEBUG ConvertUtils:481 - Convert string 'ERKS S1 Support Team/DPO' to class 'java.lang.String'
2026-02-15 01:25:32.448 DEBUG StringConverter:140 - Converting 'String' value 'ERKS S1 Support Team/DPO' to type 'String'
2026-02-15 01:25:32.448 DEBUG ConvertUtils:481 - Convert string 'Ernest YC YEUNG/DPO' to class 'java.lang.String'
2026-02-15 01:25:32.448 DEBUG StringConverter:140 - Converting 'String' value 'Ernest YC YEUNG/DPO' to type 'String'
2026-02-15 01:25:32.448 DEBUG ConvertUtils:481 - Convert string 'enquiryreview@digitalpolicy.gov.hk' to class 'java.lang.String'
2026-02-15 01:25:32.448 DEBUG StringConverter:140 - Converting 'String' value 'enquiryreview@digitalpolicy.gov.hk' to type 'String'
2026-02-15 01:25:32.448 DEBUG ConvertUtils:481 - Convert string 'Eric SC LAM/DPO' to class 'java.lang.String'
2026-02-15 01:25:32.448 DEBUG StringConverter:140 - Converting 'String' value 'Eric SC LAM/DPO' to type 'String'
2026-02-15 01:25:32.448 DEBUG ConvertUtils:481 - Convert string 'e-Service Information Portal Support Office/DPO' to class 'java.lang.String'
2026-02-15 01:25:32.448 DEBUG StringConverter:140 - Converting 'String' value 'e-Service Information Portal Support Office/DPO' to type 'String'
2026-02-15 01:25:32.448 DEBUG ConvertUtils:481 - Convert string 'Edward SH CHAN/DPO' to class 'java.lang.String'
2026-02-15 01:25:32.448 DEBUG StringConverter:140 - Converting 'String' value 'Edward SH CHAN/DPO' to type 'String'
2026-02-15 01:25:32.449 DEBUG ConvertUtils:481 - Convert string 'Eva SM LO/DPO' to class 'java.lang.String'
2026-02-15 01:25:32.449 DEBUG StringConverter:140 - Converting 'String' value 'Eva SM LO/DPO' to type 'String'
2026-02-15 01:25:32.449 DEBUG ConvertUtils:481 - Convert string 'epkleung@digitalpolicy.gov.hk' to class 'java.lang.String'
2026-02-15 01:25:32.449 DEBUG StringConverter:140 - Converting 'String' value 'epkleung@digitalpolicy.gov.hk' to type 'String'
2026-02-15 01:25:32.449 DEBUG ConvertUtils:481 - Convert string 'epmchui@digitalpolicy.gov.hk' to class 'java.lang.String'
2026-02-15 01:25:32.449 DEBUG StringConverter:140 - Converting 'String' value 'epmchui@digitalpolicy.gov.hk' to type 'String'
2026-02-15 01:25:32.449 DEBUG ConvertUtils:481 - Convert string 'eppmgmtoff@digitalpolicy.gov.hk' to class 'java.lang.String'
2026-02-15 01:25:32.449 DEBUG StringConverter:140 - Converting 'String' value 'eppmgmtoff@digitalpolicy.gov.hk' to type 'String'
2026-02-15 01:25:32.449 DEBUG ConvertUtils:481 - Convert string 'eppmo@digitalpolicy.gov.hk' to class 'java.lang.String'
2026-02-15 01:25:32.449 DEBUG StringConverter:140 - Converting 'String' value 'eppmo@digitalpolicy.gov.hk' to type 'String'
2026-02-15 01:25:32.449 DEBUG ConvertUtils:481 - Convert string 'ericshchan@digitalpolicy.gov.hk' to class 'java.lang.String'
2026-02-15 01:25:32.450 DEBUG StringConverter:140 - Converting 'String' value 'ericshchan@digitalpolicy.gov.hk' to type 'String'
2026-02-15 01:25:32.450 DEBUG ConvertUtils:481 - Convert string 'ericskleung@digitalpolicy.gov.hk' to class 'java.lang.String'
2026-02-15 01:25:32.450 DEBUG StringConverter:140 - Converting 'String' value 'ericskleung@digitalpolicy.gov.hk' to type 'String'
2026-02-15 01:25:32.450 DEBUG ConvertUtils:481 - Convert string 'erks_coordinator@digitalpolicy.gov.hk' to class 'java.lang.String'
2026-02-15 01:25:32.450 DEBUG StringConverter:140 - Converting 'String' value 'erks_coordinator@digitalpolicy.gov.hk' to type 'String'
2026-02-15 01:25:32.450 DEBUG ConvertUtils:481 - Convert string 'erks_s1_support_contractor@digitalpolicy.gov.hk' to class 'java.lang.String'
2026-02-15 01:25:32.450 DEBUG StringConverter:140 - Converting 'String' value 'erks_s1_support_contractor@digitalpolicy.gov.hk' to type 'String'
2026-02-15 01:25:32.450 DEBUG ConvertUtils:481 - Convert string 'erks_support@digitalpolicy.gov.hk' to class 'java.lang.String'
2026-02-15 01:25:32.450 DEBUG StringConverter:140 - Converting 'String' value 'erks_support@digitalpolicy.gov.hk' to type 'String'
2026-02-15 01:25:32.450 DEBUG ConvertUtils:481 - Convert string 'erkss1supportteam@digitalpolicy.gov.hk' to class 'java.lang.String'
2026-02-15 01:25:32.450 DEBUG StringConverter:140 - Converting 'String' value 'erkss1supportteam@digitalpolicy.gov.hk' to type 'String'
2026-02-15 01:25:32.450 DEBUG ConvertUtils:481 - Convert string 'ernestycyeung@digitalpolicy.gov.hk' to class 'java.lang.String'
2026-02-15 01:25:32.450 DEBUG StringConverter:140 - Converting 'String' value 'ernestycyeung@digitalpolicy.gov.hk' to type 'String'
2026-02-15 01:25:32.450 DEBUG ConvertUtils:481 - Convert string 'Eva SP LING/DPO' to class 'java.lang.String'
2026-02-15 01:25:32.450 DEBUG StringConverter:140 - Converting 'String' value 'Eva SP LING/DPO' to type 'String'
2026-02-15 01:25:32.451 DEBUG ConvertUtils:481 - Convert string 'esclam@digitalpolicy.gov.hk' to class 'java.lang.String'
2026-02-15 01:25:32.451 DEBUG StringConverter:140 - Converting 'String' value 'esclam@digitalpolicy.gov.hk' to type 'String'
2026-02-15 01:25:32.451 DEBUG ConvertUtils:481 - Convert string 'e-serviceipso@digitalpolicy.gov.hk' to class 'java.lang.String'
2026-02-15 01:25:32.451 DEBUG StringConverter:140 - Converting 'String' value 'e-serviceipso@digitalpolicy.gov.hk' to type 'String'
2026-02-15 01:25:32.451 DEBUG ConvertUtils:481 - Convert string 'eshchan@digitalpolicy.gov.hk' to class 'java.lang.String'
2026-02-15 01:25:32.451 DEBUG StringConverter:140 - Converting 'String' value 'eshchan@digitalpolicy.gov.hk' to type 'String'
2026-02-15 01:25:32.451 DEBUG ConvertUtils:481 - Convert string 'esmlo@digitalpolicy.gov.hk' to class 'java.lang.String'
2026-02-15 01:25:32.451 DEBUG StringConverter:140 - Converting 'String' value 'esmlo@digitalpolicy.gov.hk' to type 'String'
2026-02-15 01:25:32.451 DEBUG ConvertUtils:481 - Convert string 'Esports Facilitation/DPO' to class 'java.lang.String'
2026-02-15 01:25:32.451 DEBUG StringConverter:140 - Converting 'String' value 'Esports Facilitation/DPO' to type 'String'
2026-02-15 01:25:32.451 DEBUG ConvertUtils:481 - Convert string 'eSP Support Team/DPO' to class 'java.lang.String'
2026-02-15 01:25:32.451 DEBUG StringConverter:140 - Converting 'String' value 'eSP Support Team/DPO' to type 'String'
2026-02-15 01:25:32.452 DEBUG ConvertUtils:481 - Convert string 'Elvin SW LEE/DPO' to class 'java.lang.String'
2026-02-15 01:25:32.452 DEBUG StringConverter:140 - Converting 'String' value 'Elvin SW LEE/DPO' to type 'String'
2026-02-15 01:25:32.452 DEBUG ConvertUtils:481 - Convert string 'Eddie SW LI/DPO' to class 'java.lang.String'
2026-02-15 01:25:32.452 DEBUG StringConverter:140 - Converting 'String' value 'Eddie SW LI/DPO' to type 'String'
2026-02-15 01:25:32.452 DEBUG ConvertUtils:481 - Convert string 'Edmond SW NG/DPO' to class 'java.lang.String'
2026-02-15 01:25:32.452 DEBUG StringConverter:140 - Converting 'String' value 'Edmond SW NG/DPO' to type 'String'
2026-02-15 01:25:32.452 DEBUG ConvertUtils:481 - Convert string 'Ellen SY WONG/DPO' to class 'java.lang.String'
2026-02-15 01:25:32.452 DEBUG StringConverter:140 - Converting 'String' value 'Ellen SY WONG/DPO' to type 'String'
2026-02-15 01:25:32.452 DEBUG ConvertUtils:481 - Convert string 'Eric TC CHAN/DPO' to class 'java.lang.String'
2026-02-15 01:25:32.452 DEBUG StringConverter:140 - Converting 'String' value 'Eric TC CHAN/DPO' to type 'String'
2026-02-15 01:25:32.452 DEBUG ConvertUtils:481 - Convert string 'Eric TK LEUNG/DPO' to class 'java.lang.String'
2026-02-15 01:25:32.452 DEBUG StringConverter:140 - Converting 'String' value 'Eric TK LEUNG/DPO' to type 'String'
2026-02-15 01:25:32.453 DEBUG ConvertUtils:481 - Convert string 'DPO ETO Support/DPO' to class 'java.lang.String'
2026-02-15 01:25:32.453 DEBUG StringConverter:140 - Converting 'String' value 'DPO ETO Support/DPO' to type 'String'
2026-02-15 01:25:32.453 DEBUG ConvertUtils:481 - Convert string 'ETS MAIL SUPPORT/DPO' to class 'java.lang.String'
2026-02-15 01:25:32.453 DEBUG StringConverter:140 - Converting 'String' value 'ETS MAIL SUPPORT/DPO' to type 'String'
2026-02-15 01:25:32.453 DEBUG ConvertUtils:481 - Convert string 'Edith WC HO/DPO' to class 'java.lang.String'
2026-02-15 01:25:32.453 DEBUG StringConverter:140 - Converting 'String' value 'Edith WC HO/DPO' to type 'String'
2026-02-15 01:25:32.453 DEBUG ConvertUtils:481 - Convert string 'espling@digitalpolicy.gov.hk' to class 'java.lang.String'
2026-02-15 01:25:32.453 DEBUG StringConverter:140 - Converting 'String' value 'espling@digitalpolicy.gov.hk' to type 'String'
2026-02-15 01:25:32.453 DEBUG ConvertUtils:481 - Convert string 'Emily WF LEUNG/DPO' to class 'java.lang.String'
2026-02-15 01:25:32.454 DEBUG StringConverter:140 - Converting 'String' value 'Emily WF LEUNG/DPO' to type 'String'
2026-02-15 01:25:32.454 DEBUG ConvertUtils:481 - Convert string 'Edmond WH NG/DPO' to class 'java.lang.String'
2026-02-15 01:25:32.454 DEBUG StringConverter:140 - Converting 'String' value 'Edmond WH NG/DPO' to type 'String'
2026-02-15 01:25:32.454 DEBUG ConvertUtils:481 - Convert string 'Ernest WH TAM/DPO' to class 'java.lang.String'
2026-02-15 01:25:32.454 DEBUG StringConverter:140 - Converting 'String' value 'Ernest WH TAM/DPO' to type 'String'
2026-02-15 01:25:32.454 DEBUG ConvertUtils:481 - Convert string 'Ernie WH TSOI/DPO' to class 'java.lang.String'
2026-02-15 01:25:32.454 DEBUG StringConverter:140 - Converting 'String' value 'Ernie WH TSOI/DPO' to type 'String'
2026-02-15 01:25:32.454 DEBUG ConvertUtils:481 - Convert string 'esports@digitalpolicy.gov.hk' to class 'java.lang.String'
2026-02-15 01:25:32.454 DEBUG StringConverter:140 - Converting 'String' value 'esports@digitalpolicy.gov.hk' to type 'String'
2026-02-15 01:25:32.454 DEBUG ConvertUtils:481 - Convert string 'espsupport@digitalpolicy.gov.hk' to class 'java.lang.String'
2026-02-15 01:25:32.455 DEBUG StringConverter:140 - Converting 'String' value 'espsupport@digitalpolicy.gov.hk' to type 'String'
2026-02-15 01:25:32.455 DEBUG ConvertUtils:481 - Convert string 'eswlee@digitalpolicy.gov.hk' to class 'java.lang.String'
2026-02-15 01:25:32.455 DEBUG StringConverter:140 - Converting 'String' value 'eswlee@digitalpolicy.gov.hk' to type 'String'
2026-02-15 01:25:32.455 DEBUG ConvertUtils:481 - Convert string 'eswli@digitalpolicy.gov.hk' to class 'java.lang.String'
2026-02-15 01:25:32.455 DEBUG StringConverter:140 - Converting 'String' value 'eswli@digitalpolicy.gov.hk' to type 'String'
2026-02-15 01:25:32.455 DEBUG ConvertUtils:481 - Convert string 'eswng@digitalpolicy.gov.hk' to class 'java.lang.String'
2026-02-15 01:25:32.455 DEBUG StringConverter:140 - Converting 'String' value 'eswng@digitalpolicy.gov.hk' to type 'String'
2026-02-15 01:25:32.455 DEBUG ConvertUtils:481 - Convert string 'esywong@digitalpolicy.gov.hk' to class 'java.lang.String'
2026-02-15 01:25:32.455 DEBUG StringConverter:140 - Converting 'String' value 'esywong@digitalpolicy.gov.hk' to type 'String'
2026-02-15 01:25:32.456 DEBUG ConvertUtils:481 - Convert string 'etcchan@digitalpolicy.gov.hk' to class 'java.lang.String'
2026-02-15 01:25:32.456 DEBUG StringConverter:140 - Converting 'String' value 'etcchan@digitalpolicy.gov.hk' to type 'String'
2026-02-15 01:25:32.456 DEBUG ConvertUtils:481 - Convert string 'etkleung@digitalpolicy.gov.hk' to class 'java.lang.String'
2026-02-15 01:25:32.456 DEBUG StringConverter:140 - Converting 'String' value 'etkleung@digitalpolicy.gov.hk' to type 'String'
2026-02-15 01:25:32.456 DEBUG ConvertUtils:481 - Convert string 'etosupport@digitalpolicy.gov.hk' to class 'java.lang.String'
2026-02-15 01:25:32.456 DEBUG StringConverter:140 - Converting 'String' value 'etosupport@digitalpolicy.gov.hk' to type 'String'
2026-02-15 01:25:32.456 DEBUG ConvertUtils:481 - Convert string 'ets_mail_support@digitalpolicy.gov.hk' to class 'java.lang.String'
2026-02-15 01:25:32.456 DEBUG StringConverter:140 - Converting 'String' value 'ets_mail_support@digitalpolicy.gov.hk' to type 'String'
2026-02-15 01:25:32.456 DEBUG ConvertUtils:481 - Convert string 'ewcho@digitalpolicy.gov.hk' to class 'java.lang.String'
2026-02-15 01:25:32.456 DEBUG StringConverter:140 - Converting 'String' value 'ewcho@digitalpolicy.gov.hk' to type 'String'
2026-02-15 01:25:32.457 DEBUG ConvertUtils:481 - Convert string 'Eric WK CHENG/DPO' to class 'java.lang.String'
2026-02-15 01:25:32.457 DEBUG StringConverter:140 - Converting 'String' value 'Eric WK CHENG/DPO' to type 'String'
2026-02-15 01:25:32.457 DEBUG ConvertUtils:481 - Convert string 'ewfleung@digitalpolicy.gov.hk' to class 'java.lang.String'
2026-02-15 01:25:32.457 DEBUG StringConverter:140 - Converting 'String' value 'ewfleung@digitalpolicy.gov.hk' to type 'String'
2026-02-15 01:25:32.457 DEBUG ConvertUtils:481 - Convert string 'ewhng@digitalpolicy.gov.hk' to class 'java.lang.String'
2026-02-15 01:25:32.457 DEBUG StringConverter:140 - Converting 'String' value 'ewhng@digitalpolicy.gov.hk' to type 'String'
2026-02-15 01:25:32.457 DEBUG ConvertUtils:481 - Convert string 'ewhtam@digitalpolicy.gov.hk' to class 'java.lang.String'
2026-02-15 01:25:32.457 DEBUG StringConverter:140 - Converting 'String' value 'ewhtam@digitalpolicy.gov.hk' to type 'String'
2026-02-15 01:25:32.457 DEBUG ConvertUtils:481 - Convert string 'ewhtsoi@digitalpolicy.gov.hk' to class 'java.lang.String'
2026-02-15 01:25:32.457 DEBUG StringConverter:140 - Converting 'String' value 'ewhtsoi@digitalpolicy.gov.hk' to type 'String'
2026-02-15 01:25:32.458 DEBUG ConvertUtils:481 - Convert string 'Eliot WK HO/DPO' to class 'java.lang.String'
2026-02-15 01:25:32.458 DEBUG StringConverter:140 - Converting 'String' value 'Eliot WK HO/DPO' to type 'String'
2026-02-15 01:25:32.458 DEBUG ConvertUtils:481 - Convert string 'Eddic WM TIN/DPO' to class 'java.lang.String'
2026-02-15 01:25:32.458 DEBUG StringConverter:140 - Converting 'String' value 'Eddic WM TIN/DPO' to type 'String'
2026-02-15 01:25:32.458 DEBUG ConvertUtils:481 - Convert string 'Emily WN CHUI/DPO' to class 'java.lang.String'
2026-02-15 01:25:32.458 DEBUG StringConverter:140 - Converting 'String' value 'Emily WN CHUI/DPO' to type 'String'
2026-02-15 01:25:32.458 DEBUG ConvertUtils:481 - Convert string 'Eva WT LEE/DPO' to class 'java.lang.String'
2026-02-15 01:25:32.458 DEBUG StringConverter:140 - Converting 'String' value 'Eva WT LEE/DPO' to type 'String'
2026-02-15 01:25:32.458 DEBUG ConvertUtils:481 - Convert string 'External User/DPO' to class 'java.lang.String'
2026-02-15 01:25:32.458 DEBUG StringConverter:140 - Converting 'String' value 'External User/DPO' to type 'String'
2026-02-15 01:25:32.458 DEBUG ConvertUtils:481 - Convert string 'Eric YB POON/DPO' to class 'java.lang.String'
2026-02-15 01:25:32.458 DEBUG StringConverter:140 - Converting 'String' value 'Eric YB POON/DPO' to type 'String'
2026-02-15 01:25:32.458 DEBUG ConvertUtils:481 - Convert string 'Edward YC CHAN/DPO' to class 'java.lang.String'
2026-02-15 01:25:32.458 DEBUG StringConverter:140 - Converting 'String' value 'Edward YC CHAN/DPO' to type 'String'
2026-02-15 01:25:32.459 DEBUG ConvertUtils:481 - Convert string 'Eddie YC LIM/DPO' to class 'java.lang.String'
2026-02-15 01:25:32.459 DEBUG StringConverter:140 - Converting 'String' value 'Eddie YC LIM/DPO' to type 'String'
2026-02-15 01:25:32.459 DEBUG ConvertUtils:481 - Convert string 'Edith YD CHAN/DPO' to class 'java.lang.String'
2026-02-15 01:25:32.459 DEBUG StringConverter:140 - Converting 'String' value 'Edith YD CHAN/DPO' to type 'String'
2026-02-15 01:25:32.459 DEBUG ConvertUtils:481 - Convert string 'Elaine YF LAU/DPO' to class 'java.lang.String'
2026-02-15 01:25:32.459 DEBUG StringConverter:140 - Converting 'String' value 'Elaine YF LAU/DPO' to type 'String'
2026-02-15 01:25:32.459 DEBUG ConvertUtils:481 - Convert string 'Eddie YF LUI/DPO' to class 'java.lang.String'
2026-02-15 01:25:32.459 DEBUG StringConverter:140 - Converting 'String' value 'Eddie YF LUI/DPO' to type 'String'
2026-02-15 01:25:32.459 DEBUG ConvertUtils:481 - Convert string 'ewkcheng@digitalpolicy.gov.hk' to class 'java.lang.String'
2026-02-15 01:25:32.459 DEBUG StringConverter:140 - Converting 'String' value 'ewkcheng@digitalpolicy.gov.hk' to type 'String'
2026-02-15 01:25:32.460 DEBUG ConvertUtils:481 - Convert string 'Eason YH CHAN/DPO' to class 'java.lang.String'
2026-02-15 01:25:32.460 DEBUG StringConverter:140 - Converting 'String' value 'Eason YH CHAN/DPO' to type 'String'
2026-02-15 01:25:32.460 DEBUG ConvertUtils:481 - Convert string 'Elsie YK CHU/DPO' to class 'java.lang.String'
2026-02-15 01:25:32.460 DEBUG StringConverter:140 - Converting 'String' value 'Elsie YK CHU/DPO' to type 'String'
2026-02-15 01:25:32.460 DEBUG ConvertUtils:481 - Convert string 'Esmond YL LEE/DPO' to class 'java.lang.String'
2026-02-15 01:25:32.460 DEBUG StringConverter:140 - Converting 'String' value 'Esmond YL LEE/DPO' to type 'String'
2026-02-15 01:25:32.460 DEBUG ConvertUtils:481 - Convert string 'ewkho@digitalpolicy.gov.hk' to class 'java.lang.String'
2026-02-15 01:25:32.460 DEBUG StringConverter:140 - Converting 'String' value 'ewkho@digitalpolicy.gov.hk' to type 'String'
2026-02-15 01:25:32.460 DEBUG ConvertUtils:481 - Convert string 'Emmy YN LAU/DPO' to class 'java.lang.String'
2026-02-15 01:25:32.460 DEBUG StringConverter:140 - Converting 'String' value 'Emmy YN LAU/DPO' to type 'String'
2026-02-15 01:25:32.460 DEBUG ConvertUtils:481 - Convert string 'ewmtin@digitalpolicy.gov.hk' to class 'java.lang.String'
2026-02-15 01:25:32.460 DEBUG StringConverter:140 - Converting 'String' value 'ewmtin@digitalpolicy.gov.hk' to type 'String'
2026-02-15 01:25:32.460 DEBUG ConvertUtils:481 - Convert string 'ewnchui@digitalpolicy.gov.hk' to class 'java.lang.String'
2026-02-15 01:25:32.460 DEBUG StringConverter:140 - Converting 'String' value 'ewnchui@digitalpolicy.gov.hk' to type 'String'
2026-02-15 01:25:32.462 DEBUG ConvertUtils:481 - Convert string 'ewtlee@digitalpolicy.gov.hk' to class 'java.lang.String'
2026-02-15 01:25:32.462 DEBUG StringConverter:140 - Converting 'String' value 'ewtlee@digitalpolicy.gov.hk' to type 'String'
2026-02-15 01:25:32.462 DEBUG ConvertUtils:481 - Convert string 'extuser1@digitalpolicy.gov.hk' to class 'java.lang.String'
2026-02-15 01:25:32.462 DEBUG StringConverter:140 - Converting 'String' value 'extuser1@digitalpolicy.gov.hk' to type 'String'
2026-02-15 01:25:32.462 DEBUG ConvertUtils:481 - Convert string 'eybpoon@digitalpolicy.gov.hk' to class 'java.lang.String'
2026-02-15 01:25:32.462 DEBUG StringConverter:140 - Converting 'String' value 'eybpoon@digitalpolicy.gov.hk' to type 'String'
2026-02-15 01:25:32.462 DEBUG ConvertUtils:481 - Convert string 'eycchan@digitalpolicy.gov.hk' to class 'java.lang.String'
2026-02-15 01:25:32.462 DEBUG StringConverter:140 - Converting 'String' value 'eycchan@digitalpolicy.gov.hk' to type 'String'
2026-02-15 01:25:32.462 DEBUG ConvertUtils:481 - Convert string 'eyclim@digitalpolicy.gov.hk' to class 'java.lang.String'
2026-02-15 01:25:32.463 DEBUG StringConverter:140 - Converting 'String' value 'eyclim@digitalpolicy.gov.hk' to type 'String'
2026-02-15 01:25:32.463 DEBUG ConvertUtils:481 - Convert string 'eydchan@digitalpolicy.gov.hk' to class 'java.lang.String'
2026-02-15 01:25:32.463 DEBUG StringConverter:140 - Converting 'String' value 'eydchan@digitalpolicy.gov.hk' to type 'String'
2026-02-15 01:25:32.463 DEBUG ConvertUtils:481 - Convert string 'eyflau@digitalpolicy.gov.hk' to class 'java.lang.String'
2026-02-15 01:25:32.463 DEBUG StringConverter:140 - Converting 'String' value 'eyflau@digitalpolicy.gov.hk' to type 'String'
2026-02-15 01:25:32.463 DEBUG ConvertUtils:481 - Convert string 'eyflui@digitalpolicy.gov.hk' to class 'java.lang.String'
2026-02-15 01:25:32.463 DEBUG StringConverter:140 - Converting 'String' value 'eyflui@digitalpolicy.gov.hk' to type 'String'
2026-02-15 01:25:32.463 DEBUG ConvertUtils:481 - Convert string 'Enoch YN LI/DPO' to class 'java.lang.String'
2026-02-15 01:25:32.463 DEBUG StringConverter:140 - Converting 'String' value 'Enoch YN LI/DPO' to type 'String'
2026-02-15 01:25:32.464 DEBUG ConvertUtils:481 - Convert string 'eyhchan@digitalpolicy.gov.hk' to class 'java.lang.String'
2026-02-15 01:25:32.464 DEBUG StringConverter:140 - Converting 'String' value 'eyhchan@digitalpolicy.gov.hk' to type 'String'
2026-02-15 01:25:32.464 DEBUG ConvertUtils:481 - Convert string 'eykchu@digitalpolicy.gov.hk' to class 'java.lang.String'
2026-02-15 01:25:32.464 DEBUG StringConverter:140 - Converting 'String' value 'eykchu@digitalpolicy.gov.hk' to type 'String'
2026-02-15 01:25:32.464 DEBUG ConvertUtils:481 - Convert string 'eyllee@digitalpolicy.gov.hk' to class 'java.lang.String'
2026-02-15 01:25:32.464 DEBUG StringConverter:140 - Converting 'String' value 'eyllee@digitalpolicy.gov.hk' to type 'String'
2026-02-15 01:25:32.464 DEBUG ConvertUtils:481 - Convert string 'Elke YP MAK/DPO' to class 'java.lang.String'
2026-02-15 01:25:32.465 DEBUG StringConverter:140 - Converting 'String' value 'Elke YP MAK/DPO' to type 'String'
2026-02-15 01:25:32.465 DEBUG ConvertUtils:481 - Convert string 'Eva YW LO/DPO' to class 'java.lang.String'
2026-02-15 01:25:32.465 DEBUG StringConverter:140 - Converting 'String' value 'Eva YW LO/DPO' to type 'String'
2026-02-15 01:25:32.465 DEBUG ConvertUtils:481 - Convert string 'Erica YY HO/DPO' to class 'java.lang.String'
2026-02-15 01:25:32.465 DEBUG StringConverter:140 - Converting 'String' value 'Erica YY HO/DPO' to type 'String'
2026-02-15 01:25:32.465 DEBUG ConvertUtils:481 - Convert string 'eynlau@digitalpolicy.gov.hk' to class 'java.lang.String'
2026-02-15 01:25:32.466 DEBUG StringConverter:140 - Converting 'String' value 'eynlau@digitalpolicy.gov.hk' to type 'String'
2026-02-15 01:25:32.466 DEBUG ConvertUtils:481 - Convert string 'eynli@digitalpolicy.gov.hk' to class 'java.lang.String'
2026-02-15 01:25:32.466 DEBUG StringConverter:140 - Converting 'String' value 'eynli@digitalpolicy.gov.hk' to type 'String'
2026-02-15 01:25:32.466 DEBUG ConvertUtils:481 - Convert string 'eypmak@digitalpolicy.gov.hk' to class 'java.lang.String'
2026-02-15 01:25:32.466 DEBUG StringConverter:140 - Converting 'String' value 'eypmak@digitalpolicy.gov.hk' to type 'String'
2026-02-15 01:25:32.466 DEBUG ConvertUtils:481 - Convert string 'eywlo@digitalpolicy.gov.hk' to class 'java.lang.String'
2026-02-15 01:25:32.466 DEBUG StringConverter:140 - Converting 'String' value 'eywlo@digitalpolicy.gov.hk' to type 'String'
2026-02-15 01:25:32.466 DEBUG ConvertUtils:481 - Convert string 'eyyho@digitalpolicy.gov.hk' to class 'java.lang.String'
2026-02-15 01:25:32.467 DEBUG StringConverter:140 - Converting 'String' value 'eyyho@digitalpolicy.gov.hk' to type 'String'
2026-02-15 01:25:32.515 DEBUG DataImportService:53 - {"displayName":"e-ACPC System Administrator/OUTSOURCER/DPO","mail":"eacpc_admin@digitalpolicy.gov.hk"}
2026-02-15 01:25:32.516 DEBUG DataImportService:53 - {"displayName":"e-ACPC Admin/DPO","mail":"eacpc-admin@digitalpolicy.gov.hk"}
2026-02-15 01:25:32.517 DEBUG DataImportService:53 - {"displayName":"e-ACPC Support/DPO","mail":"eacpc-support@digitalpolicy.gov.hk"}
2026-02-15 01:25:32.517 DEBUG DataImportService:53 - {"displayName":"DPO E-Business Support Team/DPO","mail":"ebsupport@digitalpolicy.gov.hk"}
2026-02-15 01:25:32.518 DEBUG DataImportService:53 - {"displayName":"Edward BY CHEE/DPO","mail":"ebychee@digitalpolicy.gov.hk"}
2026-02-15 01:25:32.518 DEBUG DataImportService:53 - {"displayName":"e-CardHK Technical Support/DPO","mail":"e-cardhk_ts@digitalpolicy.gov.hk"}
2026-02-15 01:25:32.518 DEBUG DataImportService:53 - {"displayName":"Eden CC KIM/DPO","mail":"ecckim@digitalpolicy.gov.hk"}
2026-02-15 01:25:32.518 DEBUG DataImportService:53 - {"displayName":"Elvis CC LI/DPO","mail":"eccli@digitalpolicy.gov.hk"}
2026-02-15 01:25:32.519 DEBUG DataImportService:53 - {"displayName":"Edward CC WONG/DPO","mail":"eccwong@digitalpolicy.gov.hk"}
2026-02-15 01:25:32.519 DEBUG DataImportService:53 - {"displayName":"Eli CF LAM/DPO","mail":"ecflam@digitalpolicy.gov.hk"}
2026-02-15 01:25:32.519 DEBUG DataImportService:53 - {"displayName":"Eddie CH CHEN/DPO","mail":"echchen@digitalpolicy.gov.hk"}
2026-02-15 01:25:32.519 DEBUG DataImportService:53 - {"displayName":"Edward CH LEUNG/DPO","mail":"echleung@digitalpolicy.gov.hk"}
2026-02-15 01:25:32.520 DEBUG DataImportService:53 - {"displayName":"Pay e-Cheque Portal Client Advisory/DPO","mail":"echqpt_advisory@digitalpolicy.gov.hk"}
2026-02-15 01:25:32.520 DEBUG DataImportService:53 - {"displayName":"Pay e-Cheque Portal Support Team/DPO","mail":"echqpt_support@digitalpolicy.gov.hk"}
2026-02-15 01:25:32.522 DEBUG DataImportService:53 - {"displayName":"Eddy CK CHEUNG/DPO","mail":"eckcheung@digitalpolicy.gov.hk"}
2026-02-15 01:25:32.522 DEBUG DataImportService:53 - {"displayName":"Edwin CK FOK/DPO","mail":"eckfok@digitalpolicy.gov.hk"}
2026-02-15 01:25:32.522 DEBUG DataImportService:53 - {"displayName":"Eric CM AU/DPO","mail":"ecmau@digitalpolicy.gov.hk"}
2026-02-15 01:25:32.523 DEBUG DataImportService:53 - {"displayName":"Edmond CM LAU/DPO","mail":"ecmlau@digitalpolicy.gov.hk"}
2026-02-15 01:25:32.523 DEBUG DataImportService:53 - {"displayName":"Eric CM WONG/DPO","mail":"ecmwong@digitalpolicy.gov.hk"}
2026-02-15 01:25:32.523 DEBUG DataImportService:53 - {"displayName":"Ethan CY CHONG/DPO","mail":"ecychong@digitalpolicy.gov.hk"}
2026-02-15 01:25:32.523 DEBUG DataImportService:53 - {"displayName":"Eddy CY YIU/DPO","mail":"ecyyiu@digitalpolicy.gov.hk"}
2026-02-15 01:25:32.523 DEBUG DataImportService:53 - {"displayName":"Edgar SF WONG/DPO","mail":"edgarsiufaiwong@digitalpolicy.gov.hk"}
2026-02-15 01:25:32.523 DEBUG DataImportService:53 - {"displayName":"Edith KW MOK/DPO","mail":"edithkwmok@digitalpolicy.gov.hk"}
2026-02-15 01:25:32.523 DEBUG DataImportService:53 - {"displayName":"Edmond YH CHAN/DPO","mail":"edmondyhchan@digitalpolicy.gov.hk"}
2026-02-15 01:25:32.523 DEBUG DataImportService:53 - {"displayName":"Edward KW NG/DPO","mail":"edwardkawaing@digitalpolicy.gov.hk"}
2026-02-15 01:25:32.524 DEBUG DataImportService:53 - {"displayName":"DPO E-FAX Operator/DPO","mail":"e-fax@digitalpolicy.gov.hk"}
2026-02-15 01:25:32.524 DEBUG DataImportService:53 - {"displayName":"DPO E-FAX Operator Supplies/DPO","mail":"efax_supplies_quotation@digitalpolicy.gov.hk"}
2026-02-15 01:25:32.524 DEBUG DataImportService:53 - {"displayName":"DPO E-FAX Operator IT/DPO","mail":"e-fax-it@digitalpolicy.gov.hk"}
2026-02-15 01:25:32.524 DEBUG DataImportService:53 - {"displayName":"DG IT Support2/DPO","mail":"effoadmin@digitalpolicy.gov.hk"}
2026-02-15 01:25:32.524 DEBUG DataImportService:53 - {"displayName":"DPO User1 EFFO/DPO","mail":"effodpouser1@digitalpolicy.gov.hk"}
2026-02-15 01:25:32.526 DEBUG DataImportService:53 - {"displayName":"Mobile User2 EFFO/DPO","mail":"effomobuser2@digitalpolicy.gov.hk"}
2026-02-15 01:25:32.526 DEBUG DataImportService:53 - {"displayName":"effomobuser4/DPO","mail":"effomobuser4@digitalpolicy.gov.hk"}
2026-02-15 01:25:32.526 DEBUG DataImportService:53 - {"displayName":"e-Form Support Team/DPO","mail":"eform@digitalpolicy.gov.hk"}
2026-02-15 01:25:32.526 DEBUG DataImportService:53 - {"displayName":"eForm Development Account/DPO","mail":"eformdevelopmentaccount@digitalpolicy.gov.hk"}
2026-02-15 01:25:32.526 DEBUG DataImportService:53 - {"displayName":"eForm Services/DPO","mail":"eformservices@digitalpolicy.gov.hk"}
2026-02-15 01:25:32.526 DEBUG DataImportService:53 - {"displayName":"Eric FY LAW/DPO","mail":"efylaw@digitalpolicy.gov.hk"}
2026-02-15 01:25:32.526 DEBUG DataImportService:53 - {"displayName":"e-Government Audit Programme Office/DPO","mail":"egapo@digitalpolicy.gov.hk"}
2026-02-15 01:25:32.526 DEBUG DataImportService:53 - {"displayName":"EGIS Support Team/DPO","mail":"egis_support@digitalpolicy.gov.hk"}
2026-02-15 01:25:32.527 DEBUG DataImportService:53 - {"displayName":"EGIS Support Contractor/OUTSOURCER/DPO","mail":"egis_support_contractor@digitalpolicy.gov.hk"}
2026-02-15 01:25:32.527 DEBUG DataImportService:53 - {"displayName":"EGIS Support Contractor - HP/OUTSOURCER/DPO","mail":"egis_support_contractor_hp@digitalpolicy.gov.hk"}
2026-02-15 01:25:32.527 DEBUG DataImportService:53 - {"displayName":"eHelpdesk/DPO","mail":"ehelpdesk@digitalpolicy.gov.hk"}
2026-02-15 01:25:32.527 DEBUG DataImportService:53 - {"displayName":"eHelpdesk Test/DPO","mail":"ehelpdesktest@digitalpolicy.gov.hk"}
2026-02-15 01:25:32.529 DEBUG DataImportService:53 - {"displayName":"Edward HM LEE/DPO","mail":"ehmlee@digitalpolicy.gov.hk"}
2026-02-15 01:25:32.529 DEBUG DataImportService:53 - {"displayName":"Eric HY MING/DPO","mail":"ehyming@digitalpolicy.gov.hk"}
2026-02-15 01:25:32.529 DEBUG DataImportService:53 - {"displayName":"Edwin HY WONG/DPO","mail":"ehywong@digitalpolicy.gov.hk"}
2026-02-15 01:25:32.529 DEBUG DataImportService:53 - {"displayName":"EIM Programme Management Office/DPO","mail":"eimpmo@digitalpolicy.gov.hk"}
2026-02-15 01:25:32.530 DEBUG DataImportService:53 - {"displayName":"EIMS Support/DPO","mail":"eims_support@digitalpolicy.gov.hk"}
2026-02-15 01:25:32.530 DEBUG DataImportService:53 - {"displayName":"EIMSG Secretary/DPO","mail":"eimsg_secretary@digitalpolicy.gov.hk"}
2026-02-15 01:25:32.531 DEBUG DataImportService:53 - {"displayName":"EIMWG Secretary/DPO","mail":"eimwg_secretary@digitalpolicy.gov.hk"}
2026-02-15 01:25:32.531 DEBUG DataImportService:53 - {"displayName":"Eglus KC TAM/DPO","mail":"ekctam@digitalpolicy.gov.hk"}
2026-02-15 01:25:32.531 DEBUG DataImportService:53 - {"displayName":"Edward KL CHAN/DPO","mail":"eklchan@digitalpolicy.gov.hk"}
2026-02-15 01:25:32.531 DEBUG DataImportService:53 - {"displayName":"Edmund KM CHANG/DPO","mail":"ekmchang@digitalpolicy.gov.hk"}
2026-02-15 01:25:32.531 DEBUG DataImportService:53 - {"displayName":"Eric KS LAU/DPO","mail":"ekslau@digitalpolicy.gov.hk"}
2026-02-15 01:25:32.532 DEBUG DataImportService:53 - {"displayName":"Eric KS WONG/DPO","mail":"ekswong@digitalpolicy.gov.hk"}
2026-02-15 01:25:32.532 DEBUG DataImportService:53 - {"displayName":"Erik KT LUI/DPO","mail":"ektlui@digitalpolicy.gov.hk"}
2026-02-15 01:25:32.532 DEBUG DataImportService:53 - {"displayName":"Eric KW LAM/DPO","mail":"ekwlam@digitalpolicy.gov.hk"}
2026-02-15 01:25:32.532 DEBUG DataImportService:53 - {"displayName":"Edmond KW MOK/DPO","mail":"ekwmok@digitalpolicy.gov.hk"}
2026-02-15 01:25:32.532 DEBUG DataImportService:53 - {"displayName":"Eric KY YIP/DPO","mail":"ekyyip@digitalpolicy.gov.hk"}
2026-02-15 01:25:32.532 DEBUG DataImportService:53 - {"displayName":"Elderly ICT Programme Office/DPO","mail":"elderlyict@digitalpolicy.gov.hk"}
2026-02-15 01:25:32.532 DEBUG DataImportService:53 - {"displayName":"Elderly ICT Programme Application/DPO","mail":"elderlyict-appl@digitalpolicy.gov.hk"}
2026-02-15 01:25:32.533 DEBUG DataImportService:53 - {"displayName":"DPO e-Library System/DPO","mail":"e-lib_system@digitalpolicy.gov.hk"}
2026-02-15 01:25:32.533 DEBUG DataImportService:53 - {"displayName":"Elly LK YEUNG/DPO","mail":"elkyeung@digitalpolicy.gov.hk"}
2026-02-15 01:25:32.533 DEBUG DataImportService:53 - {"displayName":"Emma LY LI/DPO","mail":"elyli@digitalpolicy.gov.hk"}
2026-02-15 01:25:32.533 DEBUG DataImportService:53 - {"displayName":"EMAN System Support/DPO","mail":"eman_system_support@digitalpolicy.gov.hk"}
2026-02-15 01:25:32.533 DEBUG DataImportService:53 - {"displayName":"Edwin MC WOO/DPO","mail":"emcwoo@digitalpolicy.gov.hk"}
2026-02-15 01:25:32.533 DEBUG DataImportService:53 - {"displayName":"Edward MK SO/DPO","mail":"emkso@digitalpolicy.gov.hk"}
2026-02-15 01:25:32.534 DEBUG DataImportService:53 - {"displayName":"Elmen ML YAU/DPO","mail":"emlyau@digitalpolicy.gov.hk"}
2026-02-15 01:25:32.534 DEBUG DataImportService:53 - {"displayName":"Edwin MT LO/DPO","mail":"emtlo@digitalpolicy.gov.hk"}
2026-02-15 01:25:32.534 DEBUG DataImportService:53 - {"displayName":"Eric MW CHAN/DPO","mail":"emwchan@digitalpolicy.gov.hk"}
2026-02-15 01:25:32.534 DEBUG DataImportService:53 - {"displayName":"Eric MY WONG/DPO","mail":"emywong@digitalpolicy.gov.hk"}
2026-02-15 01:25:32.534 DEBUG DataImportService:53 - {"displayName":"DPO Homepage e-Newsletter/DPO","mail":"enews@digitalpolicy.gov.hk"}
2026-02-15 01:25:32.534 DEBUG DataImportService:53 - {"displayName":"Elia NL WONG/DPO","mail":"enlwong@digitalpolicy.gov.hk"}
2026-02-15 01:25:32.534 DEBUG DataImportService:53 - {"displayName":"eNotification GovIT Tenders/DPO","mail":"enotification_govit_tenders@digitalpolicy.gov.hk"}
2026-02-15 01:25:32.535 DEBUG DataImportService:53 - {"displayName":"CBPS Enquiry","mail":"enquiry@crossboundaryservices.gov.hk"}
2026-02-15 01:25:32.535 DEBUG DataImportService:53 - {"displayName":"DPO Enquiry/DPO","mail":"enquiry@digitalpolicy.gov.hk"}
2026-02-15 01:25:32.535 DEBUG DataImportService:53 - {"displayName":"e-TS Enquiry/DPO","mail":"enquiry@ets.gov.hk"}
2026-02-15 01:25:32.535 DEBUG DataImportService:53 - {"displayName":"Idea Enquiry/DPO","mail":"enquiry@idea.gov.hk"}
2026-02-15 01:25:32.535 DEBUG DataImportService:53 - {"displayName":"DPO Enquiry GR/DPO","mail":"enquiry_gr@digitalpolicy.gov.hk"}
2026-02-15 01:25:32.535 DEBUG DataImportService:53 - {"displayName":"Vaccine Booking Enquiry/DPO","mail":"enquiry_vaccinebooking@digitalpolicy.gov.hk"}
2026-02-15 01:25:32.535 DEBUG DataImportService:53 - {"displayName":"e-TS Enquiry CS/DPO","mail":"enquiry-cs@ets.gov.hk"}
2026-02-15 01:25:32.536 DEBUG DataImportService:53 - {"displayName":"GovHK Enquiry Review/DPO","mail":"enquiryreview@digitalpolicy.gov.hk"}
2026-02-15 01:25:32.536 DEBUG DataImportService:53 - {"displayName":"Esprit PK LEUNG/DPO","mail":"epkleung@digitalpolicy.gov.hk"}
2026-02-15 01:25:32.536 DEBUG DataImportService:53 - {"displayName":"Edith PM CHUI/DPO","mail":"epmchui@digitalpolicy.gov.hk"}
2026-02-15 01:25:32.536 DEBUG DataImportService:53 - {"displayName":"E-Procurement Service Support/OUTSOURCER/DPO","mail":"eppmgmtoff@digitalpolicy.gov.hk"}
2026-02-15 01:25:32.536 DEBUG DataImportService:53 - {"displayName":"E-Procurement Programme Management Office/DPO","mail":"eppmo@digitalpolicy.gov.hk"}
2026-02-15 01:25:32.536 DEBUG DataImportService:53 - {"displayName":"Eric SH CHAN/DPO","mail":"ericshchan@digitalpolicy.gov.hk"}
2026-02-15 01:25:32.536 DEBUG DataImportService:53 - {"displayName":"Eric LEUNG/DPO","mail":"ericskleung@digitalpolicy.gov.hk"}
2026-02-15 01:25:32.536 DEBUG DataImportService:53 - {"displayName":"ERKS Coordinator/DPO","mail":"erks_coordinator@digitalpolicy.gov.hk"}
2026-02-15 01:25:32.536 DEBUG DataImportService:53 - {"displayName":"ERKS S1 Support Contractor/OUTSOURCER/DPO","mail":"erks_s1_support_contractor@digitalpolicy.gov.hk"}
2026-02-15 01:25:32.536 DEBUG DataImportService:53 - {"displayName":"ERKS Support/DPO","mail":"erks_support@digitalpolicy.gov.hk"}
2026-02-15 01:25:32.537 DEBUG DataImportService:53 - {"displayName":"ERKS S1 Support Team/DPO","mail":"erkss1supportteam@digitalpolicy.gov.hk"}
2026-02-15 01:25:32.537 DEBUG DataImportService:53 - {"displayName":"Ernest YC YEUNG/DPO","mail":"ernestycyeung@digitalpolicy.gov.hk"}
2026-02-15 01:25:32.537 DEBUG DataImportService:53 - {"displayName":"Eric SC LAM/DPO","mail":"esclam@digitalpolicy.gov.hk"}
2026-02-15 01:25:32.537 DEBUG DataImportService:53 - {"displayName":"e-Service Information Portal Support Office/DPO","mail":"e-serviceipso@digitalpolicy.gov.hk"}
2026-02-15 01:25:32.537 DEBUG DataImportService:53 - {"displayName":"Edward SH CHAN/DPO","mail":"eshchan@digitalpolicy.gov.hk"}
2026-02-15 01:25:32.537 DEBUG DataImportService:53 - {"displayName":"Eva SM LO/DPO","mail":"esmlo@digitalpolicy.gov.hk"}
2026-02-15 01:25:32.537 DEBUG DataImportService:53 - {"displayName":"Eva SP LING/DPO","mail":"espling@digitalpolicy.gov.hk"}
2026-02-15 01:25:32.537 DEBUG DataImportService:53 - {"displayName":"Esports Facilitation/DPO","mail":"esports@digitalpolicy.gov.hk"}
2026-02-15 01:25:32.537 DEBUG DataImportService:53 - {"displayName":"eSP Support Team/DPO","mail":"espsupport@digitalpolicy.gov.hk"}
2026-02-15 01:25:32.537 DEBUG DataImportService:53 - {"displayName":"Elvin SW LEE/DPO","mail":"eswlee@digitalpolicy.gov.hk"}
2026-02-15 01:25:32.539 DEBUG DataImportService:53 - {"displayName":"Eddie SW LI/DPO","mail":"eswli@digitalpolicy.gov.hk"}
2026-02-15 01:25:32.539 DEBUG DataImportService:53 - {"displayName":"Edmond SW NG/DPO","mail":"eswng@digitalpolicy.gov.hk"}
2026-02-15 01:25:32.539 DEBUG DataImportService:53 - {"displayName":"Ellen SY WONG/DPO","mail":"esywong@digitalpolicy.gov.hk"}
2026-02-15 01:25:32.539 DEBUG DataImportService:53 - {"displayName":"Eric TC CHAN/DPO","mail":"etcchan@digitalpolicy.gov.hk"}
2026-02-15 01:25:32.539 DEBUG DataImportService:53 - {"displayName":"Eric TK LEUNG/DPO","mail":"etkleung@digitalpolicy.gov.hk"}
2026-02-15 01:25:32.539 DEBUG DataImportService:53 - {"displayName":"DPO ETO Support/DPO","mail":"etosupport@digitalpolicy.gov.hk"}
2026-02-15 01:25:32.539 DEBUG DataImportService:53 - {"displayName":"ETS MAIL SUPPORT/DPO","mail":"ets_mail_support@digitalpolicy.gov.hk"}
2026-02-15 01:25:32.539 DEBUG DataImportService:53 - {"displayName":"Edith WC HO/DPO","mail":"ewcho@digitalpolicy.gov.hk"}
2026-02-15 01:25:32.539 DEBUG DataImportService:53 - {"displayName":"Emily WF LEUNG/DPO","mail":"ewfleung@digitalpolicy.gov.hk"}
2026-02-15 01:25:32.540 DEBUG DataImportService:53 - {"displayName":"Edmond WH NG/DPO","mail":"ewhng@digitalpolicy.gov.hk"}
2026-02-15 01:25:32.540 DEBUG DataImportService:53 - {"displayName":"Ernest WH TAM/DPO","mail":"ewhtam@digitalpolicy.gov.hk"}
2026-02-15 01:25:32.540 DEBUG DataImportService:53 - {"displayName":"Ernie WH TSOI/DPO","mail":"ewhtsoi@digitalpolicy.gov.hk"}
2026-02-15 01:25:32.540 DEBUG DataImportService:53 - {"displayName":"Eric WK CHENG/DPO","mail":"ewkcheng@digitalpolicy.gov.hk"}
2026-02-15 01:25:32.540 DEBUG DataImportService:53 - {"displayName":"Eliot WK HO/DPO","mail":"ewkho@digitalpolicy.gov.hk"}
2026-02-15 01:25:32.540 DEBUG DataImportService:53 - {"displayName":"Eddic WM TIN/DPO","mail":"ewmtin@digitalpolicy.gov.hk"}
2026-02-15 01:25:32.540 DEBUG DataImportService:53 - {"displayName":"Emily WN CHUI/DPO","mail":"ewnchui@digitalpolicy.gov.hk"}
2026-02-15 01:25:32.540 DEBUG DataImportService:53 - {"displayName":"Eva WT LEE/DPO","mail":"ewtlee@digitalpolicy.gov.hk"}
2026-02-15 01:25:32.541 DEBUG DataImportService:53 - {"displayName":"External User/DPO","mail":"extuser1@digitalpolicy.gov.hk"}
2026-02-15 01:25:32.541 DEBUG DataImportService:53 - {"displayName":"Eric YB POON/DPO","mail":"eybpoon@digitalpolicy.gov.hk"}
2026-02-15 01:25:32.541 DEBUG DataImportService:53 - {"displayName":"Edward YC CHAN/DPO","mail":"eycchan@digitalpolicy.gov.hk"}
2026-02-15 01:25:32.541 DEBUG DataImportService:53 - {"displayName":"Eddie YC LIM/DPO","mail":"eyclim@digitalpolicy.gov.hk"}
2026-02-15 01:25:32.541 DEBUG DataImportService:53 - {"displayName":"Edith YD CHAN/DPO","mail":"eydchan@digitalpolicy.gov.hk"}
2026-02-15 01:25:32.541 DEBUG DataImportService:53 - {"displayName":"Elaine YF LAU/DPO","mail":"eyflau@digitalpolicy.gov.hk"}
2026-02-15 01:25:32.541 DEBUG DataImportService:53 - {"displayName":"Eddie YF LUI/DPO","mail":"eyflui@digitalpolicy.gov.hk"}
2026-02-15 01:25:32.542 DEBUG DataImportService:53 - {"displayName":"Eason YH CHAN/DPO","mail":"eyhchan@digitalpolicy.gov.hk"}
2026-02-15 01:25:32.542 DEBUG DataImportService:53 - {"displayName":"Elsie YK CHU/DPO","mail":"eykchu@digitalpolicy.gov.hk"}
2026-02-15 01:25:32.542 DEBUG DataImportService:53 - {"displayName":"Esmond YL LEE/DPO","mail":"eyllee@digitalpolicy.gov.hk"}
2026-02-15 01:25:32.544 DEBUG DataImportService:53 - {"displayName":"Emmy YN LAU/DPO","mail":"eynlau@digitalpolicy.gov.hk"}
2026-02-15 01:25:32.544 DEBUG DataImportService:53 - {"displayName":"Enoch YN LI/DPO","mail":"eynli@digitalpolicy.gov.hk"}
2026-02-15 01:25:32.544 DEBUG DataImportService:53 - {"displayName":"Elke YP MAK/DPO","mail":"eypmak@digitalpolicy.gov.hk"}
2026-02-15 01:25:32.545 DEBUG DataImportService:53 - {"displayName":"Eva YW LO/DPO","mail":"eywlo@digitalpolicy.gov.hk"}
2026-02-15 01:25:32.545 DEBUG DataImportService:53 - {"displayName":"Erica YY HO/DPO","mail":"eyyho@digitalpolicy.gov.hk"}
2026-02-15 01:25:32.548 DEBUG AnnotationConfigApplicationContext:1164 - Closing org.springframework.context.annotation.AnnotationConfigApplicationContext@66565121, started on Sun Feb 15 01:25:31 GMT+08:00 2026
2026-02-15 01:25:32.551 DEBUG DefaultLifecycleProcessor:638 - Stopping beans in phase 1073741823
2026-02-15 01:25:32.551 DEBUG DefaultLifecycleProcessor:484 - Bean 'applicationTaskExecutor' completed its stop procedure
2026-02-15 01:25:32.551 DEBUG DefaultLifecycleProcessor:638 - Stopping beans in phase -2147483647
2026-02-15 01:25:32.552 DEBUG DefaultLifecycleProcessor:484 - Bean 'springBootLoggingLifecycle' completed its stop procedure
2026-02-15 01:25:32.552 DEBUG ThreadPoolTaskExecutor:366 - Shutting down ExecutorService 'applicationTaskExecutor'
2026-02-15 01:38:59.220 DEBUG PropertySourcesPropertyResolver:116 - Found key 'spring.application.name' in PropertySource 'configurationProperties' with value of type String
2026-02-15 01:38:59.295 INFO  DirsyncApplication:54 - Starting DirsyncApplication using Java 25.0.2 with PID 30524 (C:\Users\simon\IdeaProjects\dirsync\target\classes started by simon in C:\Users\simon\IdeaProjects\dirsync)
2026-02-15 01:38:59.296 DEBUG DirsyncApplication:55 - Running with Spring Boot v4.0.2, Spring v7.0.3
2026-02-15 01:38:59.297 INFO  DirsyncApplication:652 - No active profile set, falling back to 1 default profile: "default"
2026-02-15 01:38:59.298 DEBUG SpringApplication:685 - Loading source class com.ctg.innovic.cmmpdi.dirsync.DirsyncApplication
2026-02-15 01:38:59.344 DEBUG AnnotationConfigApplicationContext:677 - Refreshing org.springframework.context.annotation.AnnotationConfigApplicationContext@66565121
2026-02-15 01:38:59.356 DEBUG DefaultListableBeanFactory:306 - Creating shared instance of singleton bean 'org.springframework.context.annotation.internalConfigurationAnnotationProcessor'
2026-02-15 01:38:59.367 DEBUG DefaultListableBeanFactory:306 - Creating shared instance of singleton bean 'org.springframework.boot.autoconfigure.internalCachingMetadataReaderFactory'
2026-02-15 01:38:59.406 DEBUG ClassPathBeanDefinitionScanner:470 - Identified candidate component class: file [C:\Users\simon\IdeaProjects\dirsync\target\classes\com\ctg\innovic\cmmpdi\dirsync\service\DataImportService.class]
2026-02-15 01:38:59.406 DEBUG ClassPathBeanDefinitionScanner:470 - Identified candidate component class: file [C:\Users\simon\IdeaProjects\dirsync\target\classes\com\ctg\innovic\cmmpdi\dirsync\service\GroupService.class]
2026-02-15 01:38:59.407 DEBUG ClassPathBeanDefinitionScanner:470 - Identified candidate component class: file [C:\Users\simon\IdeaProjects\dirsync\target\classes\com\ctg\innovic\cmmpdi\dirsync\service\UserService.class]
2026-02-15 01:38:59.644 INFO  RepositoryConfigurationDelegate:145 - Bootstrapping Spring Data LDAP repositories in DEFAULT mode.
2026-02-15 01:38:59.651 DEBUG DefaultListableBeanFactory:306 - Creating shared instance of singleton bean 'org.springframework.boot.autoconfigure.AutoConfigurationPackages'
2026-02-15 01:38:59.659 DEBUG AutoConfigurationPackages:219 - @EnableAutoConfiguration was declared on a class in the package 'com.ctg.innovic.cmmpdi.dirsync'. Automatic @Repository and @Entity scanning is enabled.
2026-02-15 01:38:59.660 DEBUG RepositoryConfigurationDelegate:155 - Scanning for LDAP repositories in packages com.ctg.innovic.cmmpdi.dirsync.
2026-02-15 01:38:59.676 INFO  RepositoryConfigurationDelegate:213 - Finished Spring Data repository scanning in 13 ms. Found 0 LDAP repository interfaces.
2026-02-15 01:38:59.709 DEBUG DefaultListableBeanFactory:306 - Creating shared instance of singleton bean 'propertySourcesPlaceholderConfigurer'
2026-02-15 01:38:59.713 DEBUG DefaultListableBeanFactory:306 - Creating shared instance of singleton bean 'org.springframework.context.event.internalEventListenerProcessor'
2026-02-15 01:38:59.714 DEBUG DefaultListableBeanFactory:306 - Creating shared instance of singleton bean 'forceAutoProxyCreatorToUseClassProxying'
2026-02-15 01:38:59.715 DEBUG DefaultListableBeanFactory:306 - Creating shared instance of singleton bean 'bootstrapExecutorAliasPostProcessor'
2026-02-15 01:38:59.715 DEBUG DefaultListableBeanFactory:306 - Creating shared instance of singleton bean 'org.springframework.context.event.internalEventListenerFactory'
2026-02-15 01:38:59.719 DEBUG DefaultListableBeanFactory:306 - Creating shared instance of singleton bean 'org.springframework.context.annotation.internalAutowiredAnnotationProcessor'
2026-02-15 01:38:59.720 DEBUG DefaultListableBeanFactory:306 - Creating shared instance of singleton bean 'org.springframework.context.annotation.internalCommonAnnotationProcessor'
2026-02-15 01:38:59.723 DEBUG DefaultListableBeanFactory:306 - Creating shared instance of singleton bean 'org.springframework.boot.context.properties.ConfigurationPropertiesBindingPostProcessor'
2026-02-15 01:38:59.723 DEBUG DefaultListableBeanFactory:306 - Creating shared instance of singleton bean 'org.springframework.boot.context.internalConfigurationPropertiesBinder'
2026-02-15 01:38:59.725 DEBUG DefaultListableBeanFactory:306 - Creating shared instance of singleton bean 'persistenceExceptionTranslationPostProcessor'
2026-02-15 01:38:59.726 DEBUG DefaultListableBeanFactory:953 - Autowiring by type from bean name 'persistenceExceptionTranslationPostProcessor' via factory method to bean named 'environment'
2026-02-15 01:38:59.730 DEBUG DefaultListableBeanFactory:306 - Creating shared instance of singleton bean 'org.springframework.aop.framework.autoproxy.defaultProxyConfig'
2026-02-15 01:38:59.736 DEBUG DefaultListableBeanFactory:306 - Creating shared instance of singleton bean 'org.springframework.aop.config.internalAutoProxyCreator'
2026-02-15 01:38:59.741 DEBUG DefaultListableBeanFactory:306 - Creating shared instance of singleton bean 'applicationTaskExecutor'
2026-02-15 01:38:59.742 DEBUG DefaultListableBeanFactory:306 - Creating shared instance of singleton bean 'org.springframework.boot.autoconfigure.task.TaskExecutorConfigurations$TaskExecutorConfiguration'
2026-02-15 01:38:59.743 DEBUG DefaultListableBeanFactory:306 - Creating shared instance of singleton bean 'threadPoolTaskExecutorBuilder'
2026-02-15 01:38:59.744 DEBUG DefaultListableBeanFactory:306 - Creating shared instance of singleton bean 'org.springframework.boot.autoconfigure.task.TaskExecutorConfigurations$ThreadPoolTaskExecutorBuilderConfiguration'
2026-02-15 01:38:59.745 DEBUG DefaultListableBeanFactory:306 - Creating shared instance of singleton bean 'spring.task.execution-org.springframework.boot.autoconfigure.task.TaskExecutionProperties'
2026-02-15 01:38:59.747 DEBUG DefaultListableBeanFactory:306 - Creating shared instance of singleton bean 'org.springframework.boot.context.properties.BoundConfigurationProperties'
2026-02-15 01:38:59.756 DEBUG DefaultListableBeanFactory:953 - Autowiring by type from bean name 'threadPoolTaskExecutorBuilder' via factory method to bean named 'spring.task.execution-org.springframework.boot.autoconfigure.task.TaskExecutionProperties'
2026-02-15 01:38:59.760 DEBUG DefaultListableBeanFactory:953 - Autowiring by type from bean name 'applicationTaskExecutor' via factory method to bean named 'threadPoolTaskExecutorBuilder'
2026-02-15 01:38:59.767 DEBUG ThreadPoolTaskExecutor:300 - Initializing ExecutorService 'applicationTaskExecutor'
2026-02-15 01:38:59.769 DEBUG DefaultListableBeanFactory:306 - Creating shared instance of singleton bean 'dirsyncApplication'
2026-02-15 01:38:59.770 DEBUG DefaultListableBeanFactory:306 - Creating shared instance of singleton bean 'dataImportService'
2026-02-15 01:38:59.782 DEBUG DefaultListableBeanFactory:306 - Creating shared instance of singleton bean 'userService'
2026-02-15 01:38:59.787 DEBUG AnnotationConfigApplicationContext:677 - Refreshing org.springframework.context.annotation.AnnotationConfigApplicationContext@7b2a3ff8
2026-02-15 01:38:59.787 DEBUG DefaultListableBeanFactory:306 - Creating shared instance of singleton bean 'org.springframework.context.annotation.internalConfigurationAnnotationProcessor'
2026-02-15 01:38:59.793 INFO  RepositoryConfigurationDelegate:145 - Bootstrapping Spring Data LDAP repositories in DEFAULT mode.
2026-02-15 01:38:59.794 DEBUG RepositoryConfigurationDelegate:155 - Scanning for LDAP repositories in packages com.ctg.innovic.cmmpdi.dirsync.repro.
2026-02-15 01:38:59.797 INFO  RepositoryConfigurationDelegate:213 - Finished Spring Data repository scanning in 2 ms. Found 0 LDAP repository interfaces.
2026-02-15 01:38:59.859 DEBUG DefaultListableBeanFactory:306 - Creating shared instance of singleton bean 'org.springframework.context.event.internalEventListenerProcessor'
2026-02-15 01:38:59.860 DEBUG DefaultListableBeanFactory:306 - Creating shared instance of singleton bean 'org.springframework.context.event.internalEventListenerFactory'
2026-02-15 01:38:59.860 DEBUG DefaultListableBeanFactory:306 - Creating shared instance of singleton bean 'org.springframework.context.annotation.internalAutowiredAnnotationProcessor'
2026-02-15 01:38:59.861 DEBUG DefaultListableBeanFactory:306 - Creating shared instance of singleton bean 'org.springframework.context.annotation.internalCommonAnnotationProcessor'
2026-02-15 01:38:59.861 DEBUG DefaultListableBeanFactory:306 - Creating shared instance of singleton bean 'applicationConfig'
2026-02-15 01:38:59.864 DEBUG PropertySourcesPropertyResolver:116 - Found key 'ldap.userDN' in PropertySource 'class path resource [application.properties]' with value of type String
2026-02-15 01:38:59.864 DEBUG PropertySourcesPropertyResolver:116 - Found key 'ldap.password' in PropertySource 'class path resource [application.properties]' with value of type String
2026-02-15 01:38:59.864 DEBUG PropertySourcesPropertyResolver:116 - Found key 'ldap.url' in PropertySource 'class path resource [application.properties]' with value of type String
2026-02-15 01:38:59.865 DEBUG DefaultListableBeanFactory:306 - Creating shared instance of singleton bean 'contextSource'
2026-02-15 01:38:59.882 DEBUG AbstractContextSource:417 - AuthenticationSource not set - using default implementation
2026-02-15 01:38:59.883 DEBUG AbstractContextSource:447 - Not using LDAP pooling
2026-02-15 01:38:59.883 DEBUG AbstractContextSource:468 - Trying provider Urls: ldap://94.74.110.140:9389
2026-02-15 01:38:59.885 DEBUG DefaultListableBeanFactory:306 - Creating shared instance of singleton bean 'ldapTemplate'
2026-02-15 01:38:59.885 DEBUG DefaultListableBeanFactory:953 - Autowiring by type from bean name 'ldapTemplate' via factory method to bean named 'contextSource'
2026-02-15 01:38:59.892 DEBUG DefaultListableBeanFactory:306 - Creating shared instance of singleton bean 'ldapMappingContext'
2026-02-15 01:38:59.901 DEBUG DefaultListableBeanFactory:306 - Creating shared instance of singleton bean 'data-ldap.repository-aot-processor#0'
2026-02-15 01:38:59.912 DEBUG DefaultListableBeanFactory:306 - Creating shared instance of singleton bean 'groupService'
2026-02-15 01:38:59.913 DEBUG DefaultListableBeanFactory:306 - Creating shared instance of singleton bean 'org.springframework.boot.autoconfigure.context.PropertyPlaceholderAutoConfiguration'
2026-02-15 01:38:59.916 DEBUG DefaultListableBeanFactory:306 - Creating shared instance of singleton bean 'org.springframework.boot.autoconfigure.aop.AopAutoConfiguration$ClassProxyingConfiguration'
2026-02-15 01:38:59.917 DEBUG DefaultListableBeanFactory:306 - Creating shared instance of singleton bean 'org.springframework.boot.autoconfigure.aop.AopAutoConfiguration'
2026-02-15 01:38:59.918 DEBUG DefaultListableBeanFactory:306 - Creating shared instance of singleton bean 'org.springframework.boot.autoconfigure.availability.ApplicationAvailabilityAutoConfiguration'
2026-02-15 01:38:59.918 DEBUG DefaultListableBeanFactory:306 - Creating shared instance of singleton bean 'applicationAvailability'
2026-02-15 01:38:59.920 DEBUG DefaultListableBeanFactory:306 - Creating shared instance of singleton bean 'org.springframework.boot.autoconfigure.context.ConfigurationPropertiesAutoConfiguration'
2026-02-15 01:38:59.921 DEBUG DefaultListableBeanFactory:306 - Creating shared instance of singleton bean 'org.springframework.boot.context.properties.EnableConfigurationPropertiesRegistrar.methodValidationExcludeFilter'
2026-02-15 01:38:59.925 DEBUG DefaultListableBeanFactory:306 - Creating shared instance of singleton bean 'org.springframework.boot.autoconfigure.context.LifecycleAutoConfiguration'
2026-02-15 01:38:59.927 DEBUG DefaultListableBeanFactory:306 - Creating shared instance of singleton bean 'lifecycleProcessor'
2026-02-15 01:38:59.927 DEBUG DefaultListableBeanFactory:306 - Creating shared instance of singleton bean 'spring.lifecycle-org.springframework.boot.autoconfigure.context.LifecycleProperties'
2026-02-15 01:38:59.928 DEBUG DefaultListableBeanFactory:953 - Autowiring by type from bean name 'lifecycleProcessor' via factory method to bean named 'spring.lifecycle-org.springframework.boot.autoconfigure.context.LifecycleProperties'
2026-02-15 01:38:59.930 DEBUG DefaultListableBeanFactory:306 - Creating shared instance of singleton bean 'org.springframework.boot.autoconfigure.info.ProjectInfoAutoConfiguration'
2026-02-15 01:38:59.932 DEBUG DefaultListableBeanFactory:306 - Creating shared instance of singleton bean 'spring.info-org.springframework.boot.autoconfigure.info.ProjectInfoProperties'
2026-02-15 01:38:59.933 DEBUG DefaultListableBeanFactory:953 - Autowiring by type from bean name 'org.springframework.boot.autoconfigure.info.ProjectInfoAutoConfiguration' via constructor to bean named 'spring.info-org.springframework.boot.autoconfigure.info.ProjectInfoProperties'
2026-02-15 01:38:59.935 DEBUG DefaultListableBeanFactory:306 - Creating shared instance of singleton bean 'org.springframework.boot.autoconfigure.ssl.SslAutoConfiguration'
2026-02-15 01:38:59.935 DEBUG DefaultListableBeanFactory:306 - Creating shared instance of singleton bean 'spring.ssl-org.springframework.boot.autoconfigure.ssl.SslProperties'
2026-02-15 01:38:59.936 DEBUG DefaultListableBeanFactory:953 - Autowiring by type from bean name 'org.springframework.boot.autoconfigure.ssl.SslAutoConfiguration' via constructor to bean named 'org.springframework.context.annotation.AnnotationConfigApplicationContext@66565121'
2026-02-15 01:38:59.936 DEBUG DefaultListableBeanFactory:953 - Autowiring by type from bean name 'org.springframework.boot.autoconfigure.ssl.SslAutoConfiguration' via constructor to bean named 'spring.ssl-org.springframework.boot.autoconfigure.ssl.SslProperties'
2026-02-15 01:38:59.939 DEBUG DefaultListableBeanFactory:306 - Creating shared instance of singleton bean 'fileWatcher'
2026-02-15 01:38:59.940 DEBUG DefaultListableBeanFactory:306 - Creating shared instance of singleton bean 'sslPropertiesSslBundleRegistrar'
2026-02-15 01:38:59.941 DEBUG DefaultListableBeanFactory:953 - Autowiring by type from bean name 'sslPropertiesSslBundleRegistrar' via factory method to bean named 'fileWatcher'
2026-02-15 01:38:59.943 DEBUG DefaultListableBeanFactory:306 - Creating shared instance of singleton bean 'sslBundleRegistry'
2026-02-15 01:38:59.947 DEBUG DefaultListableBeanFactory:306 - Creating shared instance of singleton bean 'org.springframework.boot.autoconfigure.task.TaskExecutorConfigurations$SimpleAsyncTaskExecutorBuilderConfiguration'
2026-02-15 01:38:59.948 DEBUG DefaultListableBeanFactory:953 - Autowiring by type from bean name 'org.springframework.boot.autoconfigure.task.TaskExecutorConfigurations$SimpleAsyncTaskExecutorBuilderConfiguration' via constructor to bean named 'spring.task.execution-org.springframework.boot.autoconfigure.task.TaskExecutionProperties'
2026-02-15 01:38:59.950 DEBUG DefaultListableBeanFactory:306 - Creating shared instance of singleton bean 'simpleAsyncTaskExecutorBuilder'
2026-02-15 01:38:59.951 DEBUG DefaultListableBeanFactory:306 - Creating shared instance of singleton bean 'org.springframework.boot.autoconfigure.task.TaskExecutorConfigurations$AsyncConfigurerConfiguration'
2026-02-15 01:38:59.952 DEBUG DefaultListableBeanFactory:306 - Creating shared instance of singleton bean 'applicationTaskExecutorAsyncConfigurer'
2026-02-15 01:38:59.952 DEBUG DefaultListableBeanFactory:953 - Autowiring by type from bean name 'applicationTaskExecutorAsyncConfigurer' via factory method to bean named 'org.springframework.beans.factory.support.DefaultListableBeanFactory@239b0f9d'
2026-02-15 01:38:59.953 DEBUG DefaultListableBeanFactory:306 - Creating shared instance of singleton bean 'org.springframework.boot.autoconfigure.task.TaskExecutorConfigurations$BootstrapExecutorConfiguration'
2026-02-15 01:38:59.955 DEBUG DefaultListableBeanFactory:306 - Creating shared instance of singleton bean 'org.springframework.boot.autoconfigure.task.TaskExecutionAutoConfiguration'
2026-02-15 01:38:59.957 DEBUG DefaultListableBeanFactory:306 - Creating shared instance of singleton bean 'org.springframework.boot.autoconfigure.task.TaskSchedulingConfigurations$ThreadPoolTaskSchedulerBuilderConfiguration'
2026-02-15 01:38:59.957 DEBUG DefaultListableBeanFactory:306 - Creating shared instance of singleton bean 'threadPoolTaskSchedulerBuilder'
2026-02-15 01:38:59.958 DEBUG DefaultListableBeanFactory:306 - Creating shared instance of singleton bean 'spring.task.scheduling-org.springframework.boot.autoconfigure.task.TaskSchedulingProperties'
2026-02-15 01:38:59.959 DEBUG DefaultListableBeanFactory:953 - Autowiring by type from bean name 'threadPoolTaskSchedulerBuilder' via factory method to bean named 'spring.task.scheduling-org.springframework.boot.autoconfigure.task.TaskSchedulingProperties'
2026-02-15 01:38:59.961 DEBUG DefaultListableBeanFactory:306 - Creating shared instance of singleton bean 'org.springframework.boot.autoconfigure.task.TaskSchedulingConfigurations$SimpleAsyncTaskSchedulerBuilderConfiguration'
2026-02-15 01:38:59.962 DEBUG DefaultListableBeanFactory:953 - Autowiring by type from bean name 'org.springframework.boot.autoconfigure.task.TaskSchedulingConfigurations$SimpleAsyncTaskSchedulerBuilderConfiguration' via constructor to bean named 'spring.task.scheduling-org.springframework.boot.autoconfigure.task.TaskSchedulingProperties'
2026-02-15 01:38:59.963 DEBUG DefaultListableBeanFactory:306 - Creating shared instance of singleton bean 'simpleAsyncTaskSchedulerBuilder'
2026-02-15 01:38:59.964 DEBUG DefaultListableBeanFactory:306 - Creating shared instance of singleton bean 'org.springframework.boot.autoconfigure.task.TaskSchedulingAutoConfiguration'
2026-02-15 01:38:59.967 DEBUG DefaultListableBeanFactory:306 - Creating shared instance of singleton bean 'org.springframework.boot.data.ldap.autoconfigure.DataLdapRepositoriesAutoConfiguration'
2026-02-15 01:38:59.967 DEBUG DefaultListableBeanFactory:306 - Creating shared instance of singleton bean 'ldapMappingContext'
2026-02-15 01:38:59.968 DEBUG DefaultListableBeanFactory:306 - Creating shared instance of singleton bean 'data-ldap.repository-aot-processor#0'
2026-02-15 01:38:59.969 DEBUG DefaultListableBeanFactory:306 - Creating shared instance of singleton bean 'org.springframework.boot.ldap.autoconfigure.LdapAutoConfiguration'
2026-02-15 01:38:59.970 DEBUG DefaultListableBeanFactory:306 - Creating shared instance of singleton bean 'propertiesLdapConnectionDetails'
2026-02-15 01:38:59.970 DEBUG DefaultListableBeanFactory:306 - Creating shared instance of singleton bean 'spring.ldap-org.springframework.boot.ldap.autoconfigure.LdapProperties'
2026-02-15 01:38:59.972 DEBUG DefaultListableBeanFactory:953 - Autowiring by type from bean name 'propertiesLdapConnectionDetails' via factory method to bean named 'spring.ldap-org.springframework.boot.ldap.autoconfigure.LdapProperties'
2026-02-15 01:38:59.972 DEBUG DefaultListableBeanFactory:953 - Autowiring by type from bean name 'propertiesLdapConnectionDetails' via factory method to bean named 'environment'
2026-02-15 01:38:59.973 DEBUG DefaultListableBeanFactory:306 - Creating shared instance of singleton bean 'ldapContextSource'
2026-02-15 01:38:59.973 DEBUG DefaultListableBeanFactory:953 - Autowiring by type from bean name 'ldapContextSource' via factory method to bean named 'propertiesLdapConnectionDetails'
2026-02-15 01:38:59.973 DEBUG DefaultListableBeanFactory:953 - Autowiring by type from bean name 'ldapContextSource' via factory method to bean named 'spring.ldap-org.springframework.boot.ldap.autoconfigure.LdapProperties'
2026-02-15 01:38:59.977 DEBUG AbstractContextSource:417 - AuthenticationSource not set - using default implementation
2026-02-15 01:38:59.977 INFO  AbstractContextSource:419 - Property 'userDn' not set - anonymous context will be used for read-only operations
2026-02-15 01:38:59.977 DEBUG AbstractContextSource:447 - Not using LDAP pooling
2026-02-15 01:38:59.977 DEBUG AbstractContextSource:468 - Trying provider Urls: ldap://localhost:389
2026-02-15 01:38:59.977 DEBUG DefaultListableBeanFactory:306 - Creating shared instance of singleton bean 'objectDirectoryMapper'
2026-02-15 01:38:59.981 DEBUG DefaultListableBeanFactory:306 - Creating shared instance of singleton bean 'ldapTemplate'
2026-02-15 01:38:59.982 DEBUG DefaultListableBeanFactory:953 - Autowiring by type from bean name 'ldapTemplate' via factory method to bean named 'spring.ldap-org.springframework.boot.ldap.autoconfigure.LdapProperties'
2026-02-15 01:38:59.982 DEBUG DefaultListableBeanFactory:953 - Autowiring by type from bean name 'ldapTemplate' via factory method to bean named 'ldapContextSource'
2026-02-15 01:38:59.982 DEBUG DefaultListableBeanFactory:953 - Autowiring by type from bean name 'ldapTemplate' via factory method to bean named 'objectDirectoryMapper'
2026-02-15 01:38:59.984 DEBUG DefaultListableBeanFactory:306 - Creating shared instance of singleton bean 'org.springframework.boot.persistence.autoconfigure.PersistenceExceptionTranslationAutoConfiguration'
2026-02-15 01:38:59.985 DEBUG DefaultListableBeanFactory:306 - Creating shared instance of singleton bean 'org.springframework.boot.transaction.autoconfigure.TransactionManagerCustomizationAutoConfiguration'
2026-02-15 01:38:59.986 DEBUG DefaultListableBeanFactory:306 - Creating shared instance of singleton bean 'platformTransactionManagerCustomizers'
2026-02-15 01:38:59.987 DEBUG DefaultListableBeanFactory:306 - Creating shared instance of singleton bean 'transactionExecutionListeners'
2026-02-15 01:38:59.988 DEBUG DefaultListableBeanFactory:306 - Creating shared instance of singleton bean 'spring.transaction-org.springframework.boot.transaction.autoconfigure.TransactionProperties'
2026-02-15 01:38:59.991 DEBUG DefaultListableBeanFactory:306 - Creating shared instance of singleton bean 'org.springframework.boot.transaction.autoconfigure.TransactionAutoConfiguration'
2026-02-15 01:38:59.996 DEBUG DefaultLifecycleProcessor:608 - Starting beans in phase -2147483647
2026-02-15 01:38:59.996 DEBUG DefaultLifecycleProcessor:426 - Successfully started bean 'springBootLoggingLifecycle'
2026-02-15 01:38:59.997 DEBUG DefaultLifecycleProcessor:608 - Starting beans in phase 1073741823
2026-02-15 01:39:00.002 DEBUG ConditionEvaluationReportLogger:72 - 


============================
CONDITIONS EVALUATION REPORT
============================


Positive matches:
-----------------

   AopAutoConfiguration matched:
      - @ConditionalOnBooleanProperty (spring.aop.auto=true) matched (OnPropertyCondition)

   AopAutoConfiguration.ClassProxyingConfiguration matched:
      - @ConditionalOnMissingClass did not find unwanted class 'org.aspectj.weaver.Advice' (OnClassCondition)
      - @ConditionalOnBooleanProperty (spring.aop.proxy-target-class=true) matched (OnPropertyCondition)

   ApplicationAvailabilityAutoConfiguration#applicationAvailability matched:
      - @ConditionalOnMissingBean (types: org.springframework.boot.availability.ApplicationAvailability; SearchStrategy: all) did not find any beans (OnBeanCondition)

   DataLdapRepositoriesAutoConfiguration matched:
      - @ConditionalOnClass found required classes 'javax.naming.ldap.LdapContext', 'org.springframework.data.ldap.repository.LdapRepository' (OnClassCondition)
      - @ConditionalOnBooleanProperty (spring.data.ldap.repositories.enabled=true) matched (OnPropertyCondition)
      - @ConditionalOnMissingBean (types: org.springframework.data.ldap.repository.support.LdapRepositoryFactoryBean; SearchStrategy: all) did not find any beans (OnBeanCondition)

   LdapAutoConfiguration matched:
      - @ConditionalOnClass found required class 'org.springframework.ldap.core.ContextSource' (OnClassCondition)

   LdapAutoConfiguration#ldapContextSource matched:
      - @ConditionalOnMissingBean (types: org.springframework.ldap.core.support.LdapContextSource; SearchStrategy: all) did not find any beans (OnBeanCondition)

   LdapAutoConfiguration#ldapTemplate matched:
      - @ConditionalOnMissingBean (types: org.springframework.ldap.core.LdapOperations; SearchStrategy: all) did not find any beans (OnBeanCondition)

   LdapAutoConfiguration#objectDirectoryMapper matched:
      - @ConditionalOnMissingBean (types: org.springframework.ldap.odm.core.ObjectDirectoryMapper; SearchStrategy: all) did not find any beans (OnBeanCondition)

   LdapAutoConfiguration#propertiesLdapConnectionDetails matched:
      - @ConditionalOnMissingBean (types: org.springframework.boot.ldap.autoconfigure.LdapConnectionDetails; SearchStrategy: all) did not find any beans (OnBeanCondition)

   LifecycleAutoConfiguration#defaultLifecycleProcessor matched:
      - @ConditionalOnMissingBean (names: lifecycleProcessor; SearchStrategy: current) did not find any beans (OnBeanCondition)

   PersistenceExceptionTranslationAutoConfiguration matched:
      - @ConditionalOnClass found required class 'org.springframework.dao.annotation.PersistenceExceptionTranslationPostProcessor' (OnClassCondition)

   PersistenceExceptionTranslationAutoConfiguration#persistenceExceptionTranslationPostProcessor matched:
      - @ConditionalOnBooleanProperty (spring.persistence.exceptiontranslation.enabled=true) matched (OnPropertyCondition)
      - @ConditionalOnMissingBean (types: org.springframework.dao.annotation.PersistenceExceptionTranslationPostProcessor; SearchStrategy: all) did not find any beans (OnBeanCondition)

   PropertyPlaceholderAutoConfiguration#propertySourcesPlaceholderConfigurer matched:
      - @ConditionalOnMissingBean (types: org.springframework.context.support.PropertySourcesPlaceholderConfigurer; SearchStrategy: current) did not find any beans (OnBeanCondition)

   SslAutoConfiguration#sslBundleRegistry matched:
      - @ConditionalOnMissingBean (types: org.springframework.boot.ssl.SslBundleRegistry,org.springframework.boot.ssl.SslBundles; SearchStrategy: all) did not find any beans (OnBeanCondition)

   TaskExecutionAutoConfiguration matched:
      - @ConditionalOnClass found required class 'org.springframework.scheduling.concurrent.ThreadPoolTaskExecutor' (OnClassCondition)

   TaskExecutorConfigurations.AsyncConfigurerConfiguration matched:
      - @ConditionalOnMissingBean (types: org.springframework.scheduling.annotation.AsyncConfigurer; SearchStrategy: all) did not find any beans (OnBeanCondition)

   TaskExecutorConfigurations.SimpleAsyncTaskExecutorBuilderConfiguration#simpleAsyncTaskExecutorBuilder matched:
      - @ConditionalOnThreading found PLATFORM (OnThreadingCondition)
      - @ConditionalOnMissingBean (types: org.springframework.boot.task.SimpleAsyncTaskExecutorBuilder; SearchStrategy: all) did not find any beans (OnBeanCondition)

   TaskExecutorConfigurations.TaskExecutorConfiguration matched:
      - AnyNestedCondition 1 matched 1 did not; NestedCondition on TaskExecutorConfigurations.OnExecutorCondition.ModelCondition @ConditionalOnProperty (spring.task.execution.mode=force) did not find property 'spring.task.execution.mode'; NestedCondition on TaskExecutorConfigurations.OnExecutorCondition.ExecutorBeanCondition @ConditionalOnMissingBean (types: java.util.concurrent.Executor; SearchStrategy: all) did not find any beans (TaskExecutorConfigurations.OnExecutorCondition)

   TaskExecutorConfigurations.TaskExecutorConfiguration#applicationTaskExecutor matched:
      - @ConditionalOnThreading found PLATFORM (OnThreadingCondition)

   TaskExecutorConfigurations.ThreadPoolTaskExecutorBuilderConfiguration#threadPoolTaskExecutorBuilder matched:
      - @ConditionalOnMissingBean (types: org.springframework.boot.task.ThreadPoolTaskExecutorBuilder; SearchStrategy: all) did not find any beans (OnBeanCondition)

   TaskSchedulingAutoConfiguration matched:
      - @ConditionalOnClass found required class 'org.springframework.scheduling.concurrent.ThreadPoolTaskScheduler' (OnClassCondition)

   TaskSchedulingConfigurations.SimpleAsyncTaskSchedulerBuilderConfiguration#simpleAsyncTaskSchedulerBuilder matched:
      - @ConditionalOnThreading found PLATFORM (OnThreadingCondition)
      - @ConditionalOnMissingBean (types: org.springframework.boot.task.SimpleAsyncTaskSchedulerBuilder; SearchStrategy: all) did not find any beans (OnBeanCondition)

   TaskSchedulingConfigurations.ThreadPoolTaskSchedulerBuilderConfiguration#threadPoolTaskSchedulerBuilder matched:
      - @ConditionalOnMissingBean (types: org.springframework.boot.task.ThreadPoolTaskSchedulerBuilder; SearchStrategy: all) did not find any beans (OnBeanCondition)

   TransactionAutoConfiguration matched:
      - @ConditionalOnClass found required class 'org.springframework.transaction.PlatformTransactionManager' (OnClassCondition)

   TransactionManagerCustomizationAutoConfiguration matched:
      - @ConditionalOnClass found required class 'org.springframework.transaction.PlatformTransactionManager' (OnClassCondition)

   TransactionManagerCustomizationAutoConfiguration#platformTransactionManagerCustomizers matched:
      - @ConditionalOnMissingBean (types: org.springframework.boot.transaction.autoconfigure.TransactionManagerCustomizers; SearchStrategy: all) did not find any beans (OnBeanCondition)


Negative matches:
-----------------

   AopAutoConfiguration.AspectJAutoProxyingConfiguration:
      Did not match:
         - @ConditionalOnClass did not find required class 'org.aspectj.weaver.Advice' (OnClassCondition)

   DataRepositoryMetricsAutoConfiguration:
      Did not match:
         - @ConditionalOnBean (types: io.micrometer.core.instrument.MeterRegistry; SearchStrategy: all) did not find any beans of type io.micrometer.core.instrument.MeterRegistry (OnBeanCondition)
      Matched:
         - @ConditionalOnClass found required class 'org.springframework.data.repository.Repository' (OnClassCondition)

   DataWebAutoConfiguration:
      Did not match:
         - @ConditionalOnClass did not find required class 'org.springframework.data.web.PageableHandlerMethodArgumentResolver' (OnClassCondition)

   EmbeddedLdapAutoConfiguration:
      Did not match:
         - @ConditionalOnClass did not find required class 'com.unboundid.ldap.listener.InMemoryDirectoryServer' (OnClassCondition)

   JmxAutoConfiguration:
      Did not match:
         - @ConditionalOnBooleanProperty (spring.jmx.enabled=true) did not find property 'spring.jmx.enabled' (OnPropertyCondition)
      Matched:
         - @ConditionalOnClass found required class 'org.springframework.jmx.export.MBeanExporter' (OnClassCondition)

   JtaAutoConfiguration:
      Did not match:
         - @ConditionalOnClass did not find required class 'jakarta.transaction.Transaction' (OnClassCondition)

   LdapHealthContributorAutoConfiguration:
      Did not match:
         - @ConditionalOnClass did not find required class 'org.springframework.boot.health.autoconfigure.contributor.ConditionalOnEnabledHealthIndicator' (OnClassCondition)

   MessageSourceAutoConfiguration:
      Did not match:
         - ResourceBundle did not find bundle with basename messages (MessageSourceAutoConfiguration.ResourceBundleCondition)

   ProjectInfoAutoConfiguration#buildProperties:
      Did not match:
         - @ConditionalOnResource did not find resource '${spring.info.build.location:classpath:META-INF/build-info.properties}' (OnResourceCondition)

   ProjectInfoAutoConfiguration#gitProperties:
      Did not match:
         - GitResource did not find git info at classpath:git.properties (ProjectInfoAutoConfiguration.GitResourceAvailableCondition)

   SpringApplicationAdminJmxAutoConfiguration:
      Did not match:
         - @ConditionalOnBooleanProperty (spring.application.admin.enabled=true) did not find property 'spring.application.admin.enabled' (OnPropertyCondition)

   TaskExecutorConfigurations.AsyncConfigurerWrapperConfiguration:
      Did not match:
         - @ConditionalOnBean (types: org.springframework.scheduling.annotation.AsyncConfigurer; SearchStrategy: all) did not find any beans of type org.springframework.scheduling.annotation.AsyncConfigurer (OnBeanCondition)

   TaskExecutorConfigurations.SimpleAsyncTaskExecutorBuilderConfiguration#simpleAsyncTaskExecutorBuilderVirtualThreads:
      Did not match:
         - @ConditionalOnMissingBean (types: org.springframework.boot.task.SimpleAsyncTaskExecutorBuilder; SearchStrategy: all) found beans of type 'org.springframework.boot.task.SimpleAsyncTaskExecutorBuilder' simpleAsyncTaskExecutorBuilder (OnBeanCondition)

   TaskExecutorConfigurations.TaskExecutorConfiguration#applicationTaskExecutorVirtualThreads:
      Did not match:
         - @ConditionalOnThreading did not find VIRTUAL (OnThreadingCondition)

   TaskSchedulingAutoConfiguration#scheduledBeanLazyInitializationExcludeFilter:
      Did not match:
         - @ConditionalOnBean (names: org.springframework.scheduling.config.internalScheduledAnnotationProcessor; SearchStrategy: all) did not find any beans named org.springframework.scheduling.config.internalScheduledAnnotationProcessor (OnBeanCondition)

   TaskSchedulingConfigurations.SimpleAsyncTaskSchedulerBuilderConfiguration#simpleAsyncTaskSchedulerBuilderVirtualThreads:
      Did not match:
         - @ConditionalOnThreading did not find VIRTUAL (OnThreadingCondition)

   TaskSchedulingConfigurations.TaskSchedulerConfiguration:
      Did not match:
         - @ConditionalOnBean (names: org.springframework.scheduling.config.internalScheduledAnnotationProcessor; SearchStrategy: all) did not find any beans named org.springframework.scheduling.config.internalScheduledAnnotationProcessor (OnBeanCondition)

   TransactionAutoConfiguration#transactionalOperator:
      Did not match:
         - @ConditionalOnSingleCandidate (types: org.springframework.transaction.ReactiveTransactionManager; SearchStrategy: all) did not find any beans (OnBeanCondition)

   TransactionAutoConfiguration.AspectJTransactionManagementConfiguration:
      Did not match:
         - @ConditionalOnBean did not find required type 'org.springframework.transaction.aspectj.AbstractTransactionAspect' (OnBeanCondition)
         - @ConditionalOnBean (types: org.springframework.transaction.aspectj.AbstractTransactionAspect; SearchStrategy: all) did not find any beans of type org.springframework.transaction.aspectj.AbstractTransactionAspect (OnBeanCondition)

   TransactionAutoConfiguration.EnableTransactionManagementConfiguration:
      Did not match:
         - @ConditionalOnBean (types: org.springframework.transaction.TransactionManager; SearchStrategy: all) did not find any beans of type org.springframework.transaction.TransactionManager (OnBeanCondition)

   TransactionAutoConfiguration.EnableTransactionManagementConfiguration.CglibAutoProxyConfiguration:
      Did not match:
         - Ancestor org.springframework.boot.transaction.autoconfigure.TransactionAutoConfiguration$EnableTransactionManagementConfiguration did not match (ConditionEvaluationReport.AncestorsMatchedCondition)
      Matched:
         - @ConditionalOnBooleanProperty (spring.aop.proxy-target-class=true) matched (OnPropertyCondition)

   TransactionAutoConfiguration.EnableTransactionManagementConfiguration.JdkDynamicAutoProxyConfiguration:
      Did not match:
         - @ConditionalOnBooleanProperty (spring.aop.proxy-target-class=false) did not find property 'spring.aop.proxy-target-class' (OnPropertyCondition)
         - Ancestor org.springframework.boot.transaction.autoconfigure.TransactionAutoConfiguration$EnableTransactionManagementConfiguration did not match (ConditionEvaluationReport.AncestorsMatchedCondition)

   TransactionAutoConfiguration.TransactionTemplateConfiguration:
      Did not match:
         - @ConditionalOnSingleCandidate (types: org.springframework.transaction.PlatformTransactionManager; SearchStrategy: all) did not find any beans (OnBeanCondition)


Exclusions:
-----------

    None


Unconditional classes:
----------------------

    org.springframework.boot.autoconfigure.context.ConfigurationPropertiesAutoConfiguration

    org.springframework.boot.autoconfigure.ssl.SslAutoConfiguration

    org.springframework.boot.autoconfigure.context.LifecycleAutoConfiguration

    org.springframework.boot.autoconfigure.context.PropertyPlaceholderAutoConfiguration

    org.springframework.boot.autoconfigure.availability.ApplicationAvailabilityAutoConfiguration

    org.springframework.boot.autoconfigure.info.ProjectInfoAutoConfiguration



2026-02-15 01:39:00.005 INFO  DirsyncApplication:60 - Started DirsyncApplication in 0.977 seconds (process running for 1.688)
2026-02-15 01:39:00.006 DEBUG ApplicationAvailabilityBean:78 - Application availability state LivenessState changed to CORRECT
2026-02-15 01:39:00.009 DEBUG ApplicationAvailabilityBean:78 - Application availability state ReadinessState changed to ACCEPTING_TRAFFIC
2026-02-15 01:39:00.009 INFO  DataImportService:31 - Start to import directory information into target LDAP...
2026-02-15 01:39:00.042 DEBUG BooleanConverter:353 - Setting default value: false
2026-02-15 01:39:00.042 DEBUG BooleanConverter:140 - Converting 'Boolean' value 'false' to type 'Boolean'
2026-02-15 01:39:00.042 DEBUG BooleanConverter:162 -     No conversion required, value is already a Boolean
2026-02-15 01:39:00.043 DEBUG ByteConverter:353 - Setting default value: 0
2026-02-15 01:39:00.043 DEBUG ByteConverter:140 - Converting 'Integer' value '0' to type 'Byte'
2026-02-15 01:39:00.044 DEBUG ByteConverter:171 -     Converted to Byte value '0'
2026-02-15 01:39:00.044 DEBUG CharacterConverter:353 - Setting default value:  
2026-02-15 01:39:00.044 DEBUG CharacterConverter:140 - Converting 'Character' value ' ' to type 'Character'
2026-02-15 01:39:00.044 DEBUG CharacterConverter:162 -     No conversion required, value is already a Character
2026-02-15 01:39:00.044 DEBUG DoubleConverter:353 - Setting default value: 0
2026-02-15 01:39:00.045 DEBUG DoubleConverter:140 - Converting 'Integer' value '0' to type 'Double'
2026-02-15 01:39:00.045 DEBUG DoubleConverter:171 -     Converted to Double value '0.0'
2026-02-15 01:39:00.045 DEBUG FloatConverter:353 - Setting default value: 0
2026-02-15 01:39:00.045 DEBUG FloatConverter:140 - Converting 'Integer' value '0' to type 'Float'
2026-02-15 01:39:00.045 DEBUG FloatConverter:171 -     Converted to Float value '0.0'
2026-02-15 01:39:00.046 DEBUG IntegerConverter:353 - Setting default value: 0
2026-02-15 01:39:00.046 DEBUG IntegerConverter:140 - Converting 'Integer' value '0' to type 'Integer'
2026-02-15 01:39:00.046 DEBUG IntegerConverter:162 -     No conversion required, value is already a Integer
2026-02-15 01:39:00.046 DEBUG LongConverter:353 - Setting default value: 0
2026-02-15 01:39:00.046 DEBUG LongConverter:140 - Converting 'Integer' value '0' to type 'Long'
2026-02-15 01:39:00.046 DEBUG LongConverter:171 -     Converted to Long value '0'
2026-02-15 01:39:00.046 DEBUG ShortConverter:353 - Setting default value: 0
2026-02-15 01:39:00.047 DEBUG ShortConverter:140 - Converting 'Integer' value '0' to type 'Short'
2026-02-15 01:39:00.047 DEBUG ShortConverter:171 -     Converted to Short value '0'
2026-02-15 01:39:00.059 DEBUG BigDecimalConverter:353 - Setting default value: 0.0
2026-02-15 01:39:00.059 DEBUG BigDecimalConverter:140 - Converting 'BigDecimal' value '0.0' to type 'BigDecimal'
2026-02-15 01:39:00.059 DEBUG BigDecimalConverter:162 -     No conversion required, value is already a BigDecimal
2026-02-15 01:39:00.059 DEBUG BigIntegerConverter:353 - Setting default value: 0
2026-02-15 01:39:00.060 DEBUG BigIntegerConverter:140 - Converting 'BigInteger' value '0' to type 'BigInteger'
2026-02-15 01:39:00.060 DEBUG BigIntegerConverter:162 -     No conversion required, value is already a BigInteger
2026-02-15 01:39:00.060 DEBUG BooleanConverter:353 - Setting default value: false
2026-02-15 01:39:00.060 DEBUG BooleanConverter:140 - Converting 'Boolean' value 'false' to type 'Boolean'
2026-02-15 01:39:00.060 DEBUG BooleanConverter:162 -     No conversion required, value is already a Boolean
2026-02-15 01:39:00.060 DEBUG ByteConverter:353 - Setting default value: 0
2026-02-15 01:39:00.060 DEBUG ByteConverter:140 - Converting 'Integer' value '0' to type 'Byte'
2026-02-15 01:39:00.060 DEBUG ByteConverter:171 -     Converted to Byte value '0'
2026-02-15 01:39:00.060 DEBUG CharacterConverter:353 - Setting default value:  
2026-02-15 01:39:00.060 DEBUG CharacterConverter:140 - Converting 'Character' value ' ' to type 'Character'
2026-02-15 01:39:00.061 DEBUG CharacterConverter:162 -     No conversion required, value is already a Character
2026-02-15 01:39:00.061 DEBUG DoubleConverter:353 - Setting default value: 0
2026-02-15 01:39:00.061 DEBUG DoubleConverter:140 - Converting 'Integer' value '0' to type 'Double'
2026-02-15 01:39:00.061 DEBUG DoubleConverter:171 -     Converted to Double value '0.0'
2026-02-15 01:39:00.061 DEBUG FloatConverter:353 - Setting default value: 0
2026-02-15 01:39:00.061 DEBUG FloatConverter:140 - Converting 'Integer' value '0' to type 'Float'
2026-02-15 01:39:00.061 DEBUG FloatConverter:171 -     Converted to Float value '0.0'
2026-02-15 01:39:00.061 DEBUG IntegerConverter:353 - Setting default value: 0
2026-02-15 01:39:00.061 DEBUG IntegerConverter:140 - Converting 'Integer' value '0' to type 'Integer'
2026-02-15 01:39:00.061 DEBUG IntegerConverter:162 -     No conversion required, value is already a Integer
2026-02-15 01:39:00.062 DEBUG LongConverter:353 - Setting default value: 0
2026-02-15 01:39:00.062 DEBUG LongConverter:140 - Converting 'Integer' value '0' to type 'Long'
2026-02-15 01:39:00.062 DEBUG LongConverter:171 -     Converted to Long value '0'
2026-02-15 01:39:00.062 DEBUG ShortConverter:353 - Setting default value: 0
2026-02-15 01:39:00.062 DEBUG ShortConverter:140 - Converting 'Integer' value '0' to type 'Short'
2026-02-15 01:39:00.062 DEBUG ShortConverter:171 -     Converted to Short value '0'
2026-02-15 01:39:00.063 DEBUG StringConverter:353 - Setting default value: 
2026-02-15 01:39:00.063 DEBUG StringConverter:140 - Converting 'String' value '' to type 'String'
2026-02-15 01:39:00.073 DEBUG ArrayConverter:353 - Setting default value: [Z@2cc03cd1
2026-02-15 01:39:00.074 DEBUG ArrayConverter:140 - Converting 'boolean[]' value '[Z@2cc03cd1' to type 'boolean[]'
2026-02-15 01:39:00.075 DEBUG ArrayConverter:162 -     No conversion required, value is already a boolean[]
2026-02-15 01:39:00.075 DEBUG ArrayConverter:353 - Setting default value: [B@4e17913b
2026-02-15 01:39:00.075 DEBUG ArrayConverter:140 - Converting 'byte[]' value '[B@4e17913b' to type 'byte[]'
2026-02-15 01:39:00.075 DEBUG ArrayConverter:162 -     No conversion required, value is already a byte[]
2026-02-15 01:39:00.075 DEBUG ArrayConverter:353 - Setting default value: [C@149c3204
2026-02-15 01:39:00.076 DEBUG ArrayConverter:140 - Converting 'char[]' value '[C@149c3204' to type 'char[]'
2026-02-15 01:39:00.076 DEBUG ArrayConverter:162 -     No conversion required, value is already a char[]
2026-02-15 01:39:00.076 DEBUG ArrayConverter:353 - Setting default value: [D@64f16277
2026-02-15 01:39:00.076 DEBUG ArrayConverter:140 - Converting 'double[]' value '[D@64f16277' to type 'double[]'
2026-02-15 01:39:00.076 DEBUG ArrayConverter:162 -     No conversion required, value is already a double[]
2026-02-15 01:39:00.080 DEBUG ArrayConverter:353 - Setting default value: [F@497aec8c
2026-02-15 01:39:00.080 DEBUG ArrayConverter:140 - Converting 'float[]' value '[F@497aec8c' to type 'float[]'
2026-02-15 01:39:00.080 DEBUG ArrayConverter:162 -     No conversion required, value is already a float[]
2026-02-15 01:39:00.080 DEBUG ArrayConverter:353 - Setting default value: [I@3b9632d1
2026-02-15 01:39:00.080 DEBUG ArrayConverter:140 - Converting 'int[]' value '[I@3b9632d1' to type 'int[]'
2026-02-15 01:39:00.080 DEBUG ArrayConverter:162 -     No conversion required, value is already a int[]
2026-02-15 01:39:00.080 DEBUG ArrayConverter:353 - Setting default value: [J@4e6f2bb5
2026-02-15 01:39:00.082 DEBUG ArrayConverter:140 - Converting 'long[]' value '[J@4e6f2bb5' to type 'long[]'
2026-02-15 01:39:00.082 DEBUG ArrayConverter:162 -     No conversion required, value is already a long[]
2026-02-15 01:39:00.082 DEBUG ArrayConverter:353 - Setting default value: [S@21e20ad5
2026-02-15 01:39:00.082 DEBUG ArrayConverter:140 - Converting 'short[]' value '[S@21e20ad5' to type 'short[]'
2026-02-15 01:39:00.082 DEBUG ArrayConverter:162 -     No conversion required, value is already a short[]
2026-02-15 01:39:00.082 DEBUG ArrayConverter:353 - Setting default value: [Ljava.math.BigDecimal;@3f628ce9
2026-02-15 01:39:00.082 DEBUG ArrayConverter:140 - Converting 'BigDecimal[]' value '[Ljava.math.BigDecimal;@3f628ce9' to type 'BigDecimal[]'
2026-02-15 01:39:00.082 DEBUG ArrayConverter:162 -     No conversion required, value is already a BigDecimal[]
2026-02-15 01:39:00.082 DEBUG ArrayConverter:353 - Setting default value: [Ljava.math.BigInteger;@26d96e5
2026-02-15 01:39:00.082 DEBUG ArrayConverter:140 - Converting 'BigInteger[]' value '[Ljava.math.BigInteger;@26d96e5' to type 'BigInteger[]'
2026-02-15 01:39:00.082 DEBUG ArrayConverter:162 -     No conversion required, value is already a BigInteger[]
2026-02-15 01:39:00.082 DEBUG ArrayConverter:353 - Setting default value: [Ljava.lang.Boolean;@1846579f
2026-02-15 01:39:00.082 DEBUG ArrayConverter:140 - Converting 'Boolean[]' value '[Ljava.lang.Boolean;@1846579f' to type 'Boolean[]'
2026-02-15 01:39:00.083 DEBUG ArrayConverter:162 -     No conversion required, value is already a Boolean[]
2026-02-15 01:39:00.083 DEBUG ArrayConverter:353 - Setting default value: [Ljava.lang.Byte;@2650f79
2026-02-15 01:39:00.083 DEBUG ArrayConverter:140 - Converting 'Byte[]' value '[Ljava.lang.Byte;@2650f79' to type 'Byte[]'
2026-02-15 01:39:00.083 DEBUG ArrayConverter:162 -     No conversion required, value is already a Byte[]
2026-02-15 01:39:00.083 DEBUG ArrayConverter:353 - Setting default value: [Ljava.lang.Character;@5fac521d
2026-02-15 01:39:00.083 DEBUG ArrayConverter:140 - Converting 'Character[]' value '[Ljava.lang.Character;@5fac521d' to type 'Character[]'
2026-02-15 01:39:00.083 DEBUG ArrayConverter:162 -     No conversion required, value is already a Character[]
2026-02-15 01:39:00.083 DEBUG ArrayConverter:353 - Setting default value: [Ljava.lang.Double;@129bd55d
2026-02-15 01:39:00.083 DEBUG ArrayConverter:140 - Converting 'Double[]' value '[Ljava.lang.Double;@129bd55d' to type 'Double[]'
2026-02-15 01:39:00.084 DEBUG ArrayConverter:162 -     No conversion required, value is already a Double[]
2026-02-15 01:39:00.084 DEBUG ArrayConverter:353 - Setting default value: [Ljava.lang.Float;@3abfe845
2026-02-15 01:39:00.084 DEBUG ArrayConverter:140 - Converting 'Float[]' value '[Ljava.lang.Float;@3abfe845' to type 'Float[]'
2026-02-15 01:39:00.084 DEBUG ArrayConverter:162 -     No conversion required, value is already a Float[]
2026-02-15 01:39:00.084 DEBUG ArrayConverter:353 - Setting default value: [Ljava.lang.Integer;@3672276e
2026-02-15 01:39:00.084 DEBUG ArrayConverter:140 - Converting 'Integer[]' value '[Ljava.lang.Integer;@3672276e' to type 'Integer[]'
2026-02-15 01:39:00.084 DEBUG ArrayConverter:162 -     No conversion required, value is already a Integer[]
2026-02-15 01:39:00.084 DEBUG ArrayConverter:353 - Setting default value: [Ljava.lang.Long;@7f08caf
2026-02-15 01:39:00.084 DEBUG ArrayConverter:140 - Converting 'Long[]' value '[Ljava.lang.Long;@7f08caf' to type 'Long[]'
2026-02-15 01:39:00.084 DEBUG ArrayConverter:162 -     No conversion required, value is already a Long[]
2026-02-15 01:39:00.084 DEBUG ArrayConverter:353 - Setting default value: [Ljava.lang.Short;@2330e3e0
2026-02-15 01:39:00.085 DEBUG ArrayConverter:140 - Converting 'Short[]' value '[Ljava.lang.Short;@2330e3e0' to type 'Short[]'
2026-02-15 01:39:00.085 DEBUG ArrayConverter:162 -     No conversion required, value is already a Short[]
2026-02-15 01:39:00.085 DEBUG ArrayConverter:353 - Setting default value: [Ljava.lang.String;@27a2a089
2026-02-15 01:39:00.085 DEBUG ArrayConverter:140 - Converting 'String[]' value '[Ljava.lang.String;@27a2a089' to type 'String[]'
2026-02-15 01:39:00.085 DEBUG ArrayConverter:162 -     No conversion required, value is already a String[]
2026-02-15 01:39:00.085 DEBUG ArrayConverter:353 - Setting default value: [Ljava.lang.Class;@54657dd2
2026-02-15 01:39:00.085 DEBUG ArrayConverter:140 - Converting 'Class[]' value '[Ljava.lang.Class;@54657dd2' to type 'Class[]'
2026-02-15 01:39:00.086 DEBUG ArrayConverter:162 -     No conversion required, value is already a Class[]
2026-02-15 01:39:00.086 DEBUG ArrayConverter:353 - Setting default value: [Ljava.util.Date;@706eab5d
2026-02-15 01:39:00.086 DEBUG ArrayConverter:140 - Converting 'Date[]' value '[Ljava.util.Date;@706eab5d' to type 'Date[]'
2026-02-15 01:39:00.086 DEBUG ArrayConverter:162 -     No conversion required, value is already a Date[]
2026-02-15 01:39:00.086 DEBUG ArrayConverter:353 - Setting default value: [Ljava.util.Calendar;@40e60ece
2026-02-15 01:39:00.086 DEBUG ArrayConverter:140 - Converting 'Calendar[]' value '[Ljava.util.Calendar;@40e60ece' to type 'Calendar[]'
2026-02-15 01:39:00.086 DEBUG ArrayConverter:162 -     No conversion required, value is already a Calendar[]
2026-02-15 01:39:00.086 DEBUG ArrayConverter:353 - Setting default value: [Ljava.io.File;@3a230001
2026-02-15 01:39:00.087 DEBUG ArrayConverter:140 - Converting 'java.io.File[]' value '[Ljava.io.File;@3a230001' to type 'java.io.File[]'
2026-02-15 01:39:00.087 DEBUG ArrayConverter:162 -     No conversion required, value is already a java.io.File[]
2026-02-15 01:39:00.087 DEBUG ArrayConverter:353 - Setting default value: [Ljava.sql.Date;@2aa6311a
2026-02-15 01:39:00.087 DEBUG ArrayConverter:140 - Converting 'java.sql.Date[]' value '[Ljava.sql.Date;@2aa6311a' to type 'java.sql.Date[]'
2026-02-15 01:39:00.087 DEBUG ArrayConverter:162 -     No conversion required, value is already a java.sql.Date[]
2026-02-15 01:39:00.087 DEBUG ArrayConverter:353 - Setting default value: [Ljava.sql.Time;@249e0271
2026-02-15 01:39:00.087 DEBUG ArrayConverter:140 - Converting 'java.sql.Time[]' value '[Ljava.sql.Time;@249e0271' to type 'java.sql.Time[]'
2026-02-15 01:39:00.087 DEBUG ArrayConverter:162 -     No conversion required, value is already a java.sql.Time[]
2026-02-15 01:39:00.087 DEBUG ArrayConverter:353 - Setting default value: [Ljava.sql.Timestamp;@53a665ad
2026-02-15 01:39:00.087 DEBUG ArrayConverter:140 - Converting 'java.sql.Timestamp[]' value '[Ljava.sql.Timestamp;@53a665ad' to type 'java.sql.Timestamp[]'
2026-02-15 01:39:00.087 DEBUG ArrayConverter:162 -     No conversion required, value is already a java.sql.Timestamp[]
2026-02-15 01:39:00.087 DEBUG ArrayConverter:353 - Setting default value: [Ljava.net.URL;@78525ef9
2026-02-15 01:39:00.089 DEBUG ArrayConverter:140 - Converting 'java.net.URL[]' value '[Ljava.net.URL;@78525ef9' to type 'java.net.URL[]'
2026-02-15 01:39:00.089 DEBUG ArrayConverter:162 -     No conversion required, value is already a java.net.URL[]
2026-02-15 01:39:00.115 DEBUG ConvertUtils:481 - Convert string 'e-ACPC System Administrator/OUTSOURCER/DPO' to class 'java.lang.String'
2026-02-15 01:39:00.115 DEBUG StringConverter:140 - Converting 'String' value 'e-ACPC System Administrator/OUTSOURCER/DPO' to type 'String'
2026-02-15 01:39:00.115 DEBUG ConvertUtils:481 - Convert string 'DPO E-Business Support Team/DPO' to class 'java.lang.String'
2026-02-15 01:39:00.115 DEBUG StringConverter:140 - Converting 'String' value 'DPO E-Business Support Team/DPO' to type 'String'
2026-02-15 01:39:00.116 DEBUG ConvertUtils:481 - Convert string 'Edward BY CHEE/DPO' to class 'java.lang.String'
2026-02-15 01:39:00.116 DEBUG StringConverter:140 - Converting 'String' value 'Edward BY CHEE/DPO' to type 'String'
2026-02-15 01:39:00.116 DEBUG ConvertUtils:481 - Convert string 'e-ACPC Admin/DPO' to class 'java.lang.String'
2026-02-15 01:39:00.116 DEBUG StringConverter:140 - Converting 'String' value 'e-ACPC Admin/DPO' to type 'String'
2026-02-15 01:39:00.117 DEBUG ConvertUtils:481 - Convert string 'Elvis CC LI/DPO' to class 'java.lang.String'
2026-02-15 01:39:00.117 DEBUG StringConverter:140 - Converting 'String' value 'Elvis CC LI/DPO' to type 'String'
2026-02-15 01:39:00.117 DEBUG ConvertUtils:481 - Convert string 'e-ACPC Support/DPO' to class 'java.lang.String'
2026-02-15 01:39:00.117 DEBUG StringConverter:140 - Converting 'String' value 'e-ACPC Support/DPO' to type 'String'
2026-02-15 01:39:00.117 DEBUG ConvertUtils:481 - Convert string 'e-CardHK Technical Support/DPO' to class 'java.lang.String'
2026-02-15 01:39:00.117 DEBUG StringConverter:140 - Converting 'String' value 'e-CardHK Technical Support/DPO' to type 'String'
2026-02-15 01:39:00.117 DEBUG ConvertUtils:481 - Convert string 'Eden CC KIM/DPO' to class 'java.lang.String'
2026-02-15 01:39:00.118 DEBUG StringConverter:140 - Converting 'String' value 'Eden CC KIM/DPO' to type 'String'
2026-02-15 01:39:00.118 DEBUG ConvertUtils:481 - Convert string 'Edward CC WONG/DPO' to class 'java.lang.String'
2026-02-15 01:39:00.118 DEBUG StringConverter:140 - Converting 'String' value 'Edward CC WONG/DPO' to type 'String'
2026-02-15 01:39:00.118 DEBUG ConvertUtils:481 - Convert string 'Eli CF LAM/DPO' to class 'java.lang.String'
2026-02-15 01:39:00.118 DEBUG StringConverter:140 - Converting 'String' value 'Eli CF LAM/DPO' to type 'String'
2026-02-15 01:39:00.118 DEBUG ConvertUtils:481 - Convert string 'Eddie CH CHEN/DPO' to class 'java.lang.String'
2026-02-15 01:39:00.119 DEBUG StringConverter:140 - Converting 'String' value 'Eddie CH CHEN/DPO' to type 'String'
2026-02-15 01:39:00.119 DEBUG ConvertUtils:481 - Convert string 'Edward CH LEUNG/DPO' to class 'java.lang.String'
2026-02-15 01:39:00.119 DEBUG StringConverter:140 - Converting 'String' value 'Edward CH LEUNG/DPO' to type 'String'
2026-02-15 01:39:00.119 DEBUG ConvertUtils:481 - Convert string 'Pay e-Cheque Portal Client Advisory/DPO' to class 'java.lang.String'
2026-02-15 01:39:00.119 DEBUG StringConverter:140 - Converting 'String' value 'Pay e-Cheque Portal Client Advisory/DPO' to type 'String'
2026-02-15 01:39:00.120 DEBUG ConvertUtils:481 - Convert string 'eacpc_admin@digitalpolicy.gov.hk' to class 'java.lang.String'
2026-02-15 01:39:00.120 DEBUG StringConverter:140 - Converting 'String' value 'eacpc_admin@digitalpolicy.gov.hk' to type 'String'
2026-02-15 01:39:00.120 DEBUG ConvertUtils:481 - Convert string 'Pay e-Cheque Portal Support Team/DPO' to class 'java.lang.String'
2026-02-15 01:39:00.120 DEBUG StringConverter:140 - Converting 'String' value 'Pay e-Cheque Portal Support Team/DPO' to type 'String'
2026-02-15 01:39:00.120 DEBUG ConvertUtils:481 - Convert string 'Eric CM AU/DPO' to class 'java.lang.String'
2026-02-15 01:39:00.120 DEBUG StringConverter:140 - Converting 'String' value 'Eric CM AU/DPO' to type 'String'
2026-02-15 01:39:00.120 DEBUG ConvertUtils:481 - Convert string 'Eddy CK CHEUNG/DPO' to class 'java.lang.String'
2026-02-15 01:39:00.121 DEBUG StringConverter:140 - Converting 'String' value 'Eddy CK CHEUNG/DPO' to type 'String'
2026-02-15 01:39:00.121 DEBUG ConvertUtils:481 - Convert string 'Edwin CK FOK/DPO' to class 'java.lang.String'
2026-02-15 01:39:00.121 DEBUG StringConverter:140 - Converting 'String' value 'Edwin CK FOK/DPO' to type 'String'
2026-02-15 01:39:00.121 DEBUG ConvertUtils:481 - Convert string 'eacpc-admin@digitalpolicy.gov.hk' to class 'java.lang.String'
2026-02-15 01:39:00.121 DEBUG StringConverter:140 - Converting 'String' value 'eacpc-admin@digitalpolicy.gov.hk' to type 'String'
2026-02-15 01:39:00.121 DEBUG ConvertUtils:481 - Convert string 'ebsupport@digitalpolicy.gov.hk' to class 'java.lang.String'
2026-02-15 01:39:00.122 DEBUG StringConverter:140 - Converting 'String' value 'ebsupport@digitalpolicy.gov.hk' to type 'String'
2026-02-15 01:39:00.122 DEBUG ConvertUtils:481 - Convert string 'ebychee@digitalpolicy.gov.hk' to class 'java.lang.String'
2026-02-15 01:39:00.122 DEBUG StringConverter:140 - Converting 'String' value 'ebychee@digitalpolicy.gov.hk' to type 'String'
2026-02-15 01:39:00.122 DEBUG ConvertUtils:481 - Convert string 'eccli@digitalpolicy.gov.hk' to class 'java.lang.String'
2026-02-15 01:39:00.122 DEBUG StringConverter:140 - Converting 'String' value 'eccli@digitalpolicy.gov.hk' to type 'String'
2026-02-15 01:39:00.122 DEBUG ConvertUtils:481 - Convert string 'eacpc-support@digitalpolicy.gov.hk' to class 'java.lang.String'
2026-02-15 01:39:00.122 DEBUG StringConverter:140 - Converting 'String' value 'eacpc-support@digitalpolicy.gov.hk' to type 'String'
2026-02-15 01:39:00.123 DEBUG ConvertUtils:481 - Convert string 'e-cardhk_ts@digitalpolicy.gov.hk' to class 'java.lang.String'
2026-02-15 01:39:00.123 DEBUG StringConverter:140 - Converting 'String' value 'e-cardhk_ts@digitalpolicy.gov.hk' to type 'String'
2026-02-15 01:39:00.123 DEBUG ConvertUtils:481 - Convert string 'ecckim@digitalpolicy.gov.hk' to class 'java.lang.String'
2026-02-15 01:39:00.123 DEBUG StringConverter:140 - Converting 'String' value 'ecckim@digitalpolicy.gov.hk' to type 'String'
2026-02-15 01:39:00.123 DEBUG ConvertUtils:481 - Convert string 'eccwong@digitalpolicy.gov.hk' to class 'java.lang.String'
2026-02-15 01:39:00.123 DEBUG StringConverter:140 - Converting 'String' value 'eccwong@digitalpolicy.gov.hk' to type 'String'
2026-02-15 01:39:00.123 DEBUG ConvertUtils:481 - Convert string 'ecflam@digitalpolicy.gov.hk' to class 'java.lang.String'
2026-02-15 01:39:00.124 DEBUG StringConverter:140 - Converting 'String' value 'ecflam@digitalpolicy.gov.hk' to type 'String'
2026-02-15 01:39:00.124 DEBUG ConvertUtils:481 - Convert string 'echchen@digitalpolicy.gov.hk' to class 'java.lang.String'
2026-02-15 01:39:00.124 DEBUG StringConverter:140 - Converting 'String' value 'echchen@digitalpolicy.gov.hk' to type 'String'
2026-02-15 01:39:00.124 DEBUG ConvertUtils:481 - Convert string 'echleung@digitalpolicy.gov.hk' to class 'java.lang.String'
2026-02-15 01:39:00.124 DEBUG StringConverter:140 - Converting 'String' value 'echleung@digitalpolicy.gov.hk' to type 'String'
2026-02-15 01:39:00.124 DEBUG ConvertUtils:481 - Convert string 'echqpt_advisory@digitalpolicy.gov.hk' to class 'java.lang.String'
2026-02-15 01:39:00.124 DEBUG StringConverter:140 - Converting 'String' value 'echqpt_advisory@digitalpolicy.gov.hk' to type 'String'
2026-02-15 01:39:00.125 DEBUG ConvertUtils:481 - Convert string 'echqpt_support@digitalpolicy.gov.hk' to class 'java.lang.String'
2026-02-15 01:39:00.125 DEBUG StringConverter:140 - Converting 'String' value 'echqpt_support@digitalpolicy.gov.hk' to type 'String'
2026-02-15 01:39:00.125 DEBUG ConvertUtils:481 - Convert string 'ecmau@digitalpolicy.gov.hk' to class 'java.lang.String'
2026-02-15 01:39:00.125 DEBUG StringConverter:140 - Converting 'String' value 'ecmau@digitalpolicy.gov.hk' to type 'String'
2026-02-15 01:39:00.125 DEBUG ConvertUtils:481 - Convert string 'eckcheung@digitalpolicy.gov.hk' to class 'java.lang.String'
2026-02-15 01:39:00.125 DEBUG StringConverter:140 - Converting 'String' value 'eckcheung@digitalpolicy.gov.hk' to type 'String'
2026-02-15 01:39:00.126 DEBUG ConvertUtils:481 - Convert string 'eckfok@digitalpolicy.gov.hk' to class 'java.lang.String'
2026-02-15 01:39:00.126 DEBUG StringConverter:140 - Converting 'String' value 'eckfok@digitalpolicy.gov.hk' to type 'String'
2026-02-15 01:39:00.126 DEBUG ConvertUtils:481 - Convert string 'Edmond CM LAU/DPO' to class 'java.lang.String'
2026-02-15 01:39:00.126 DEBUG StringConverter:140 - Converting 'String' value 'Edmond CM LAU/DPO' to type 'String'
2026-02-15 01:39:00.126 DEBUG ConvertUtils:481 - Convert string 'Eric CM WONG/DPO' to class 'java.lang.String'
2026-02-15 01:39:00.126 DEBUG StringConverter:140 - Converting 'String' value 'Eric CM WONG/DPO' to type 'String'
2026-02-15 01:39:00.126 DEBUG ConvertUtils:481 - Convert string 'Ethan CY CHONG/DPO' to class 'java.lang.String'
2026-02-15 01:39:00.127 DEBUG StringConverter:140 - Converting 'String' value 'Ethan CY CHONG/DPO' to type 'String'
2026-02-15 01:39:00.127 DEBUG ConvertUtils:481 - Convert string 'Eddy CY YIU/DPO' to class 'java.lang.String'
2026-02-15 01:39:00.127 DEBUG StringConverter:140 - Converting 'String' value 'Eddy CY YIU/DPO' to type 'String'
2026-02-15 01:39:00.127 DEBUG ConvertUtils:481 - Convert string 'Edgar SF WONG/DPO' to class 'java.lang.String'
2026-02-15 01:39:00.127 DEBUG StringConverter:140 - Converting 'String' value 'Edgar SF WONG/DPO' to type 'String'
2026-02-15 01:39:00.127 DEBUG ConvertUtils:481 - Convert string 'Edith KW MOK/DPO' to class 'java.lang.String'
2026-02-15 01:39:00.127 DEBUG StringConverter:140 - Converting 'String' value 'Edith KW MOK/DPO' to type 'String'
2026-02-15 01:39:00.127 DEBUG ConvertUtils:481 - Convert string 'Edmond YH CHAN/DPO' to class 'java.lang.String'
2026-02-15 01:39:00.128 DEBUG StringConverter:140 - Converting 'String' value 'Edmond YH CHAN/DPO' to type 'String'
2026-02-15 01:39:00.128 DEBUG ConvertUtils:481 - Convert string 'Edward KW NG/DPO' to class 'java.lang.String'
2026-02-15 01:39:00.128 DEBUG StringConverter:140 - Converting 'String' value 'Edward KW NG/DPO' to type 'String'
2026-02-15 01:39:00.128 DEBUG ConvertUtils:481 - Convert string 'DPO E-FAX Operator/DPO' to class 'java.lang.String'
2026-02-15 01:39:00.128 DEBUG StringConverter:140 - Converting 'String' value 'DPO E-FAX Operator/DPO' to type 'String'
2026-02-15 01:39:00.128 DEBUG ConvertUtils:481 - Convert string 'DPO E-FAX Operator Supplies/DPO' to class 'java.lang.String'
2026-02-15 01:39:00.128 DEBUG StringConverter:140 - Converting 'String' value 'DPO E-FAX Operator Supplies/DPO' to type 'String'
2026-02-15 01:39:00.129 DEBUG ConvertUtils:481 - Convert string 'DPO E-FAX Operator IT/DPO' to class 'java.lang.String'
2026-02-15 01:39:00.129 DEBUG StringConverter:140 - Converting 'String' value 'DPO E-FAX Operator IT/DPO' to type 'String'
2026-02-15 01:39:00.129 DEBUG ConvertUtils:481 - Convert string 'DG IT Support2/DPO' to class 'java.lang.String'
2026-02-15 01:39:00.129 DEBUG StringConverter:140 - Converting 'String' value 'DG IT Support2/DPO' to type 'String'
2026-02-15 01:39:00.129 DEBUG ConvertUtils:481 - Convert string 'DPO User1 EFFO/DPO' to class 'java.lang.String'
2026-02-15 01:39:00.129 DEBUG StringConverter:140 - Converting 'String' value 'DPO User1 EFFO/DPO' to type 'String'
2026-02-15 01:39:00.130 DEBUG ConvertUtils:481 - Convert string 'Mobile User2 EFFO/DPO' to class 'java.lang.String'
2026-02-15 01:39:00.130 DEBUG StringConverter:140 - Converting 'String' value 'Mobile User2 EFFO/DPO' to type 'String'
2026-02-15 01:39:00.130 DEBUG ConvertUtils:481 - Convert string 'effomobuser4/DPO' to class 'java.lang.String'
2026-02-15 01:39:00.130 DEBUG StringConverter:140 - Converting 'String' value 'effomobuser4/DPO' to type 'String'
2026-02-15 01:39:00.130 DEBUG ConvertUtils:481 - Convert string 'e-Form Support Team/DPO' to class 'java.lang.String'
2026-02-15 01:39:00.130 DEBUG StringConverter:140 - Converting 'String' value 'e-Form Support Team/DPO' to type 'String'
2026-02-15 01:39:00.131 DEBUG ConvertUtils:481 - Convert string 'ecmlau@digitalpolicy.gov.hk' to class 'java.lang.String'
2026-02-15 01:39:00.131 DEBUG StringConverter:140 - Converting 'String' value 'ecmlau@digitalpolicy.gov.hk' to type 'String'
2026-02-15 01:39:00.131 DEBUG ConvertUtils:481 - Convert string 'ecmwong@digitalpolicy.gov.hk' to class 'java.lang.String'
2026-02-15 01:39:00.131 DEBUG StringConverter:140 - Converting 'String' value 'ecmwong@digitalpolicy.gov.hk' to type 'String'
2026-02-15 01:39:00.131 DEBUG ConvertUtils:481 - Convert string 'ecychong@digitalpolicy.gov.hk' to class 'java.lang.String'
2026-02-15 01:39:00.131 DEBUG StringConverter:140 - Converting 'String' value 'ecychong@digitalpolicy.gov.hk' to type 'String'
2026-02-15 01:39:00.132 DEBUG ConvertUtils:481 - Convert string 'ecyyiu@digitalpolicy.gov.hk' to class 'java.lang.String'
2026-02-15 01:39:00.132 DEBUG StringConverter:140 - Converting 'String' value 'ecyyiu@digitalpolicy.gov.hk' to type 'String'
2026-02-15 01:39:00.132 DEBUG ConvertUtils:481 - Convert string 'edgarsiufaiwong@digitalpolicy.gov.hk' to class 'java.lang.String'
2026-02-15 01:39:00.132 DEBUG StringConverter:140 - Converting 'String' value 'edgarsiufaiwong@digitalpolicy.gov.hk' to type 'String'
2026-02-15 01:39:00.132 DEBUG ConvertUtils:481 - Convert string 'edithkwmok@digitalpolicy.gov.hk' to class 'java.lang.String'
2026-02-15 01:39:00.132 DEBUG StringConverter:140 - Converting 'String' value 'edithkwmok@digitalpolicy.gov.hk' to type 'String'
2026-02-15 01:39:00.133 DEBUG ConvertUtils:481 - Convert string 'edmondyhchan@digitalpolicy.gov.hk' to class 'java.lang.String'
2026-02-15 01:39:00.133 DEBUG StringConverter:140 - Converting 'String' value 'edmondyhchan@digitalpolicy.gov.hk' to type 'String'
2026-02-15 01:39:00.133 DEBUG ConvertUtils:481 - Convert string 'EGIS Support Contractor - HP/OUTSOURCER/DPO' to class 'java.lang.String'
2026-02-15 01:39:00.133 DEBUG StringConverter:140 - Converting 'String' value 'EGIS Support Contractor - HP/OUTSOURCER/DPO' to type 'String'
2026-02-15 01:39:00.133 DEBUG ConvertUtils:481 - Convert string 'edwardkawaing@digitalpolicy.gov.hk' to class 'java.lang.String'
2026-02-15 01:39:00.134 DEBUG StringConverter:140 - Converting 'String' value 'edwardkawaing@digitalpolicy.gov.hk' to type 'String'
2026-02-15 01:39:00.134 DEBUG ConvertUtils:481 - Convert string 'e-fax@digitalpolicy.gov.hk' to class 'java.lang.String'
2026-02-15 01:39:00.134 DEBUG StringConverter:140 - Converting 'String' value 'e-fax@digitalpolicy.gov.hk' to type 'String'
2026-02-15 01:39:00.134 DEBUG ConvertUtils:481 - Convert string 'efax_supplies_quotation@digitalpolicy.gov.hk' to class 'java.lang.String'
2026-02-15 01:39:00.134 DEBUG StringConverter:140 - Converting 'String' value 'efax_supplies_quotation@digitalpolicy.gov.hk' to type 'String'
2026-02-15 01:39:00.135 DEBUG ConvertUtils:481 - Convert string 'e-fax-it@digitalpolicy.gov.hk' to class 'java.lang.String'
2026-02-15 01:39:00.135 DEBUG StringConverter:140 - Converting 'String' value 'e-fax-it@digitalpolicy.gov.hk' to type 'String'
2026-02-15 01:39:00.135 DEBUG ConvertUtils:481 - Convert string 'effoadmin@digitalpolicy.gov.hk' to class 'java.lang.String'
2026-02-15 01:39:00.136 DEBUG StringConverter:140 - Converting 'String' value 'effoadmin@digitalpolicy.gov.hk' to type 'String'
2026-02-15 01:39:00.136 DEBUG ConvertUtils:481 - Convert string 'Edwin HY WONG/DPO' to class 'java.lang.String'
2026-02-15 01:39:00.136 DEBUG StringConverter:140 - Converting 'String' value 'Edwin HY WONG/DPO' to type 'String'
2026-02-15 01:39:00.136 DEBUG ConvertUtils:481 - Convert string 'effodpouser1@digitalpolicy.gov.hk' to class 'java.lang.String'
2026-02-15 01:39:00.136 DEBUG StringConverter:140 - Converting 'String' value 'effodpouser1@digitalpolicy.gov.hk' to type 'String'
2026-02-15 01:39:00.137 DEBUG ConvertUtils:481 - Convert string 'effomobuser2@digitalpolicy.gov.hk' to class 'java.lang.String'
2026-02-15 01:39:00.137 DEBUG StringConverter:140 - Converting 'String' value 'effomobuser2@digitalpolicy.gov.hk' to type 'String'
2026-02-15 01:39:00.137 DEBUG ConvertUtils:481 - Convert string 'effomobuser4@digitalpolicy.gov.hk' to class 'java.lang.String'
2026-02-15 01:39:00.137 DEBUG StringConverter:140 - Converting 'String' value 'effomobuser4@digitalpolicy.gov.hk' to type 'String'
2026-02-15 01:39:00.137 DEBUG ConvertUtils:481 - Convert string 'eform@digitalpolicy.gov.hk' to class 'java.lang.String'
2026-02-15 01:39:00.138 DEBUG StringConverter:140 - Converting 'String' value 'eform@digitalpolicy.gov.hk' to type 'String'
2026-02-15 01:39:00.138 DEBUG ConvertUtils:481 - Convert string 'eForm Development Account/DPO' to class 'java.lang.String'
2026-02-15 01:39:00.138 DEBUG StringConverter:140 - Converting 'String' value 'eForm Development Account/DPO' to type 'String'
2026-02-15 01:39:00.138 DEBUG ConvertUtils:481 - Convert string 'eForm Services/DPO' to class 'java.lang.String'
2026-02-15 01:39:00.138 DEBUG StringConverter:140 - Converting 'String' value 'eForm Services/DPO' to type 'String'
2026-02-15 01:39:00.138 DEBUG ConvertUtils:481 - Convert string 'Eric FY LAW/DPO' to class 'java.lang.String'
2026-02-15 01:39:00.138 DEBUG StringConverter:140 - Converting 'String' value 'Eric FY LAW/DPO' to type 'String'
2026-02-15 01:39:00.138 DEBUG ConvertUtils:481 - Convert string 'e-Government Audit Programme Office/DPO' to class 'java.lang.String'
2026-02-15 01:39:00.139 DEBUG StringConverter:140 - Converting 'String' value 'e-Government Audit Programme Office/DPO' to type 'String'
2026-02-15 01:39:00.139 DEBUG ConvertUtils:481 - Convert string 'EGIS Support Contractor/OUTSOURCER/DPO' to class 'java.lang.String'
2026-02-15 01:39:00.139 DEBUG StringConverter:140 - Converting 'String' value 'EGIS Support Contractor/OUTSOURCER/DPO' to type 'String'
2026-02-15 01:39:00.139 DEBUG ConvertUtils:481 - Convert string 'EGIS Support Team/DPO' to class 'java.lang.String'
2026-02-15 01:39:00.139 DEBUG StringConverter:140 - Converting 'String' value 'EGIS Support Team/DPO' to type 'String'
2026-02-15 01:39:00.139 DEBUG ConvertUtils:481 - Convert string 'egis_support_contractor_hp@digitalpolicy.gov.hk' to class 'java.lang.String'
2026-02-15 01:39:00.139 DEBUG StringConverter:140 - Converting 'String' value 'egis_support_contractor_hp@digitalpolicy.gov.hk' to type 'String'
2026-02-15 01:39:00.140 DEBUG ConvertUtils:481 - Convert string 'eHelpdesk/DPO' to class 'java.lang.String'
2026-02-15 01:39:00.140 DEBUG StringConverter:140 - Converting 'String' value 'eHelpdesk/DPO' to type 'String'
2026-02-15 01:39:00.140 DEBUG ConvertUtils:481 - Convert string 'eHelpdesk Test/DPO' to class 'java.lang.String'
2026-02-15 01:39:00.140 DEBUG StringConverter:140 - Converting 'String' value 'eHelpdesk Test/DPO' to type 'String'
2026-02-15 01:39:00.140 DEBUG ConvertUtils:481 - Convert string 'Eric HY MING/DPO' to class 'java.lang.String'
2026-02-15 01:39:00.140 DEBUG StringConverter:140 - Converting 'String' value 'Eric HY MING/DPO' to type 'String'
2026-02-15 01:39:00.140 DEBUG ConvertUtils:481 - Convert string 'Edward HM LEE/DPO' to class 'java.lang.String'
2026-02-15 01:39:00.141 DEBUG StringConverter:140 - Converting 'String' value 'Edward HM LEE/DPO' to type 'String'
2026-02-15 01:39:00.141 DEBUG ConvertUtils:481 - Convert string 'ehywong@digitalpolicy.gov.hk' to class 'java.lang.String'
2026-02-15 01:39:00.141 DEBUG StringConverter:140 - Converting 'String' value 'ehywong@digitalpolicy.gov.hk' to type 'String'
2026-02-15 01:39:00.141 DEBUG ConvertUtils:481 - Convert string 'EIM Programme Management Office/DPO' to class 'java.lang.String'
2026-02-15 01:39:00.141 DEBUG StringConverter:140 - Converting 'String' value 'EIM Programme Management Office/DPO' to type 'String'
2026-02-15 01:39:00.141 DEBUG ConvertUtils:481 - Convert string 'EIMS Support/DPO' to class 'java.lang.String'
2026-02-15 01:39:00.142 DEBUG StringConverter:140 - Converting 'String' value 'EIMS Support/DPO' to type 'String'
2026-02-15 01:39:00.142 DEBUG ConvertUtils:481 - Convert string 'EIMSG Secretary/DPO' to class 'java.lang.String'
2026-02-15 01:39:00.142 DEBUG StringConverter:140 - Converting 'String' value 'EIMSG Secretary/DPO' to type 'String'
2026-02-15 01:39:00.142 DEBUG ConvertUtils:481 - Convert string 'EIMWG Secretary/DPO' to class 'java.lang.String'
2026-02-15 01:39:00.142 DEBUG StringConverter:140 - Converting 'String' value 'EIMWG Secretary/DPO' to type 'String'
2026-02-15 01:39:00.142 DEBUG ConvertUtils:481 - Convert string 'eformdevelopmentaccount@digitalpolicy.gov.hk' to class 'java.lang.String'
2026-02-15 01:39:00.142 DEBUG StringConverter:140 - Converting 'String' value 'eformdevelopmentaccount@digitalpolicy.gov.hk' to type 'String'
2026-02-15 01:39:00.143 DEBUG ConvertUtils:481 - Convert string 'eformservices@digitalpolicy.gov.hk' to class 'java.lang.String'
2026-02-15 01:39:00.143 DEBUG StringConverter:140 - Converting 'String' value 'eformservices@digitalpolicy.gov.hk' to type 'String'
2026-02-15 01:39:00.143 DEBUG ConvertUtils:481 - Convert string 'efylaw@digitalpolicy.gov.hk' to class 'java.lang.String'
2026-02-15 01:39:00.143 DEBUG StringConverter:140 - Converting 'String' value 'efylaw@digitalpolicy.gov.hk' to type 'String'
2026-02-15 01:39:00.143 DEBUG ConvertUtils:481 - Convert string 'egapo@digitalpolicy.gov.hk' to class 'java.lang.String'
2026-02-15 01:39:00.143 DEBUG StringConverter:140 - Converting 'String' value 'egapo@digitalpolicy.gov.hk' to type 'String'
2026-02-15 01:39:00.143 DEBUG ConvertUtils:481 - Convert string 'egis_support_contractor@digitalpolicy.gov.hk' to class 'java.lang.String'
2026-02-15 01:39:00.143 DEBUG StringConverter:140 - Converting 'String' value 'egis_support_contractor@digitalpolicy.gov.hk' to type 'String'
2026-02-15 01:39:00.144 DEBUG ConvertUtils:481 - Convert string 'egis_support@digitalpolicy.gov.hk' to class 'java.lang.String'
2026-02-15 01:39:00.144 DEBUG StringConverter:140 - Converting 'String' value 'egis_support@digitalpolicy.gov.hk' to type 'String'
2026-02-15 01:39:00.144 DEBUG ConvertUtils:481 - Convert string 'Eglus KC TAM/DPO' to class 'java.lang.String'
2026-02-15 01:39:00.144 DEBUG StringConverter:140 - Converting 'String' value 'Eglus KC TAM/DPO' to type 'String'
2026-02-15 01:39:00.144 DEBUG ConvertUtils:481 - Convert string 'ehelpdesk@digitalpolicy.gov.hk' to class 'java.lang.String'
2026-02-15 01:39:00.144 DEBUG StringConverter:140 - Converting 'String' value 'ehelpdesk@digitalpolicy.gov.hk' to type 'String'
2026-02-15 01:39:00.144 DEBUG ConvertUtils:481 - Convert string 'ehelpdesktest@digitalpolicy.gov.hk' to class 'java.lang.String'
2026-02-15 01:39:00.145 DEBUG StringConverter:140 - Converting 'String' value 'ehelpdesktest@digitalpolicy.gov.hk' to type 'String'
2026-02-15 01:39:00.145 DEBUG ConvertUtils:481 - Convert string 'ehyming@digitalpolicy.gov.hk' to class 'java.lang.String'
2026-02-15 01:39:00.145 DEBUG StringConverter:140 - Converting 'String' value 'ehyming@digitalpolicy.gov.hk' to type 'String'
2026-02-15 01:39:00.145 DEBUG ConvertUtils:481 - Convert string 'ehmlee@digitalpolicy.gov.hk' to class 'java.lang.String'
2026-02-15 01:39:00.145 DEBUG StringConverter:140 - Converting 'String' value 'ehmlee@digitalpolicy.gov.hk' to type 'String'
2026-02-15 01:39:00.145 DEBUG ConvertUtils:481 - Convert string 'Edward KL CHAN/DPO' to class 'java.lang.String'
2026-02-15 01:39:00.146 DEBUG StringConverter:140 - Converting 'String' value 'Edward KL CHAN/DPO' to type 'String'
2026-02-15 01:39:00.146 DEBUG ConvertUtils:481 - Convert string 'eimpmo@digitalpolicy.gov.hk' to class 'java.lang.String'
2026-02-15 01:39:00.146 DEBUG StringConverter:140 - Converting 'String' value 'eimpmo@digitalpolicy.gov.hk' to type 'String'
2026-02-15 01:39:00.146 DEBUG ConvertUtils:481 - Convert string 'eims_support@digitalpolicy.gov.hk' to class 'java.lang.String'
2026-02-15 01:39:00.146 DEBUG StringConverter:140 - Converting 'String' value 'eims_support@digitalpolicy.gov.hk' to type 'String'
2026-02-15 01:39:00.146 DEBUG ConvertUtils:481 - Convert string 'eimsg_secretary@digitalpolicy.gov.hk' to class 'java.lang.String'
2026-02-15 01:39:00.146 DEBUG StringConverter:140 - Converting 'String' value 'eimsg_secretary@digitalpolicy.gov.hk' to type 'String'
2026-02-15 01:39:00.146 DEBUG ConvertUtils:481 - Convert string 'eimwg_secretary@digitalpolicy.gov.hk' to class 'java.lang.String'
2026-02-15 01:39:00.147 DEBUG StringConverter:140 - Converting 'String' value 'eimwg_secretary@digitalpolicy.gov.hk' to type 'String'
2026-02-15 01:39:00.147 DEBUG ConvertUtils:481 - Convert string 'Edmund KM CHANG/DPO' to class 'java.lang.String'
2026-02-15 01:39:00.147 DEBUG StringConverter:140 - Converting 'String' value 'Edmund KM CHANG/DPO' to type 'String'
2026-02-15 01:39:00.147 DEBUG ConvertUtils:481 - Convert string 'Eric KS LAU/DPO' to class 'java.lang.String'
2026-02-15 01:39:00.147 DEBUG StringConverter:140 - Converting 'String' value 'Eric KS LAU/DPO' to type 'String'
2026-02-15 01:39:00.147 DEBUG ConvertUtils:481 - Convert string 'Eric KS WONG/DPO' to class 'java.lang.String'
2026-02-15 01:39:00.147 DEBUG StringConverter:140 - Converting 'String' value 'Eric KS WONG/DPO' to type 'String'
2026-02-15 01:39:00.147 DEBUG ConvertUtils:481 - Convert string 'Erik KT LUI/DPO' to class 'java.lang.String'
2026-02-15 01:39:00.147 DEBUG StringConverter:140 - Converting 'String' value 'Erik KT LUI/DPO' to type 'String'
2026-02-15 01:39:00.147 DEBUG ConvertUtils:481 - Convert string 'Eric KW LAM/DPO' to class 'java.lang.String'
2026-02-15 01:39:00.147 DEBUG StringConverter:140 - Converting 'String' value 'Eric KW LAM/DPO' to type 'String'
2026-02-15 01:39:00.147 DEBUG ConvertUtils:481 - Convert string 'Edmond KW MOK/DPO' to class 'java.lang.String'
2026-02-15 01:39:00.149 DEBUG StringConverter:140 - Converting 'String' value 'Edmond KW MOK/DPO' to type 'String'
2026-02-15 01:39:00.149 DEBUG ConvertUtils:481 - Convert string 'ekctam@digitalpolicy.gov.hk' to class 'java.lang.String'
2026-02-15 01:39:00.149 DEBUG StringConverter:140 - Converting 'String' value 'ekctam@digitalpolicy.gov.hk' to type 'String'
2026-02-15 01:39:00.149 DEBUG ConvertUtils:481 - Convert string 'Eric KY YIP/DPO' to class 'java.lang.String'
2026-02-15 01:39:00.149 DEBUG StringConverter:140 - Converting 'String' value 'Eric KY YIP/DPO' to type 'String'
2026-02-15 01:39:00.149 DEBUG ConvertUtils:481 - Convert string 'Elderly ICT Programme Office/DPO' to class 'java.lang.String'
2026-02-15 01:39:00.149 DEBUG StringConverter:140 - Converting 'String' value 'Elderly ICT Programme Office/DPO' to type 'String'
2026-02-15 01:39:00.149 DEBUG ConvertUtils:481 - Convert string 'Elderly ICT Programme Application/DPO' to class 'java.lang.String'
2026-02-15 01:39:00.149 DEBUG StringConverter:140 - Converting 'String' value 'Elderly ICT Programme Application/DPO' to type 'String'
2026-02-15 01:39:00.149 DEBUG ConvertUtils:481 - Convert string 'DPO e-Library System/DPO' to class 'java.lang.String'
2026-02-15 01:39:00.150 DEBUG StringConverter:140 - Converting 'String' value 'DPO e-Library System/DPO' to type 'String'
2026-02-15 01:39:00.150 DEBUG ConvertUtils:481 - Convert string 'eklchan@digitalpolicy.gov.hk' to class 'java.lang.String'
2026-02-15 01:39:00.150 DEBUG StringConverter:140 - Converting 'String' value 'eklchan@digitalpolicy.gov.hk' to type 'String'
2026-02-15 01:39:00.150 DEBUG ConvertUtils:481 - Convert string 'Elly LK YEUNG/DPO' to class 'java.lang.String'
2026-02-15 01:39:00.150 DEBUG StringConverter:140 - Converting 'String' value 'Elly LK YEUNG/DPO' to type 'String'
2026-02-15 01:39:00.150 DEBUG ConvertUtils:481 - Convert string 'Emma LY LI/DPO' to class 'java.lang.String'
2026-02-15 01:39:00.151 DEBUG StringConverter:140 - Converting 'String' value 'Emma LY LI/DPO' to type 'String'
2026-02-15 01:39:00.151 DEBUG ConvertUtils:481 - Convert string 'EMAN System Support/DPO' to class 'java.lang.String'
2026-02-15 01:39:00.151 DEBUG StringConverter:140 - Converting 'String' value 'EMAN System Support/DPO' to type 'String'
2026-02-15 01:39:00.151 DEBUG ConvertUtils:481 - Convert string 'Edwin MC WOO/DPO' to class 'java.lang.String'
2026-02-15 01:39:00.151 DEBUG StringConverter:140 - Converting 'String' value 'Edwin MC WOO/DPO' to type 'String'
2026-02-15 01:39:00.151 DEBUG ConvertUtils:481 - Convert string 'ekmchang@digitalpolicy.gov.hk' to class 'java.lang.String'
2026-02-15 01:39:00.151 DEBUG StringConverter:140 - Converting 'String' value 'ekmchang@digitalpolicy.gov.hk' to type 'String'
2026-02-15 01:39:00.151 DEBUG ConvertUtils:481 - Convert string 'ekslau@digitalpolicy.gov.hk' to class 'java.lang.String'
2026-02-15 01:39:00.152 DEBUG StringConverter:140 - Converting 'String' value 'ekslau@digitalpolicy.gov.hk' to type 'String'
2026-02-15 01:39:00.152 DEBUG ConvertUtils:481 - Convert string 'ekswong@digitalpolicy.gov.hk' to class 'java.lang.String'
2026-02-15 01:39:00.152 DEBUG StringConverter:140 - Converting 'String' value 'ekswong@digitalpolicy.gov.hk' to type 'String'
2026-02-15 01:39:00.152 DEBUG ConvertUtils:481 - Convert string 'ektlui@digitalpolicy.gov.hk' to class 'java.lang.String'
2026-02-15 01:39:00.152 DEBUG StringConverter:140 - Converting 'String' value 'ektlui@digitalpolicy.gov.hk' to type 'String'
2026-02-15 01:39:00.153 DEBUG ConvertUtils:481 - Convert string 'ekwlam@digitalpolicy.gov.hk' to class 'java.lang.String'
2026-02-15 01:39:00.153 DEBUG StringConverter:140 - Converting 'String' value 'ekwlam@digitalpolicy.gov.hk' to type 'String'
2026-02-15 01:39:00.153 DEBUG ConvertUtils:481 - Convert string 'ekwmok@digitalpolicy.gov.hk' to class 'java.lang.String'
2026-02-15 01:39:00.153 DEBUG StringConverter:140 - Converting 'String' value 'ekwmok@digitalpolicy.gov.hk' to type 'String'
2026-02-15 01:39:00.154 DEBUG ConvertUtils:481 - Convert string 'Edward MK SO/DPO' to class 'java.lang.String'
2026-02-15 01:39:00.154 DEBUG StringConverter:140 - Converting 'String' value 'Edward MK SO/DPO' to type 'String'
2026-02-15 01:39:00.154 DEBUG ConvertUtils:481 - Convert string 'ekyyip@digitalpolicy.gov.hk' to class 'java.lang.String'
2026-02-15 01:39:00.154 DEBUG StringConverter:140 - Converting 'String' value 'ekyyip@digitalpolicy.gov.hk' to type 'String'
2026-02-15 01:39:00.154 DEBUG ConvertUtils:481 - Convert string 'elderlyict@digitalpolicy.gov.hk' to class 'java.lang.String'
2026-02-15 01:39:00.154 DEBUG StringConverter:140 - Converting 'String' value 'elderlyict@digitalpolicy.gov.hk' to type 'String'
2026-02-15 01:39:00.154 DEBUG ConvertUtils:481 - Convert string 'elderlyict-appl@digitalpolicy.gov.hk' to class 'java.lang.String'
2026-02-15 01:39:00.154 DEBUG StringConverter:140 - Converting 'String' value 'elderlyict-appl@digitalpolicy.gov.hk' to type 'String'
2026-02-15 01:39:00.154 DEBUG ConvertUtils:481 - Convert string 'e-lib_system@digitalpolicy.gov.hk' to class 'java.lang.String'
2026-02-15 01:39:00.155 DEBUG StringConverter:140 - Converting 'String' value 'e-lib_system@digitalpolicy.gov.hk' to type 'String'
2026-02-15 01:39:00.155 DEBUG ConvertUtils:481 - Convert string 'Elmen ML YAU/DPO' to class 'java.lang.String'
2026-02-15 01:39:00.155 DEBUG StringConverter:140 - Converting 'String' value 'Elmen ML YAU/DPO' to type 'String'
2026-02-15 01:39:00.155 DEBUG ConvertUtils:481 - Convert string 'elkyeung@digitalpolicy.gov.hk' to class 'java.lang.String'
2026-02-15 01:39:00.155 DEBUG StringConverter:140 - Converting 'String' value 'elkyeung@digitalpolicy.gov.hk' to type 'String'
2026-02-15 01:39:00.155 DEBUG ConvertUtils:481 - Convert string 'elyli@digitalpolicy.gov.hk' to class 'java.lang.String'
2026-02-15 01:39:00.156 DEBUG StringConverter:140 - Converting 'String' value 'elyli@digitalpolicy.gov.hk' to type 'String'
2026-02-15 01:39:00.156 DEBUG ConvertUtils:481 - Convert string 'eman_system_support@digitalpolicy.gov.hk' to class 'java.lang.String'
2026-02-15 01:39:00.156 DEBUG StringConverter:140 - Converting 'String' value 'eman_system_support@digitalpolicy.gov.hk' to type 'String'
2026-02-15 01:39:00.156 DEBUG ConvertUtils:481 - Convert string 'emcwoo@digitalpolicy.gov.hk' to class 'java.lang.String'
2026-02-15 01:39:00.156 DEBUG StringConverter:140 - Converting 'String' value 'emcwoo@digitalpolicy.gov.hk' to type 'String'
2026-02-15 01:39:00.156 DEBUG ConvertUtils:481 - Convert string 'Edwin MT LO/DPO' to class 'java.lang.String'
2026-02-15 01:39:00.156 DEBUG StringConverter:140 - Converting 'String' value 'Edwin MT LO/DPO' to type 'String'
2026-02-15 01:39:00.157 DEBUG ConvertUtils:481 - Convert string 'Eric MW CHAN/DPO' to class 'java.lang.String'
2026-02-15 01:39:00.157 DEBUG StringConverter:140 - Converting 'String' value 'Eric MW CHAN/DPO' to type 'String'
2026-02-15 01:39:00.157 DEBUG ConvertUtils:481 - Convert string 'Eric MY WONG/DPO' to class 'java.lang.String'
2026-02-15 01:39:00.157 DEBUG StringConverter:140 - Converting 'String' value 'Eric MY WONG/DPO' to type 'String'
2026-02-15 01:39:00.157 DEBUG ConvertUtils:481 - Convert string 'DPO Homepage e-Newsletter/DPO' to class 'java.lang.String'
2026-02-15 01:39:00.157 DEBUG StringConverter:140 - Converting 'String' value 'DPO Homepage e-Newsletter/DPO' to type 'String'
2026-02-15 01:39:00.157 DEBUG ConvertUtils:481 - Convert string 'Elia NL WONG/DPO' to class 'java.lang.String'
2026-02-15 01:39:00.157 DEBUG StringConverter:140 - Converting 'String' value 'Elia NL WONG/DPO' to type 'String'
2026-02-15 01:39:00.157 DEBUG ConvertUtils:481 - Convert string 'eNotification GovIT Tenders/DPO' to class 'java.lang.String'
2026-02-15 01:39:00.158 DEBUG StringConverter:140 - Converting 'String' value 'eNotification GovIT Tenders/DPO' to type 'String'
2026-02-15 01:39:00.158 DEBUG ConvertUtils:481 - Convert string 'emkso@digitalpolicy.gov.hk' to class 'java.lang.String'
2026-02-15 01:39:00.158 DEBUG StringConverter:140 - Converting 'String' value 'emkso@digitalpolicy.gov.hk' to type 'String'
2026-02-15 01:39:00.158 DEBUG ConvertUtils:481 - Convert string 'CBPS Enquiry' to class 'java.lang.String'
2026-02-15 01:39:00.158 DEBUG StringConverter:140 - Converting 'String' value 'CBPS Enquiry' to type 'String'
2026-02-15 01:39:00.158 DEBUG ConvertUtils:481 - Convert string 'DPO Enquiry/DPO' to class 'java.lang.String'
2026-02-15 01:39:00.158 DEBUG StringConverter:140 - Converting 'String' value 'DPO Enquiry/DPO' to type 'String'
2026-02-15 01:39:00.158 DEBUG ConvertUtils:481 - Convert string 'e-TS Enquiry/DPO' to class 'java.lang.String'
2026-02-15 01:39:00.158 DEBUG StringConverter:140 - Converting 'String' value 'e-TS Enquiry/DPO' to type 'String'
2026-02-15 01:39:00.158 DEBUG ConvertUtils:481 - Convert string 'Idea Enquiry/DPO' to class 'java.lang.String'
2026-02-15 01:39:00.158 DEBUG StringConverter:140 - Converting 'String' value 'Idea Enquiry/DPO' to type 'String'
2026-02-15 01:39:00.159 DEBUG ConvertUtils:481 - Convert string 'emlyau@digitalpolicy.gov.hk' to class 'java.lang.String'
2026-02-15 01:39:00.159 DEBUG StringConverter:140 - Converting 'String' value 'emlyau@digitalpolicy.gov.hk' to type 'String'
2026-02-15 01:39:00.159 DEBUG ConvertUtils:481 - Convert string 'DPO Enquiry GR/DPO' to class 'java.lang.String'
2026-02-15 01:39:00.159 DEBUG StringConverter:140 - Converting 'String' value 'DPO Enquiry GR/DPO' to type 'String'
2026-02-15 01:39:00.159 DEBUG ConvertUtils:481 - Convert string 'Vaccine Booking Enquiry/DPO' to class 'java.lang.String'
2026-02-15 01:39:00.159 DEBUG StringConverter:140 - Converting 'String' value 'Vaccine Booking Enquiry/DPO' to type 'String'
2026-02-15 01:39:00.159 DEBUG ConvertUtils:481 - Convert string 'e-TS Enquiry CS/DPO' to class 'java.lang.String'
2026-02-15 01:39:00.159 DEBUG StringConverter:140 - Converting 'String' value 'e-TS Enquiry CS/DPO' to type 'String'
2026-02-15 01:39:00.159 DEBUG ConvertUtils:481 - Convert string 'GovHK Enquiry Review/DPO' to class 'java.lang.String'
2026-02-15 01:39:00.159 DEBUG StringConverter:140 - Converting 'String' value 'GovHK Enquiry Review/DPO' to type 'String'
2026-02-15 01:39:00.160 DEBUG ConvertUtils:481 - Convert string 'emtlo@digitalpolicy.gov.hk' to class 'java.lang.String'
2026-02-15 01:39:00.160 DEBUG StringConverter:140 - Converting 'String' value 'emtlo@digitalpolicy.gov.hk' to type 'String'
2026-02-15 01:39:00.160 DEBUG ConvertUtils:481 - Convert string 'emwchan@digitalpolicy.gov.hk' to class 'java.lang.String'
2026-02-15 01:39:00.160 DEBUG StringConverter:140 - Converting 'String' value 'emwchan@digitalpolicy.gov.hk' to type 'String'
2026-02-15 01:39:00.160 DEBUG ConvertUtils:481 - Convert string 'emywong@digitalpolicy.gov.hk' to class 'java.lang.String'
2026-02-15 01:39:00.160 DEBUG StringConverter:140 - Converting 'String' value 'emywong@digitalpolicy.gov.hk' to type 'String'
2026-02-15 01:39:00.160 DEBUG ConvertUtils:481 - Convert string 'enews@digitalpolicy.gov.hk' to class 'java.lang.String'
2026-02-15 01:39:00.160 DEBUG StringConverter:140 - Converting 'String' value 'enews@digitalpolicy.gov.hk' to type 'String'
2026-02-15 01:39:00.160 DEBUG ConvertUtils:481 - Convert string 'enlwong@digitalpolicy.gov.hk' to class 'java.lang.String'
2026-02-15 01:39:00.160 DEBUG StringConverter:140 - Converting 'String' value 'enlwong@digitalpolicy.gov.hk' to type 'String'
2026-02-15 01:39:00.160 DEBUG ConvertUtils:481 - Convert string 'enotification_govit_tenders@digitalpolicy.gov.hk' to class 'java.lang.String'
2026-02-15 01:39:00.160 DEBUG StringConverter:140 - Converting 'String' value 'enotification_govit_tenders@digitalpolicy.gov.hk' to type 'String'
2026-02-15 01:39:00.162 DEBUG ConvertUtils:481 - Convert string 'Esprit PK LEUNG/DPO' to class 'java.lang.String'
2026-02-15 01:39:00.162 DEBUG StringConverter:140 - Converting 'String' value 'Esprit PK LEUNG/DPO' to type 'String'
2026-02-15 01:39:00.162 DEBUG ConvertUtils:481 - Convert string 'enquiry@crossboundaryservices.gov.hk' to class 'java.lang.String'
2026-02-15 01:39:00.162 DEBUG StringConverter:140 - Converting 'String' value 'enquiry@crossboundaryservices.gov.hk' to type 'String'
2026-02-15 01:39:00.162 DEBUG ConvertUtils:481 - Convert string 'enquiry@digitalpolicy.gov.hk' to class 'java.lang.String'
2026-02-15 01:39:00.162 DEBUG StringConverter:140 - Converting 'String' value 'enquiry@digitalpolicy.gov.hk' to type 'String'
2026-02-15 01:39:00.162 DEBUG ConvertUtils:481 - Convert string 'enquiry@ets.gov.hk' to class 'java.lang.String'
2026-02-15 01:39:00.162 DEBUG StringConverter:140 - Converting 'String' value 'enquiry@ets.gov.hk' to type 'String'
2026-02-15 01:39:00.162 DEBUG ConvertUtils:481 - Convert string 'enquiry@idea.gov.hk' to class 'java.lang.String'
2026-02-15 01:39:00.162 DEBUG StringConverter:140 - Converting 'String' value 'enquiry@idea.gov.hk' to type 'String'
2026-02-15 01:39:00.163 DEBUG ConvertUtils:481 - Convert string 'Edith PM CHUI/DPO' to class 'java.lang.String'
2026-02-15 01:39:00.163 DEBUG StringConverter:140 - Converting 'String' value 'Edith PM CHUI/DPO' to type 'String'
2026-02-15 01:39:00.163 DEBUG ConvertUtils:481 - Convert string 'enquiry_gr@digitalpolicy.gov.hk' to class 'java.lang.String'
2026-02-15 01:39:00.163 DEBUG StringConverter:140 - Converting 'String' value 'enquiry_gr@digitalpolicy.gov.hk' to type 'String'
2026-02-15 01:39:00.163 DEBUG ConvertUtils:481 - Convert string 'enquiry_vaccinebooking@digitalpolicy.gov.hk' to class 'java.lang.String'
2026-02-15 01:39:00.163 DEBUG StringConverter:140 - Converting 'String' value 'enquiry_vaccinebooking@digitalpolicy.gov.hk' to type 'String'
2026-02-15 01:39:00.163 DEBUG ConvertUtils:481 - Convert string 'enquiry-cs@ets.gov.hk' to class 'java.lang.String'
2026-02-15 01:39:00.163 DEBUG StringConverter:140 - Converting 'String' value 'enquiry-cs@ets.gov.hk' to type 'String'
2026-02-15 01:39:00.163 DEBUG ConvertUtils:481 - Convert string 'enquiryreview@digitalpolicy.gov.hk' to class 'java.lang.String'
2026-02-15 01:39:00.163 DEBUG StringConverter:140 - Converting 'String' value 'enquiryreview@digitalpolicy.gov.hk' to type 'String'
2026-02-15 01:39:00.164 DEBUG ConvertUtils:481 - Convert string 'E-Procurement Service Support/OUTSOURCER/DPO' to class 'java.lang.String'
2026-02-15 01:39:00.164 DEBUG StringConverter:140 - Converting 'String' value 'E-Procurement Service Support/OUTSOURCER/DPO' to type 'String'
2026-02-15 01:39:00.164 DEBUG ConvertUtils:481 - Convert string 'E-Procurement Programme Management Office/DPO' to class 'java.lang.String'
2026-02-15 01:39:00.164 DEBUG StringConverter:140 - Converting 'String' value 'E-Procurement Programme Management Office/DPO' to type 'String'
2026-02-15 01:39:00.164 DEBUG ConvertUtils:481 - Convert string 'Eric SH CHAN/DPO' to class 'java.lang.String'
2026-02-15 01:39:00.164 DEBUG StringConverter:140 - Converting 'String' value 'Eric SH CHAN/DPO' to type 'String'
2026-02-15 01:39:00.164 DEBUG ConvertUtils:481 - Convert string 'Eric LEUNG/DPO' to class 'java.lang.String'
2026-02-15 01:39:00.164 DEBUG StringConverter:140 - Converting 'String' value 'Eric LEUNG/DPO' to type 'String'
2026-02-15 01:39:00.164 DEBUG ConvertUtils:481 - Convert string 'ERKS Coordinator/DPO' to class 'java.lang.String'
2026-02-15 01:39:00.164 DEBUG StringConverter:140 - Converting 'String' value 'ERKS Coordinator/DPO' to type 'String'
2026-02-15 01:39:00.164 DEBUG ConvertUtils:481 - Convert string 'ERKS S1 Support Contractor/OUTSOURCER/DPO' to class 'java.lang.String'
2026-02-15 01:39:00.165 DEBUG StringConverter:140 - Converting 'String' value 'ERKS S1 Support Contractor/OUTSOURCER/DPO' to type 'String'
2026-02-15 01:39:00.165 DEBUG ConvertUtils:481 - Convert string 'epkleung@digitalpolicy.gov.hk' to class 'java.lang.String'
2026-02-15 01:39:00.165 DEBUG StringConverter:140 - Converting 'String' value 'epkleung@digitalpolicy.gov.hk' to type 'String'
2026-02-15 01:39:00.165 DEBUG ConvertUtils:481 - Convert string 'ERKS Support/DPO' to class 'java.lang.String'
2026-02-15 01:39:00.165 DEBUG StringConverter:140 - Converting 'String' value 'ERKS Support/DPO' to type 'String'
2026-02-15 01:39:00.165 DEBUG ConvertUtils:481 - Convert string 'ERKS S1 Support Team/DPO' to class 'java.lang.String'
2026-02-15 01:39:00.165 DEBUG StringConverter:140 - Converting 'String' value 'ERKS S1 Support Team/DPO' to type 'String'
2026-02-15 01:39:00.165 DEBUG ConvertUtils:481 - Convert string 'Ernest YC YEUNG/DPO' to class 'java.lang.String'
2026-02-15 01:39:00.165 DEBUG StringConverter:140 - Converting 'String' value 'Ernest YC YEUNG/DPO' to type 'String'
2026-02-15 01:39:00.165 DEBUG ConvertUtils:481 - Convert string 'Eric SC LAM/DPO' to class 'java.lang.String'
2026-02-15 01:39:00.166 DEBUG StringConverter:140 - Converting 'String' value 'Eric SC LAM/DPO' to type 'String'
2026-02-15 01:39:00.166 DEBUG ConvertUtils:481 - Convert string 'epmchui@digitalpolicy.gov.hk' to class 'java.lang.String'
2026-02-15 01:39:00.166 DEBUG StringConverter:140 - Converting 'String' value 'epmchui@digitalpolicy.gov.hk' to type 'String'
2026-02-15 01:39:00.166 DEBUG ConvertUtils:481 - Convert string 'e-Service Information Portal Support Office/DPO' to class 'java.lang.String'
2026-02-15 01:39:00.166 DEBUG StringConverter:140 - Converting 'String' value 'e-Service Information Portal Support Office/DPO' to type 'String'
2026-02-15 01:39:00.166 DEBUG ConvertUtils:481 - Convert string 'Edward SH CHAN/DPO' to class 'java.lang.String'
2026-02-15 01:39:00.166 DEBUG StringConverter:140 - Converting 'String' value 'Edward SH CHAN/DPO' to type 'String'
2026-02-15 01:39:00.166 DEBUG ConvertUtils:481 - Convert string 'Eva SM LO/DPO' to class 'java.lang.String'
2026-02-15 01:39:00.166 DEBUG StringConverter:140 - Converting 'String' value 'Eva SM LO/DPO' to type 'String'
2026-02-15 01:39:00.167 DEBUG ConvertUtils:481 - Convert string 'Eva SP LING/DPO' to class 'java.lang.String'
2026-02-15 01:39:00.167 DEBUG StringConverter:140 - Converting 'String' value 'Eva SP LING/DPO' to type 'String'
2026-02-15 01:39:00.167 DEBUG ConvertUtils:481 - Convert string 'eppmgmtoff@digitalpolicy.gov.hk' to class 'java.lang.String'
2026-02-15 01:39:00.167 DEBUG StringConverter:140 - Converting 'String' value 'eppmgmtoff@digitalpolicy.gov.hk' to type 'String'
2026-02-15 01:39:00.167 DEBUG ConvertUtils:481 - Convert string 'eppmo@digitalpolicy.gov.hk' to class 'java.lang.String'
2026-02-15 01:39:00.167 DEBUG StringConverter:140 - Converting 'String' value 'eppmo@digitalpolicy.gov.hk' to type 'String'
2026-02-15 01:39:00.167 DEBUG ConvertUtils:481 - Convert string 'ericshchan@digitalpolicy.gov.hk' to class 'java.lang.String'
2026-02-15 01:39:00.167 DEBUG StringConverter:140 - Converting 'String' value 'ericshchan@digitalpolicy.gov.hk' to type 'String'
2026-02-15 01:39:00.167 DEBUG ConvertUtils:481 - Convert string 'ericskleung@digitalpolicy.gov.hk' to class 'java.lang.String'
2026-02-15 01:39:00.168 DEBUG StringConverter:140 - Converting 'String' value 'ericskleung@digitalpolicy.gov.hk' to type 'String'
2026-02-15 01:39:00.168 DEBUG ConvertUtils:481 - Convert string 'erks_coordinator@digitalpolicy.gov.hk' to class 'java.lang.String'
2026-02-15 01:39:00.168 DEBUG StringConverter:140 - Converting 'String' value 'erks_coordinator@digitalpolicy.gov.hk' to type 'String'
2026-02-15 01:39:00.168 DEBUG ConvertUtils:481 - Convert string 'erks_s1_support_contractor@digitalpolicy.gov.hk' to class 'java.lang.String'
2026-02-15 01:39:00.168 DEBUG StringConverter:140 - Converting 'String' value 'erks_s1_support_contractor@digitalpolicy.gov.hk' to type 'String'
2026-02-15 01:39:00.168 DEBUG ConvertUtils:481 - Convert string 'Esports Facilitation/DPO' to class 'java.lang.String'
2026-02-15 01:39:00.168 DEBUG StringConverter:140 - Converting 'String' value 'Esports Facilitation/DPO' to type 'String'
2026-02-15 01:39:00.168 DEBUG ConvertUtils:481 - Convert string 'erks_support@digitalpolicy.gov.hk' to class 'java.lang.String'
2026-02-15 01:39:00.168 DEBUG StringConverter:140 - Converting 'String' value 'erks_support@digitalpolicy.gov.hk' to type 'String'
2026-02-15 01:39:00.169 DEBUG ConvertUtils:481 - Convert string 'erkss1supportteam@digitalpolicy.gov.hk' to class 'java.lang.String'
2026-02-15 01:39:00.169 DEBUG StringConverter:140 - Converting 'String' value 'erkss1supportteam@digitalpolicy.gov.hk' to type 'String'
2026-02-15 01:39:00.169 DEBUG ConvertUtils:481 - Convert string 'ernestycyeung@digitalpolicy.gov.hk' to class 'java.lang.String'
2026-02-15 01:39:00.169 DEBUG StringConverter:140 - Converting 'String' value 'ernestycyeung@digitalpolicy.gov.hk' to type 'String'
2026-02-15 01:39:00.169 DEBUG ConvertUtils:481 - Convert string 'esclam@digitalpolicy.gov.hk' to class 'java.lang.String'
2026-02-15 01:39:00.169 DEBUG StringConverter:140 - Converting 'String' value 'esclam@digitalpolicy.gov.hk' to type 'String'
2026-02-15 01:39:00.169 DEBUG ConvertUtils:481 - Convert string 'eSP Support Team/DPO' to class 'java.lang.String'
2026-02-15 01:39:00.169 DEBUG StringConverter:140 - Converting 'String' value 'eSP Support Team/DPO' to type 'String'
2026-02-15 01:39:00.169 DEBUG ConvertUtils:481 - Convert string 'e-serviceipso@digitalpolicy.gov.hk' to class 'java.lang.String'
2026-02-15 01:39:00.169 DEBUG StringConverter:140 - Converting 'String' value 'e-serviceipso@digitalpolicy.gov.hk' to type 'String'
2026-02-15 01:39:00.169 DEBUG ConvertUtils:481 - Convert string 'eshchan@digitalpolicy.gov.hk' to class 'java.lang.String'
2026-02-15 01:39:00.170 DEBUG StringConverter:140 - Converting 'String' value 'eshchan@digitalpolicy.gov.hk' to type 'String'
2026-02-15 01:39:00.170 DEBUG ConvertUtils:481 - Convert string 'esmlo@digitalpolicy.gov.hk' to class 'java.lang.String'
2026-02-15 01:39:00.170 DEBUG StringConverter:140 - Converting 'String' value 'esmlo@digitalpolicy.gov.hk' to type 'String'
2026-02-15 01:39:00.170 DEBUG ConvertUtils:481 - Convert string 'espling@digitalpolicy.gov.hk' to class 'java.lang.String'
2026-02-15 01:39:00.170 DEBUG StringConverter:140 - Converting 'String' value 'espling@digitalpolicy.gov.hk' to type 'String'
2026-02-15 01:39:00.170 DEBUG ConvertUtils:481 - Convert string 'Elvin SW LEE/DPO' to class 'java.lang.String'
2026-02-15 01:39:00.170 DEBUG StringConverter:140 - Converting 'String' value 'Elvin SW LEE/DPO' to type 'String'
2026-02-15 01:39:00.170 DEBUG ConvertUtils:481 - Convert string 'Eddie SW LI/DPO' to class 'java.lang.String'
2026-02-15 01:39:00.170 DEBUG StringConverter:140 - Converting 'String' value 'Eddie SW LI/DPO' to type 'String'
2026-02-15 01:39:00.170 DEBUG ConvertUtils:481 - Convert string 'Edmond SW NG/DPO' to class 'java.lang.String'
2026-02-15 01:39:00.170 DEBUG StringConverter:140 - Converting 'String' value 'Edmond SW NG/DPO' to type 'String'
2026-02-15 01:39:00.170 DEBUG ConvertUtils:481 - Convert string 'Ellen SY WONG/DPO' to class 'java.lang.String'
2026-02-15 01:39:00.171 DEBUG StringConverter:140 - Converting 'String' value 'Ellen SY WONG/DPO' to type 'String'
2026-02-15 01:39:00.171 DEBUG ConvertUtils:481 - Convert string 'Eric TC CHAN/DPO' to class 'java.lang.String'
2026-02-15 01:39:00.171 DEBUG StringConverter:140 - Converting 'String' value 'Eric TC CHAN/DPO' to type 'String'
2026-02-15 01:39:00.171 DEBUG ConvertUtils:481 - Convert string 'Eric TK LEUNG/DPO' to class 'java.lang.String'
2026-02-15 01:39:00.171 DEBUG StringConverter:140 - Converting 'String' value 'Eric TK LEUNG/DPO' to type 'String'
2026-02-15 01:39:00.171 DEBUG ConvertUtils:481 - Convert string 'esports@digitalpolicy.gov.hk' to class 'java.lang.String'
2026-02-15 01:39:00.171 DEBUG StringConverter:140 - Converting 'String' value 'esports@digitalpolicy.gov.hk' to type 'String'
2026-02-15 01:39:00.171 DEBUG ConvertUtils:481 - Convert string 'DPO ETO Support/DPO' to class 'java.lang.String'
2026-02-15 01:39:00.172 DEBUG StringConverter:140 - Converting 'String' value 'DPO ETO Support/DPO' to type 'String'
2026-02-15 01:39:00.172 DEBUG ConvertUtils:481 - Convert string 'ETS MAIL SUPPORT/DPO' to class 'java.lang.String'
2026-02-15 01:39:00.172 DEBUG StringConverter:140 - Converting 'String' value 'ETS MAIL SUPPORT/DPO' to type 'String'
2026-02-15 01:39:00.172 DEBUG ConvertUtils:481 - Convert string 'Edith WC HO/DPO' to class 'java.lang.String'
2026-02-15 01:39:00.172 DEBUG StringConverter:140 - Converting 'String' value 'Edith WC HO/DPO' to type 'String'
2026-02-15 01:39:00.172 DEBUG ConvertUtils:481 - Convert string 'Emily WF LEUNG/DPO' to class 'java.lang.String'
2026-02-15 01:39:00.172 DEBUG StringConverter:140 - Converting 'String' value 'Emily WF LEUNG/DPO' to type 'String'
2026-02-15 01:39:00.172 DEBUG ConvertUtils:481 - Convert string 'espsupport@digitalpolicy.gov.hk' to class 'java.lang.String'
2026-02-15 01:39:00.173 DEBUG StringConverter:140 - Converting 'String' value 'espsupport@digitalpolicy.gov.hk' to type 'String'
2026-02-15 01:39:00.173 DEBUG ConvertUtils:481 - Convert string 'Edmond WH NG/DPO' to class 'java.lang.String'
2026-02-15 01:39:00.173 DEBUG StringConverter:140 - Converting 'String' value 'Edmond WH NG/DPO' to type 'String'
2026-02-15 01:39:00.173 DEBUG ConvertUtils:481 - Convert string 'Ernest WH TAM/DPO' to class 'java.lang.String'
2026-02-15 01:39:00.173 DEBUG StringConverter:140 - Converting 'String' value 'Ernest WH TAM/DPO' to type 'String'
2026-02-15 01:39:00.173 DEBUG ConvertUtils:481 - Convert string 'Ernie WH TSOI/DPO' to class 'java.lang.String'
2026-02-15 01:39:00.173 DEBUG StringConverter:140 - Converting 'String' value 'Ernie WH TSOI/DPO' to type 'String'
2026-02-15 01:39:00.173 DEBUG ConvertUtils:481 - Convert string 'Eric WK CHENG/DPO' to class 'java.lang.String'
2026-02-15 01:39:00.174 DEBUG StringConverter:140 - Converting 'String' value 'Eric WK CHENG/DPO' to type 'String'
2026-02-15 01:39:00.174 DEBUG ConvertUtils:481 - Convert string 'eswlee@digitalpolicy.gov.hk' to class 'java.lang.String'
2026-02-15 01:39:00.174 DEBUG StringConverter:140 - Converting 'String' value 'eswlee@digitalpolicy.gov.hk' to type 'String'
2026-02-15 01:39:00.174 DEBUG ConvertUtils:481 - Convert string 'eswli@digitalpolicy.gov.hk' to class 'java.lang.String'
2026-02-15 01:39:00.174 DEBUG StringConverter:140 - Converting 'String' value 'eswli@digitalpolicy.gov.hk' to type 'String'
2026-02-15 01:39:00.174 DEBUG ConvertUtils:481 - Convert string 'eswng@digitalpolicy.gov.hk' to class 'java.lang.String'
2026-02-15 01:39:00.174 DEBUG StringConverter:140 - Converting 'String' value 'eswng@digitalpolicy.gov.hk' to type 'String'
2026-02-15 01:39:00.174 DEBUG ConvertUtils:481 - Convert string 'esywong@digitalpolicy.gov.hk' to class 'java.lang.String'
2026-02-15 01:39:00.175 DEBUG StringConverter:140 - Converting 'String' value 'esywong@digitalpolicy.gov.hk' to type 'String'
2026-02-15 01:39:00.175 DEBUG ConvertUtils:481 - Convert string 'etcchan@digitalpolicy.gov.hk' to class 'java.lang.String'
2026-02-15 01:39:00.175 DEBUG StringConverter:140 - Converting 'String' value 'etcchan@digitalpolicy.gov.hk' to type 'String'
2026-02-15 01:39:00.175 DEBUG ConvertUtils:481 - Convert string 'etkleung@digitalpolicy.gov.hk' to class 'java.lang.String'
2026-02-15 01:39:00.175 DEBUG StringConverter:140 - Converting 'String' value 'etkleung@digitalpolicy.gov.hk' to type 'String'
2026-02-15 01:39:00.175 DEBUG ConvertUtils:481 - Convert string 'Eliot WK HO/DPO' to class 'java.lang.String'
2026-02-15 01:39:00.175 DEBUG StringConverter:140 - Converting 'String' value 'Eliot WK HO/DPO' to type 'String'
2026-02-15 01:39:00.176 DEBUG ConvertUtils:481 - Convert string 'etosupport@digitalpolicy.gov.hk' to class 'java.lang.String'
2026-02-15 01:39:00.176 DEBUG StringConverter:140 - Converting 'String' value 'etosupport@digitalpolicy.gov.hk' to type 'String'
2026-02-15 01:39:00.176 DEBUG ConvertUtils:481 - Convert string 'ets_mail_support@digitalpolicy.gov.hk' to class 'java.lang.String'
2026-02-15 01:39:00.176 DEBUG StringConverter:140 - Converting 'String' value 'ets_mail_support@digitalpolicy.gov.hk' to type 'String'
2026-02-15 01:39:00.176 DEBUG ConvertUtils:481 - Convert string 'ewcho@digitalpolicy.gov.hk' to class 'java.lang.String'
2026-02-15 01:39:00.176 DEBUG StringConverter:140 - Converting 'String' value 'ewcho@digitalpolicy.gov.hk' to type 'String'
2026-02-15 01:39:00.176 DEBUG ConvertUtils:481 - Convert string 'ewfleung@digitalpolicy.gov.hk' to class 'java.lang.String'
2026-02-15 01:39:00.176 DEBUG StringConverter:140 - Converting 'String' value 'ewfleung@digitalpolicy.gov.hk' to type 'String'
2026-02-15 01:39:00.176 DEBUG ConvertUtils:481 - Convert string 'Eddic WM TIN/DPO' to class 'java.lang.String'
2026-02-15 01:39:00.176 DEBUG StringConverter:140 - Converting 'String' value 'Eddic WM TIN/DPO' to type 'String'
2026-02-15 01:39:00.176 DEBUG ConvertUtils:481 - Convert string 'ewhng@digitalpolicy.gov.hk' to class 'java.lang.String'
2026-02-15 01:39:00.176 DEBUG StringConverter:140 - Converting 'String' value 'ewhng@digitalpolicy.gov.hk' to type 'String'
2026-02-15 01:39:00.177 DEBUG ConvertUtils:481 - Convert string 'ewhtam@digitalpolicy.gov.hk' to class 'java.lang.String'
2026-02-15 01:39:00.177 DEBUG StringConverter:140 - Converting 'String' value 'ewhtam@digitalpolicy.gov.hk' to type 'String'
2026-02-15 01:39:00.177 DEBUG ConvertUtils:481 - Convert string 'ewhtsoi@digitalpolicy.gov.hk' to class 'java.lang.String'
2026-02-15 01:39:00.177 DEBUG StringConverter:140 - Converting 'String' value 'ewhtsoi@digitalpolicy.gov.hk' to type 'String'
2026-02-15 01:39:00.177 DEBUG ConvertUtils:481 - Convert string 'ewkcheng@digitalpolicy.gov.hk' to class 'java.lang.String'
2026-02-15 01:39:00.177 DEBUG StringConverter:140 - Converting 'String' value 'ewkcheng@digitalpolicy.gov.hk' to type 'String'
2026-02-15 01:39:00.177 DEBUG ConvertUtils:481 - Convert string 'Emily WN CHUI/DPO' to class 'java.lang.String'
2026-02-15 01:39:00.177 DEBUG StringConverter:140 - Converting 'String' value 'Emily WN CHUI/DPO' to type 'String'
2026-02-15 01:39:00.177 DEBUG ConvertUtils:481 - Convert string 'Eva WT LEE/DPO' to class 'java.lang.String'
2026-02-15 01:39:00.178 DEBUG StringConverter:140 - Converting 'String' value 'Eva WT LEE/DPO' to type 'String'
2026-02-15 01:39:00.178 DEBUG ConvertUtils:481 - Convert string 'External User/DPO' to class 'java.lang.String'
2026-02-15 01:39:00.178 DEBUG StringConverter:140 - Converting 'String' value 'External User/DPO' to type 'String'
2026-02-15 01:39:00.178 DEBUG ConvertUtils:481 - Convert string 'Eric YB POON/DPO' to class 'java.lang.String'
2026-02-15 01:39:00.178 DEBUG StringConverter:140 - Converting 'String' value 'Eric YB POON/DPO' to type 'String'
2026-02-15 01:39:00.178 DEBUG ConvertUtils:481 - Convert string 'Edward YC CHAN/DPO' to class 'java.lang.String'
2026-02-15 01:39:00.178 DEBUG StringConverter:140 - Converting 'String' value 'Edward YC CHAN/DPO' to type 'String'
2026-02-15 01:39:00.178 DEBUG ConvertUtils:481 - Convert string 'Eddie YC LIM/DPO' to class 'java.lang.String'
2026-02-15 01:39:00.178 DEBUG StringConverter:140 - Converting 'String' value 'Eddie YC LIM/DPO' to type 'String'
2026-02-15 01:39:00.179 DEBUG ConvertUtils:481 - Convert string 'ewkho@digitalpolicy.gov.hk' to class 'java.lang.String'
2026-02-15 01:39:00.179 DEBUG StringConverter:140 - Converting 'String' value 'ewkho@digitalpolicy.gov.hk' to type 'String'
2026-02-15 01:39:00.179 DEBUG ConvertUtils:481 - Convert string 'Edith YD CHAN/DPO' to class 'java.lang.String'
2026-02-15 01:39:00.179 DEBUG StringConverter:140 - Converting 'String' value 'Edith YD CHAN/DPO' to type 'String'
2026-02-15 01:39:00.179 DEBUG ConvertUtils:481 - Convert string 'Elaine YF LAU/DPO' to class 'java.lang.String'
2026-02-15 01:39:00.179 DEBUG StringConverter:140 - Converting 'String' value 'Elaine YF LAU/DPO' to type 'String'
2026-02-15 01:39:00.180 DEBUG ConvertUtils:481 - Convert string 'Eddie YF LUI/DPO' to class 'java.lang.String'
2026-02-15 01:39:00.180 DEBUG StringConverter:140 - Converting 'String' value 'Eddie YF LUI/DPO' to type 'String'
2026-02-15 01:39:00.180 DEBUG ConvertUtils:481 - Convert string 'Eason YH CHAN/DPO' to class 'java.lang.String'
2026-02-15 01:39:00.180 DEBUG StringConverter:140 - Converting 'String' value 'Eason YH CHAN/DPO' to type 'String'
2026-02-15 01:39:00.180 DEBUG ConvertUtils:481 - Convert string 'ewmtin@digitalpolicy.gov.hk' to class 'java.lang.String'
2026-02-15 01:39:00.180 DEBUG StringConverter:140 - Converting 'String' value 'ewmtin@digitalpolicy.gov.hk' to type 'String'
2026-02-15 01:39:00.180 DEBUG ConvertUtils:481 - Convert string 'Elsie YK CHU/DPO' to class 'java.lang.String'
2026-02-15 01:39:00.180 DEBUG StringConverter:140 - Converting 'String' value 'Elsie YK CHU/DPO' to type 'String'
2026-02-15 01:39:00.181 DEBUG ConvertUtils:481 - Convert string 'Esmond YL LEE/DPO' to class 'java.lang.String'
2026-02-15 01:39:00.181 DEBUG StringConverter:140 - Converting 'String' value 'Esmond YL LEE/DPO' to type 'String'
2026-02-15 01:39:00.181 DEBUG ConvertUtils:481 - Convert string 'Emmy YN LAU/DPO' to class 'java.lang.String'
2026-02-15 01:39:00.181 DEBUG StringConverter:140 - Converting 'String' value 'Emmy YN LAU/DPO' to type 'String'
2026-02-15 01:39:00.181 DEBUG ConvertUtils:481 - Convert string 'ewnchui@digitalpolicy.gov.hk' to class 'java.lang.String'
2026-02-15 01:39:00.181 DEBUG StringConverter:140 - Converting 'String' value 'ewnchui@digitalpolicy.gov.hk' to type 'String'
2026-02-15 01:39:00.181 DEBUG ConvertUtils:481 - Convert string 'ewtlee@digitalpolicy.gov.hk' to class 'java.lang.String'
2026-02-15 01:39:00.182 DEBUG StringConverter:140 - Converting 'String' value 'ewtlee@digitalpolicy.gov.hk' to type 'String'
2026-02-15 01:39:00.182 DEBUG ConvertUtils:481 - Convert string 'Enoch YN LI/DPO' to class 'java.lang.String'
2026-02-15 01:39:00.182 DEBUG StringConverter:140 - Converting 'String' value 'Enoch YN LI/DPO' to type 'String'
2026-02-15 01:39:00.182 DEBUG ConvertUtils:481 - Convert string 'extuser1@digitalpolicy.gov.hk' to class 'java.lang.String'
2026-02-15 01:39:00.182 DEBUG StringConverter:140 - Converting 'String' value 'extuser1@digitalpolicy.gov.hk' to type 'String'
2026-02-15 01:39:00.182 DEBUG ConvertUtils:481 - Convert string 'eybpoon@digitalpolicy.gov.hk' to class 'java.lang.String'
2026-02-15 01:39:00.182 DEBUG StringConverter:140 - Converting 'String' value 'eybpoon@digitalpolicy.gov.hk' to type 'String'
2026-02-15 01:39:00.182 DEBUG ConvertUtils:481 - Convert string 'eycchan@digitalpolicy.gov.hk' to class 'java.lang.String'
2026-02-15 01:39:00.183 DEBUG StringConverter:140 - Converting 'String' value 'eycchan@digitalpolicy.gov.hk' to type 'String'
2026-02-15 01:39:00.183 DEBUG ConvertUtils:481 - Convert string 'eyclim@digitalpolicy.gov.hk' to class 'java.lang.String'
2026-02-15 01:39:00.183 DEBUG StringConverter:140 - Converting 'String' value 'eyclim@digitalpolicy.gov.hk' to type 'String'
2026-02-15 01:39:00.183 DEBUG ConvertUtils:481 - Convert string 'Elke YP MAK/DPO' to class 'java.lang.String'
2026-02-15 01:39:00.183 DEBUG StringConverter:140 - Converting 'String' value 'Elke YP MAK/DPO' to type 'String'
2026-02-15 01:39:00.183 DEBUG ConvertUtils:481 - Convert string 'eydchan@digitalpolicy.gov.hk' to class 'java.lang.String'
2026-02-15 01:39:00.183 DEBUG StringConverter:140 - Converting 'String' value 'eydchan@digitalpolicy.gov.hk' to type 'String'
2026-02-15 01:39:00.184 DEBUG ConvertUtils:481 - Convert string 'eyflau@digitalpolicy.gov.hk' to class 'java.lang.String'
2026-02-15 01:39:00.184 DEBUG StringConverter:140 - Converting 'String' value 'eyflau@digitalpolicy.gov.hk' to type 'String'
2026-02-15 01:39:00.184 DEBUG ConvertUtils:481 - Convert string 'eyflui@digitalpolicy.gov.hk' to class 'java.lang.String'
2026-02-15 01:39:00.184 DEBUG StringConverter:140 - Converting 'String' value 'eyflui@digitalpolicy.gov.hk' to type 'String'
2026-02-15 01:39:00.184 DEBUG ConvertUtils:481 - Convert string 'eyhchan@digitalpolicy.gov.hk' to class 'java.lang.String'
2026-02-15 01:39:00.184 DEBUG StringConverter:140 - Converting 'String' value 'eyhchan@digitalpolicy.gov.hk' to type 'String'
2026-02-15 01:39:00.184 DEBUG ConvertUtils:481 - Convert string 'Eva YW LO/DPO' to class 'java.lang.String'
2026-02-15 01:39:00.185 DEBUG StringConverter:140 - Converting 'String' value 'Eva YW LO/DPO' to type 'String'
2026-02-15 01:39:00.185 DEBUG ConvertUtils:481 - Convert string 'eykchu@digitalpolicy.gov.hk' to class 'java.lang.String'
2026-02-15 01:39:00.185 DEBUG StringConverter:140 - Converting 'String' value 'eykchu@digitalpolicy.gov.hk' to type 'String'
2026-02-15 01:39:00.185 DEBUG ConvertUtils:481 - Convert string 'eyllee@digitalpolicy.gov.hk' to class 'java.lang.String'
2026-02-15 01:39:00.185 DEBUG StringConverter:140 - Converting 'String' value 'eyllee@digitalpolicy.gov.hk' to type 'String'
2026-02-15 01:39:00.185 DEBUG ConvertUtils:481 - Convert string 'eynlau@digitalpolicy.gov.hk' to class 'java.lang.String'
2026-02-15 01:39:00.186 DEBUG StringConverter:140 - Converting 'String' value 'eynlau@digitalpolicy.gov.hk' to type 'String'
2026-02-15 01:39:00.186 DEBUG ConvertUtils:481 - Convert string 'Erica YY HO/DPO' to class 'java.lang.String'
2026-02-15 01:39:00.186 DEBUG StringConverter:140 - Converting 'String' value 'Erica YY HO/DPO' to type 'String'
2026-02-15 01:39:00.186 DEBUG ConvertUtils:481 - Convert string 'eynli@digitalpolicy.gov.hk' to class 'java.lang.String'
2026-02-15 01:39:00.186 DEBUG StringConverter:140 - Converting 'String' value 'eynli@digitalpolicy.gov.hk' to type 'String'
2026-02-15 01:39:00.186 DEBUG ConvertUtils:481 - Convert string 'eypmak@digitalpolicy.gov.hk' to class 'java.lang.String'
2026-02-15 01:39:00.186 DEBUG StringConverter:140 - Converting 'String' value 'eypmak@digitalpolicy.gov.hk' to type 'String'
2026-02-15 01:39:00.187 DEBUG ConvertUtils:481 - Convert string 'eywlo@digitalpolicy.gov.hk' to class 'java.lang.String'
2026-02-15 01:39:00.187 DEBUG StringConverter:140 - Converting 'String' value 'eywlo@digitalpolicy.gov.hk' to type 'String'
2026-02-15 01:39:00.187 DEBUG ConvertUtils:481 - Convert string 'eyyho@digitalpolicy.gov.hk' to class 'java.lang.String'
2026-02-15 01:39:00.187 DEBUG StringConverter:140 - Converting 'String' value 'eyyho@digitalpolicy.gov.hk' to type 'String'
2026-02-15 01:39:00.226 INFO  DataImportService:37 - Going to create in internal LDAP for _user.getMail() eacpc_admin@digitalpolicy.gov.hk
2026-02-15 01:39:00.228 DEBUG AnnotationConfigApplicationContext:1164 - Closing org.springframework.context.annotation.AnnotationConfigApplicationContext@66565121, started on Sun Feb 15 01:38:59 GMT+08:00 2026
2026-02-15 01:39:00.230 DEBUG DefaultLifecycleProcessor:638 - Stopping beans in phase 1073741823
2026-02-15 01:39:00.230 DEBUG DefaultLifecycleProcessor:484 - Bean 'applicationTaskExecutor' completed its stop procedure
2026-02-15 01:39:00.230 DEBUG DefaultLifecycleProcessor:638 - Stopping beans in phase -2147483647
2026-02-15 01:39:00.230 DEBUG DefaultLifecycleProcessor:484 - Bean 'springBootLoggingLifecycle' completed its stop procedure
2026-02-15 01:39:00.231 DEBUG ThreadPoolTaskExecutor:366 - Shutting down ExecutorService 'applicationTaskExecutor'
2026-02-15 01:40:21.299 INFO  DirsyncApplication:54 - Starting DirsyncApplication using Java 25.0.2 with PID 30944 (C:\Users\simon\IdeaProjects\dirsync\target\classes started by simon in C:\Users\simon\IdeaProjects\dirsync)
2026-02-15 01:40:21.302 INFO  DirsyncApplication:652 - No active profile set, falling back to 1 default profile: "default"
2026-02-15 01:40:21.712 INFO  RepositoryConfigurationDelegate:145 - Bootstrapping Spring Data LDAP repositories in DEFAULT mode.
2026-02-15 01:40:21.752 INFO  RepositoryConfigurationDelegate:213 - Finished Spring Data repository scanning in 26 ms. Found 0 LDAP repository interfaces.
2026-02-15 01:40:21.873 INFO  RepositoryConfigurationDelegate:145 - Bootstrapping Spring Data LDAP repositories in DEFAULT mode.
2026-02-15 01:40:21.876 INFO  RepositoryConfigurationDelegate:213 - Finished Spring Data repository scanning in 2 ms. Found 0 LDAP repository interfaces.
2026-02-15 01:40:22.049 INFO  AbstractContextSource:419 - Property 'userDn' not set - anonymous context will be used for read-only operations
2026-02-15 01:40:22.069 INFO  DirsyncApplication:60 - Started DirsyncApplication in 1.11 seconds (process running for 2.069)
2026-02-15 01:40:22.072 INFO  DataImportService:31 - Start to import directory information into target LDAP...
2026-02-15 01:40:22.232 INFO  DataImportService:37 - Going to create in internal LDAP for _user.getMail() eacpc_admin@digitalpolicy.gov.hk
2026-02-15 01:41:25.585 INFO  DirsyncApplication:54 - Starting DirsyncApplication using Java 25.0.2 with PID 26760 (C:\Users\simon\IdeaProjects\dirsync\target\classes started by simon in C:\Users\simon\IdeaProjects\dirsync)
2026-02-15 01:41:25.588 INFO  DirsyncApplication:652 - No active profile set, falling back to 1 default profile: "default"
2026-02-15 01:41:25.927 INFO  RepositoryConfigurationDelegate:145 - Bootstrapping Spring Data LDAP repositories in DEFAULT mode.
2026-02-15 01:41:25.955 INFO  RepositoryConfigurationDelegate:213 - Finished Spring Data repository scanning in 20 ms. Found 0 LDAP repository interfaces.
2026-02-15 01:41:26.054 INFO  RepositoryConfigurationDelegate:145 - Bootstrapping Spring Data LDAP repositories in DEFAULT mode.
2026-02-15 01:41:26.058 INFO  RepositoryConfigurationDelegate:213 - Finished Spring Data repository scanning in 2 ms. Found 0 LDAP repository interfaces.
2026-02-15 01:41:26.201 INFO  AbstractContextSource:419 - Property 'userDn' not set - anonymous context will be used for read-only operations
2026-02-15 01:41:26.220 INFO  DirsyncApplication:60 - Started DirsyncApplication in 0.903 seconds (process running for 1.618)
2026-02-15 01:41:26.224 INFO  DataImportService:31 - Start to import directory information into target LDAP...
2026-02-15 01:41:26.360 INFO  DataImportService:37 - Going to create in internal LDAP for _user.getMail() eacpc_admin@digitalpolicy.gov.hk
2026-02-15 01:41:42.359 INFO  DirsyncApplication:54 - Starting DirsyncApplication using Java 25.0.2 with PID 27700 (C:\Users\simon\IdeaProjects\dirsync\target\classes started by simon in C:\Users\simon\IdeaProjects\dirsync)
2026-02-15 01:41:42.361 INFO  DirsyncApplication:652 - No active profile set, falling back to 1 default profile: "default"
2026-02-15 01:41:42.703 INFO  RepositoryConfigurationDelegate:145 - Bootstrapping Spring Data LDAP repositories in DEFAULT mode.
2026-02-15 01:41:42.730 INFO  RepositoryConfigurationDelegate:213 - Finished Spring Data repository scanning in 20 ms. Found 0 LDAP repository interfaces.
2026-02-15 01:41:42.832 INFO  RepositoryConfigurationDelegate:145 - Bootstrapping Spring Data LDAP repositories in DEFAULT mode.
2026-02-15 01:41:42.837 INFO  RepositoryConfigurationDelegate:213 - Finished Spring Data repository scanning in 3 ms. Found 0 LDAP repository interfaces.
2026-02-15 01:41:42.989 INFO  AbstractContextSource:419 - Property 'userDn' not set - anonymous context will be used for read-only operations
2026-02-15 01:41:43.007 INFO  DirsyncApplication:60 - Started DirsyncApplication in 0.928 seconds (process running for 1.646)
2026-02-15 01:41:43.020 INFO  DataImportService:31 - Start to import directory information into target LDAP...
2026-02-15 01:41:43.156 INFO  DataImportService:37 - Going to create in internal LDAP for _user.getMail() eacpc_admin@digitalpolicy.gov.hk
2026-02-15 01:42:12.493 INFO  DirsyncApplication:54 - Starting DirsyncApplication using Java 25.0.2 with PID 27360 (C:\Users\simon\IdeaProjects\dirsync\target\classes started by simon in C:\Users\simon\IdeaProjects\dirsync)
2026-02-15 01:42:12.496 INFO  DirsyncApplication:652 - No active profile set, falling back to 1 default profile: "default"
2026-02-15 01:42:12.842 INFO  RepositoryConfigurationDelegate:145 - Bootstrapping Spring Data LDAP repositories in DEFAULT mode.
2026-02-15 01:42:12.870 INFO  RepositoryConfigurationDelegate:213 - Finished Spring Data repository scanning in 21 ms. Found 0 LDAP repository interfaces.
2026-02-15 01:42:12.970 INFO  RepositoryConfigurationDelegate:145 - Bootstrapping Spring Data LDAP repositories in DEFAULT mode.
2026-02-15 01:42:12.975 INFO  RepositoryConfigurationDelegate:213 - Finished Spring Data repository scanning in 2 ms. Found 0 LDAP repository interfaces.
2026-02-15 01:42:13.078 INFO  RepositoryConfigurationDelegate:145 - Bootstrapping Spring Data LDAP repositories in DEFAULT mode.
2026-02-15 01:42:13.082 INFO  RepositoryConfigurationDelegate:213 - Finished Spring Data repository scanning in 2 ms. Found 0 LDAP repository interfaces.
2026-02-15 01:42:13.141 INFO  AbstractContextSource:419 - Property 'userDn' not set - anonymous context will be used for read-only operations
2026-02-15 01:42:13.157 INFO  DirsyncApplication:60 - Started DirsyncApplication in 0.939 seconds (process running for 1.662)
2026-02-15 01:42:13.164 INFO  RepositoryConfigurationDelegate:145 - Bootstrapping Spring Data LDAP repositories in DEFAULT mode.
2026-02-15 01:42:13.168 INFO  RepositoryConfigurationDelegate:213 - Finished Spring Data repository scanning in 2 ms. Found 0 LDAP repository interfaces.
2026-02-15 01:42:13.174 INFO  DataImportService:35 - Start to import directory information into target LDAP...
2026-02-15 01:42:13.319 INFO  DataImportService:41 - Going to create in internal LDAP for _user.getMail() eacpc_admin@digitalpolicy.gov.hk
2026-02-15 01:42:13.323 INFO  ApplicationConfig:67 - Trying to bind to LDAP with DN cn=eacpc_admin,ou=Users,ou=ITB-DPO,ou=CMMPBDOs,DC=cmmp,DC=hksarg cn = eacpc_admin
2026-02-15 01:42:13.608 INFO  DataImportService:41 - Going to create in internal LDAP for _user.getMail() eacpc-admin@digitalpolicy.gov.hk
2026-02-15 01:42:13.609 INFO  ApplicationConfig:67 - Trying to bind to LDAP with DN cn=eacpc-admin,ou=Users,ou=ITB-DPO,ou=CMMPBDOs,DC=cmmp,DC=hksarg cn = eacpc-admin
2026-02-15 01:42:13.775 INFO  DataImportService:41 - Going to create in internal LDAP for _user.getMail() eacpc-support@digitalpolicy.gov.hk
2026-02-15 01:42:13.775 INFO  ApplicationConfig:67 - Trying to bind to LDAP with DN cn=eacpc-support,ou=Users,ou=ITB-DPO,ou=CMMPBDOs,DC=cmmp,DC=hksarg cn = eacpc-support
2026-02-15 01:42:13.915 INFO  DataImportService:41 - Going to create in internal LDAP for _user.getMail() ebsupport@digitalpolicy.gov.hk
2026-02-15 01:42:13.916 INFO  ApplicationConfig:67 - Trying to bind to LDAP with DN cn=ebsupport,ou=Users,ou=ITB-DPO,ou=CMMPBDOs,DC=cmmp,DC=hksarg cn = ebsupport
2026-02-15 01:42:14.065 INFO  DataImportService:41 - Going to create in internal LDAP for _user.getMail() ebychee@digitalpolicy.gov.hk
2026-02-15 01:42:14.065 INFO  ApplicationConfig:67 - Trying to bind to LDAP with DN cn=ebychee,ou=Users,ou=ITB-DPO,ou=CMMPBDOs,DC=cmmp,DC=hksarg cn = ebychee
2026-02-15 01:42:14.230 INFO  DataImportService:41 - Going to create in internal LDAP for _user.getMail() e-cardhk_ts@digitalpolicy.gov.hk
2026-02-15 01:42:14.231 INFO  ApplicationConfig:67 - Trying to bind to LDAP with DN cn=e-cardhk_ts,ou=Users,ou=ITB-DPO,ou=CMMPBDOs,DC=cmmp,DC=hksarg cn = e-cardhk_ts
2026-02-15 01:42:14.368 INFO  DataImportService:41 - Going to create in internal LDAP for _user.getMail() ecckim@digitalpolicy.gov.hk
2026-02-15 01:42:14.368 INFO  ApplicationConfig:67 - Trying to bind to LDAP with DN cn=ecckim,ou=Users,ou=ITB-DPO,ou=CMMPBDOs,DC=cmmp,DC=hksarg cn = ecckim
2026-02-15 01:42:14.510 INFO  DataImportService:41 - Going to create in internal LDAP for _user.getMail() eccli@digitalpolicy.gov.hk
2026-02-15 01:42:14.511 INFO  ApplicationConfig:67 - Trying to bind to LDAP with DN cn=eccli,ou=Users,ou=ITB-DPO,ou=CMMPBDOs,DC=cmmp,DC=hksarg cn = eccli
2026-02-15 01:42:14.633 INFO  DataImportService:41 - Going to create in internal LDAP for _user.getMail() eccwong@digitalpolicy.gov.hk
2026-02-15 01:42:14.634 INFO  ApplicationConfig:67 - Trying to bind to LDAP with DN cn=eccwong,ou=Users,ou=ITB-DPO,ou=CMMPBDOs,DC=cmmp,DC=hksarg cn = eccwong
2026-02-15 01:42:14.766 INFO  DataImportService:41 - Going to create in internal LDAP for _user.getMail() ecflam@digitalpolicy.gov.hk
2026-02-15 01:42:14.766 INFO  ApplicationConfig:67 - Trying to bind to LDAP with DN cn=ecflam,ou=Users,ou=ITB-DPO,ou=CMMPBDOs,DC=cmmp,DC=hksarg cn = ecflam
2026-02-15 01:42:14.880 INFO  DataImportService:41 - Going to create in internal LDAP for _user.getMail() echchen@digitalpolicy.gov.hk
2026-02-15 01:42:14.881 INFO  ApplicationConfig:67 - Trying to bind to LDAP with DN cn=echchen,ou=Users,ou=ITB-DPO,ou=CMMPBDOs,DC=cmmp,DC=hksarg cn = echchen
2026-02-15 01:42:14.991 INFO  DataImportService:41 - Going to create in internal LDAP for _user.getMail() echleung@digitalpolicy.gov.hk
2026-02-15 01:42:14.991 INFO  ApplicationConfig:67 - Trying to bind to LDAP with DN cn=echleung,ou=Users,ou=ITB-DPO,ou=CMMPBDOs,DC=cmmp,DC=hksarg cn = echleung
2026-02-15 01:42:15.109 INFO  DataImportService:41 - Going to create in internal LDAP for _user.getMail() echqpt_advisory@digitalpolicy.gov.hk
2026-02-15 01:42:15.109 INFO  ApplicationConfig:67 - Trying to bind to LDAP with DN cn=echqpt_advisory,ou=Users,ou=ITB-DPO,ou=CMMPBDOs,DC=cmmp,DC=hksarg cn = echqpt_advisory
2026-02-15 01:42:15.221 INFO  DataImportService:41 - Going to create in internal LDAP for _user.getMail() echqpt_support@digitalpolicy.gov.hk
2026-02-15 01:42:15.221 INFO  ApplicationConfig:67 - Trying to bind to LDAP with DN cn=echqpt_support,ou=Users,ou=ITB-DPO,ou=CMMPBDOs,DC=cmmp,DC=hksarg cn = echqpt_support
2026-02-15 01:42:15.336 INFO  DataImportService:41 - Going to create in internal LDAP for _user.getMail() eckcheung@digitalpolicy.gov.hk
2026-02-15 01:42:15.337 INFO  ApplicationConfig:67 - Trying to bind to LDAP with DN cn=eckcheung,ou=Users,ou=ITB-DPO,ou=CMMPBDOs,DC=cmmp,DC=hksarg cn = eckcheung
2026-02-15 01:42:15.443 INFO  DataImportService:41 - Going to create in internal LDAP for _user.getMail() eckfok@digitalpolicy.gov.hk
2026-02-15 01:42:15.443 INFO  ApplicationConfig:67 - Trying to bind to LDAP with DN cn=eckfok,ou=Users,ou=ITB-DPO,ou=CMMPBDOs,DC=cmmp,DC=hksarg cn = eckfok
2026-02-15 01:42:15.553 INFO  DataImportService:41 - Going to create in internal LDAP for _user.getMail() ecmau@digitalpolicy.gov.hk
2026-02-15 01:42:15.554 INFO  ApplicationConfig:67 - Trying to bind to LDAP with DN cn=ecmau,ou=Users,ou=ITB-DPO,ou=CMMPBDOs,DC=cmmp,DC=hksarg cn = ecmau
2026-02-15 01:42:15.656 INFO  DataImportService:41 - Going to create in internal LDAP for _user.getMail() ecmlau@digitalpolicy.gov.hk
2026-02-15 01:42:15.657 INFO  ApplicationConfig:67 - Trying to bind to LDAP with DN cn=ecmlau,ou=Users,ou=ITB-DPO,ou=CMMPBDOs,DC=cmmp,DC=hksarg cn = ecmlau
2026-02-15 01:42:15.759 INFO  DataImportService:41 - Going to create in internal LDAP for _user.getMail() ecmwong@digitalpolicy.gov.hk
2026-02-15 01:42:15.759 INFO  ApplicationConfig:67 - Trying to bind to LDAP with DN cn=ecmwong,ou=Users,ou=ITB-DPO,ou=CMMPBDOs,DC=cmmp,DC=hksarg cn = ecmwong
2026-02-15 01:42:15.869 INFO  DataImportService:41 - Going to create in internal LDAP for _user.getMail() ecychong@digitalpolicy.gov.hk
2026-02-15 01:42:15.869 INFO  ApplicationConfig:67 - Trying to bind to LDAP with DN cn=ecychong,ou=Users,ou=ITB-DPO,ou=CMMPBDOs,DC=cmmp,DC=hksarg cn = ecychong
2026-02-15 01:42:15.988 INFO  DataImportService:41 - Going to create in internal LDAP for _user.getMail() ecyyiu@digitalpolicy.gov.hk
2026-02-15 01:42:15.988 INFO  ApplicationConfig:67 - Trying to bind to LDAP with DN cn=ecyyiu,ou=Users,ou=ITB-DPO,ou=CMMPBDOs,DC=cmmp,DC=hksarg cn = ecyyiu
2026-02-15 01:42:16.095 INFO  DataImportService:41 - Going to create in internal LDAP for _user.getMail() edgarsiufaiwong@digitalpolicy.gov.hk
2026-02-15 01:42:16.095 INFO  ApplicationConfig:67 - Trying to bind to LDAP with DN cn=edgarsiufaiwong,ou=Users,ou=ITB-DPO,ou=CMMPBDOs,DC=cmmp,DC=hksarg cn = edgarsiufaiwong
2026-02-15 01:42:16.203 INFO  DataImportService:41 - Going to create in internal LDAP for _user.getMail() edithkwmok@digitalpolicy.gov.hk
2026-02-15 01:42:16.203 INFO  ApplicationConfig:67 - Trying to bind to LDAP with DN cn=edithkwmok,ou=Users,ou=ITB-DPO,ou=CMMPBDOs,DC=cmmp,DC=hksarg cn = edithkwmok
2026-02-15 01:42:16.328 INFO  DataImportService:41 - Going to create in internal LDAP for _user.getMail() edmondyhchan@digitalpolicy.gov.hk
2026-02-15 01:42:16.328 INFO  ApplicationConfig:67 - Trying to bind to LDAP with DN cn=edmondyhchan,ou=Users,ou=ITB-DPO,ou=CMMPBDOs,DC=cmmp,DC=hksarg cn = edmondyhchan
2026-02-15 01:42:16.442 INFO  DataImportService:41 - Going to create in internal LDAP for _user.getMail() edwardkawaing@digitalpolicy.gov.hk
2026-02-15 01:42:16.442 INFO  ApplicationConfig:67 - Trying to bind to LDAP with DN cn=edwardkawaing,ou=Users,ou=ITB-DPO,ou=CMMPBDOs,DC=cmmp,DC=hksarg cn = edwardkawaing
2026-02-15 01:42:16.553 INFO  DataImportService:41 - Going to create in internal LDAP for _user.getMail() e-fax@digitalpolicy.gov.hk
2026-02-15 01:42:16.554 INFO  ApplicationConfig:67 - Trying to bind to LDAP with DN cn=e-fax,ou=Users,ou=ITB-DPO,ou=CMMPBDOs,DC=cmmp,DC=hksarg cn = e-fax
2026-02-15 01:42:16.670 INFO  DataImportService:41 - Going to create in internal LDAP for _user.getMail() efax_supplies_quotation@digitalpolicy.gov.hk
2026-02-15 01:42:16.670 INFO  ApplicationConfig:67 - Trying to bind to LDAP with DN cn=efax_supplies_quotation,ou=Users,ou=ITB-DPO,ou=CMMPBDOs,DC=cmmp,DC=hksarg cn = efax_supplies_quotation
2026-02-15 01:42:16.773 INFO  DataImportService:41 - Going to create in internal LDAP for _user.getMail() e-fax-it@digitalpolicy.gov.hk
2026-02-15 01:42:16.773 INFO  ApplicationConfig:67 - Trying to bind to LDAP with DN cn=e-fax-it,ou=Users,ou=ITB-DPO,ou=CMMPBDOs,DC=cmmp,DC=hksarg cn = e-fax-it
2026-02-15 01:42:16.885 INFO  DataImportService:41 - Going to create in internal LDAP for _user.getMail() effoadmin@digitalpolicy.gov.hk
2026-02-15 01:42:16.885 INFO  ApplicationConfig:67 - Trying to bind to LDAP with DN cn=effoadmin,ou=Users,ou=ITB-DPO,ou=CMMPBDOs,DC=cmmp,DC=hksarg cn = effoadmin
2026-02-15 01:42:16.994 INFO  DataImportService:41 - Going to create in internal LDAP for _user.getMail() effodpouser1@digitalpolicy.gov.hk
2026-02-15 01:42:16.995 INFO  ApplicationConfig:67 - Trying to bind to LDAP with DN cn=effodpouser1,ou=Users,ou=ITB-DPO,ou=CMMPBDOs,DC=cmmp,DC=hksarg cn = effodpouser1
2026-02-15 01:42:17.106 INFO  DataImportService:41 - Going to create in internal LDAP for _user.getMail() effomobuser2@digitalpolicy.gov.hk
2026-02-15 01:42:17.107 INFO  ApplicationConfig:67 - Trying to bind to LDAP with DN cn=effomobuser2,ou=Users,ou=ITB-DPO,ou=CMMPBDOs,DC=cmmp,DC=hksarg cn = effomobuser2
2026-02-15 01:42:17.220 INFO  DataImportService:41 - Going to create in internal LDAP for _user.getMail() effomobuser4@digitalpolicy.gov.hk
2026-02-15 01:42:17.220 INFO  ApplicationConfig:67 - Trying to bind to LDAP with DN cn=effomobuser4,ou=Users,ou=ITB-DPO,ou=CMMPBDOs,DC=cmmp,DC=hksarg cn = effomobuser4
2026-02-15 01:42:17.324 INFO  DataImportService:41 - Going to create in internal LDAP for _user.getMail() eform@digitalpolicy.gov.hk
2026-02-15 01:42:17.325 INFO  ApplicationConfig:67 - Trying to bind to LDAP with DN cn=eform,ou=Users,ou=ITB-DPO,ou=CMMPBDOs,DC=cmmp,DC=hksarg cn = eform
2026-02-15 01:42:17.429 INFO  DataImportService:41 - Going to create in internal LDAP for _user.getMail() eformdevelopmentaccount@digitalpolicy.gov.hk
2026-02-15 01:42:17.429 INFO  ApplicationConfig:67 - Trying to bind to LDAP with DN cn=eformdevelopmentaccount,ou=Users,ou=ITB-DPO,ou=CMMPBDOs,DC=cmmp,DC=hksarg cn = eformdevelopmentaccount
2026-02-15 01:42:17.535 INFO  DataImportService:41 - Going to create in internal LDAP for _user.getMail() eformservices@digitalpolicy.gov.hk
2026-02-15 01:42:17.535 INFO  ApplicationConfig:67 - Trying to bind to LDAP with DN cn=eformservices,ou=Users,ou=ITB-DPO,ou=CMMPBDOs,DC=cmmp,DC=hksarg cn = eformservices
2026-02-15 01:42:17.641 INFO  DataImportService:41 - Going to create in internal LDAP for _user.getMail() efylaw@digitalpolicy.gov.hk
2026-02-15 01:42:17.642 INFO  ApplicationConfig:67 - Trying to bind to LDAP with DN cn=efylaw,ou=Users,ou=ITB-DPO,ou=CMMPBDOs,DC=cmmp,DC=hksarg cn = efylaw
2026-02-15 01:42:17.746 INFO  DataImportService:41 - Going to create in internal LDAP for _user.getMail() egapo@digitalpolicy.gov.hk
2026-02-15 01:42:17.746 INFO  ApplicationConfig:67 - Trying to bind to LDAP with DN cn=egapo,ou=Users,ou=ITB-DPO,ou=CMMPBDOs,DC=cmmp,DC=hksarg cn = egapo
2026-02-15 01:42:17.850 INFO  DataImportService:41 - Going to create in internal LDAP for _user.getMail() egis_support@digitalpolicy.gov.hk
2026-02-15 01:42:17.850 INFO  ApplicationConfig:67 - Trying to bind to LDAP with DN cn=egis_support,ou=Users,ou=ITB-DPO,ou=CMMPBDOs,DC=cmmp,DC=hksarg cn = egis_support
2026-02-15 01:42:17.955 INFO  DataImportService:41 - Going to create in internal LDAP for _user.getMail() egis_support_contractor@digitalpolicy.gov.hk
2026-02-15 01:42:17.956 INFO  ApplicationConfig:67 - Trying to bind to LDAP with DN cn=egis_support_contractor,ou=Users,ou=ITB-DPO,ou=CMMPBDOs,DC=cmmp,DC=hksarg cn = egis_support_contractor
2026-02-15 01:42:18.062 INFO  DataImportService:41 - Going to create in internal LDAP for _user.getMail() egis_support_contractor_hp@digitalpolicy.gov.hk
2026-02-15 01:42:18.062 INFO  ApplicationConfig:67 - Trying to bind to LDAP with DN cn=egis_support_contractor_hp,ou=Users,ou=ITB-DPO,ou=CMMPBDOs,DC=cmmp,DC=hksarg cn = egis_support_contractor_hp
2026-02-15 01:42:18.170 INFO  DataImportService:41 - Going to create in internal LDAP for _user.getMail() ehelpdesk@digitalpolicy.gov.hk
2026-02-15 01:42:18.171 INFO  ApplicationConfig:67 - Trying to bind to LDAP with DN cn=ehelpdesk,ou=Users,ou=ITB-DPO,ou=CMMPBDOs,DC=cmmp,DC=hksarg cn = ehelpdesk
2026-02-15 01:42:18.277 INFO  DataImportService:41 - Going to create in internal LDAP for _user.getMail() ehelpdesktest@digitalpolicy.gov.hk
2026-02-15 01:42:18.277 INFO  ApplicationConfig:67 - Trying to bind to LDAP with DN cn=ehelpdesktest,ou=Users,ou=ITB-DPO,ou=CMMPBDOs,DC=cmmp,DC=hksarg cn = ehelpdesktest
2026-02-15 01:42:18.383 INFO  DataImportService:41 - Going to create in internal LDAP for _user.getMail() ehmlee@digitalpolicy.gov.hk
2026-02-15 01:42:18.383 INFO  ApplicationConfig:67 - Trying to bind to LDAP with DN cn=ehmlee,ou=Users,ou=ITB-DPO,ou=CMMPBDOs,DC=cmmp,DC=hksarg cn = ehmlee
2026-02-15 01:42:18.494 INFO  DataImportService:41 - Going to create in internal LDAP for _user.getMail() ehyming@digitalpolicy.gov.hk
2026-02-15 01:42:18.494 INFO  ApplicationConfig:67 - Trying to bind to LDAP with DN cn=ehyming,ou=Users,ou=ITB-DPO,ou=CMMPBDOs,DC=cmmp,DC=hksarg cn = ehyming
2026-02-15 01:42:18.600 INFO  DataImportService:41 - Going to create in internal LDAP for _user.getMail() ehywong@digitalpolicy.gov.hk
2026-02-15 01:42:18.600 INFO  ApplicationConfig:67 - Trying to bind to LDAP with DN cn=ehywong,ou=Users,ou=ITB-DPO,ou=CMMPBDOs,DC=cmmp,DC=hksarg cn = ehywong
2026-02-15 01:42:18.707 INFO  DataImportService:41 - Going to create in internal LDAP for _user.getMail() eimpmo@digitalpolicy.gov.hk
2026-02-15 01:42:18.707 INFO  ApplicationConfig:67 - Trying to bind to LDAP with DN cn=eimpmo,ou=Users,ou=ITB-DPO,ou=CMMPBDOs,DC=cmmp,DC=hksarg cn = eimpmo
2026-02-15 01:42:18.810 INFO  DataImportService:41 - Going to create in internal LDAP for _user.getMail() eims_support@digitalpolicy.gov.hk
2026-02-15 01:42:18.810 INFO  ApplicationConfig:67 - Trying to bind to LDAP with DN cn=eims_support,ou=Users,ou=ITB-DPO,ou=CMMPBDOs,DC=cmmp,DC=hksarg cn = eims_support
2026-02-15 01:42:18.914 INFO  DataImportService:41 - Going to create in internal LDAP for _user.getMail() eimsg_secretary@digitalpolicy.gov.hk
2026-02-15 01:42:18.914 INFO  ApplicationConfig:67 - Trying to bind to LDAP with DN cn=eimsg_secretary,ou=Users,ou=ITB-DPO,ou=CMMPBDOs,DC=cmmp,DC=hksarg cn = eimsg_secretary
2026-02-15 01:42:19.022 INFO  DataImportService:41 - Going to create in internal LDAP for _user.getMail() eimwg_secretary@digitalpolicy.gov.hk
2026-02-15 01:42:19.024 INFO  ApplicationConfig:67 - Trying to bind to LDAP with DN cn=eimwg_secretary,ou=Users,ou=ITB-DPO,ou=CMMPBDOs,DC=cmmp,DC=hksarg cn = eimwg_secretary
2026-02-15 01:42:19.125 INFO  DataImportService:41 - Going to create in internal LDAP for _user.getMail() ekctam@digitalpolicy.gov.hk
2026-02-15 01:42:19.126 INFO  ApplicationConfig:67 - Trying to bind to LDAP with DN cn=ekctam,ou=Users,ou=ITB-DPO,ou=CMMPBDOs,DC=cmmp,DC=hksarg cn = ekctam
2026-02-15 01:42:19.233 INFO  DataImportService:41 - Going to create in internal LDAP for _user.getMail() eklchan@digitalpolicy.gov.hk
2026-02-15 01:42:19.233 INFO  ApplicationConfig:67 - Trying to bind to LDAP with DN cn=eklchan,ou=Users,ou=ITB-DPO,ou=CMMPBDOs,DC=cmmp,DC=hksarg cn = eklchan
2026-02-15 01:42:19.337 INFO  DataImportService:41 - Going to create in internal LDAP for _user.getMail() ekmchang@digitalpolicy.gov.hk
2026-02-15 01:42:19.337 INFO  ApplicationConfig:67 - Trying to bind to LDAP with DN cn=ekmchang,ou=Users,ou=ITB-DPO,ou=CMMPBDOs,DC=cmmp,DC=hksarg cn = ekmchang
2026-02-15 01:42:19.442 INFO  DataImportService:41 - Going to create in internal LDAP for _user.getMail() ekslau@digitalpolicy.gov.hk
2026-02-15 01:42:19.442 INFO  ApplicationConfig:67 - Trying to bind to LDAP with DN cn=ekslau,ou=Users,ou=ITB-DPO,ou=CMMPBDOs,DC=cmmp,DC=hksarg cn = ekslau
2026-02-15 01:42:19.546 INFO  DataImportService:41 - Going to create in internal LDAP for _user.getMail() ekswong@digitalpolicy.gov.hk
2026-02-15 01:42:19.547 INFO  ApplicationConfig:67 - Trying to bind to LDAP with DN cn=ekswong,ou=Users,ou=ITB-DPO,ou=CMMPBDOs,DC=cmmp,DC=hksarg cn = ekswong
2026-02-15 01:42:19.655 INFO  DataImportService:41 - Going to create in internal LDAP for _user.getMail() ektlui@digitalpolicy.gov.hk
2026-02-15 01:42:19.655 INFO  ApplicationConfig:67 - Trying to bind to LDAP with DN cn=ektlui,ou=Users,ou=ITB-DPO,ou=CMMPBDOs,DC=cmmp,DC=hksarg cn = ektlui
2026-02-15 01:42:19.754 INFO  DataImportService:41 - Going to create in internal LDAP for _user.getMail() ekwlam@digitalpolicy.gov.hk
2026-02-15 01:42:19.755 INFO  ApplicationConfig:67 - Trying to bind to LDAP with DN cn=ekwlam,ou=Users,ou=ITB-DPO,ou=CMMPBDOs,DC=cmmp,DC=hksarg cn = ekwlam
2026-02-15 01:42:19.857 INFO  DataImportService:41 - Going to create in internal LDAP for _user.getMail() ekwmok@digitalpolicy.gov.hk
2026-02-15 01:42:19.857 INFO  ApplicationConfig:67 - Trying to bind to LDAP with DN cn=ekwmok,ou=Users,ou=ITB-DPO,ou=CMMPBDOs,DC=cmmp,DC=hksarg cn = ekwmok
2026-02-15 01:42:19.960 INFO  DataImportService:41 - Going to create in internal LDAP for _user.getMail() ekyyip@digitalpolicy.gov.hk
2026-02-15 01:42:19.960 INFO  ApplicationConfig:67 - Trying to bind to LDAP with DN cn=ekyyip,ou=Users,ou=ITB-DPO,ou=CMMPBDOs,DC=cmmp,DC=hksarg cn = ekyyip
2026-02-15 01:42:20.067 INFO  DataImportService:41 - Going to create in internal LDAP for _user.getMail() elderlyict@digitalpolicy.gov.hk
2026-02-15 01:42:20.068 INFO  ApplicationConfig:67 - Trying to bind to LDAP with DN cn=elderlyict,ou=Users,ou=ITB-DPO,ou=CMMPBDOs,DC=cmmp,DC=hksarg cn = elderlyict
2026-02-15 01:42:20.171 INFO  DataImportService:41 - Going to create in internal LDAP for _user.getMail() elderlyict-appl@digitalpolicy.gov.hk
2026-02-15 01:42:20.172 INFO  ApplicationConfig:67 - Trying to bind to LDAP with DN cn=elderlyict-appl,ou=Users,ou=ITB-DPO,ou=CMMPBDOs,DC=cmmp,DC=hksarg cn = elderlyict-appl
2026-02-15 01:42:20.278 INFO  DataImportService:41 - Going to create in internal LDAP for _user.getMail() e-lib_system@digitalpolicy.gov.hk
2026-02-15 01:42:20.279 INFO  ApplicationConfig:67 - Trying to bind to LDAP with DN cn=e-lib_system,ou=Users,ou=ITB-DPO,ou=CMMPBDOs,DC=cmmp,DC=hksarg cn = e-lib_system
2026-02-15 01:42:20.387 INFO  DataImportService:41 - Going to create in internal LDAP for _user.getMail() elkyeung@digitalpolicy.gov.hk
2026-02-15 01:42:20.387 INFO  ApplicationConfig:67 - Trying to bind to LDAP with DN cn=elkyeung,ou=Users,ou=ITB-DPO,ou=CMMPBDOs,DC=cmmp,DC=hksarg cn = elkyeung
2026-02-15 01:42:20.490 INFO  DataImportService:41 - Going to create in internal LDAP for _user.getMail() elyli@digitalpolicy.gov.hk
2026-02-15 01:42:20.492 INFO  ApplicationConfig:67 - Trying to bind to LDAP with DN cn=elyli,ou=Users,ou=ITB-DPO,ou=CMMPBDOs,DC=cmmp,DC=hksarg cn = elyli
2026-02-15 01:42:20.595 INFO  DataImportService:41 - Going to create in internal LDAP for _user.getMail() eman_system_support@digitalpolicy.gov.hk
2026-02-15 01:42:20.596 INFO  ApplicationConfig:67 - Trying to bind to LDAP with DN cn=eman_system_support,ou=Users,ou=ITB-DPO,ou=CMMPBDOs,DC=cmmp,DC=hksarg cn = eman_system_support
2026-02-15 01:42:20.701 INFO  DataImportService:41 - Going to create in internal LDAP for _user.getMail() emcwoo@digitalpolicy.gov.hk
2026-02-15 01:42:20.701 INFO  ApplicationConfig:67 - Trying to bind to LDAP with DN cn=emcwoo,ou=Users,ou=ITB-DPO,ou=CMMPBDOs,DC=cmmp,DC=hksarg cn = emcwoo
2026-02-15 01:42:20.804 INFO  DataImportService:41 - Going to create in internal LDAP for _user.getMail() emkso@digitalpolicy.gov.hk
2026-02-15 01:42:20.805 INFO  ApplicationConfig:67 - Trying to bind to LDAP with DN cn=emkso,ou=Users,ou=ITB-DPO,ou=CMMPBDOs,DC=cmmp,DC=hksarg cn = emkso
2026-02-15 01:42:20.904 INFO  DataImportService:41 - Going to create in internal LDAP for _user.getMail() emlyau@digitalpolicy.gov.hk
2026-02-15 01:42:20.904 INFO  ApplicationConfig:67 - Trying to bind to LDAP with DN cn=emlyau,ou=Users,ou=ITB-DPO,ou=CMMPBDOs,DC=cmmp,DC=hksarg cn = emlyau
2026-02-15 01:42:21.007 INFO  DataImportService:41 - Going to create in internal LDAP for _user.getMail() emtlo@digitalpolicy.gov.hk
2026-02-15 01:42:21.007 INFO  ApplicationConfig:67 - Trying to bind to LDAP with DN cn=emtlo,ou=Users,ou=ITB-DPO,ou=CMMPBDOs,DC=cmmp,DC=hksarg cn = emtlo
2026-02-15 01:42:21.109 INFO  DataImportService:41 - Going to create in internal LDAP for _user.getMail() emwchan@digitalpolicy.gov.hk
2026-02-15 01:42:21.110 INFO  ApplicationConfig:67 - Trying to bind to LDAP with DN cn=emwchan,ou=Users,ou=ITB-DPO,ou=CMMPBDOs,DC=cmmp,DC=hksarg cn = emwchan
2026-02-15 01:42:21.215 INFO  DataImportService:41 - Going to create in internal LDAP for _user.getMail() emywong@digitalpolicy.gov.hk
2026-02-15 01:42:21.216 INFO  ApplicationConfig:67 - Trying to bind to LDAP with DN cn=emywong,ou=Users,ou=ITB-DPO,ou=CMMPBDOs,DC=cmmp,DC=hksarg cn = emywong
2026-02-15 01:42:21.317 INFO  DataImportService:41 - Going to create in internal LDAP for _user.getMail() enews@digitalpolicy.gov.hk
2026-02-15 01:42:21.317 INFO  ApplicationConfig:67 - Trying to bind to LDAP with DN cn=enews,ou=Users,ou=ITB-DPO,ou=CMMPBDOs,DC=cmmp,DC=hksarg cn = enews
2026-02-15 01:42:21.424 INFO  DataImportService:41 - Going to create in internal LDAP for _user.getMail() enlwong@digitalpolicy.gov.hk
2026-02-15 01:42:21.424 INFO  ApplicationConfig:67 - Trying to bind to LDAP with DN cn=enlwong,ou=Users,ou=ITB-DPO,ou=CMMPBDOs,DC=cmmp,DC=hksarg cn = enlwong
2026-02-15 01:42:21.527 INFO  DataImportService:41 - Going to create in internal LDAP for _user.getMail() enotification_govit_tenders@digitalpolicy.gov.hk
2026-02-15 01:42:21.528 INFO  ApplicationConfig:67 - Trying to bind to LDAP with DN cn=enotification_govit_tenders,ou=Users,ou=ITB-DPO,ou=CMMPBDOs,DC=cmmp,DC=hksarg cn = enotification_govit_tenders
2026-02-15 01:42:21.629 INFO  DataImportService:41 - Going to create in internal LDAP for _user.getMail() enquiry@crossboundaryservices.gov.hk
2026-02-15 01:42:21.629 INFO  ApplicationConfig:67 - Trying to bind to LDAP with DN cn=enquiry,ou=Users,ou=ITB-DPO,ou=CMMPBDOs,DC=cmmp,DC=hksarg cn = enquiry
2026-02-15 01:42:21.732 INFO  DataImportService:41 - Going to create in internal LDAP for _user.getMail() enquiry@digitalpolicy.gov.hk
2026-02-15 01:42:21.733 INFO  ApplicationConfig:67 - Trying to bind to LDAP with DN cn=enquiry,ou=Users,ou=ITB-DPO,ou=CMMPBDOs,DC=cmmp,DC=hksarg cn = enquiry
2026-02-15 01:42:21.831 INFO  DataImportService:41 - Going to create in internal LDAP for _user.getMail() enquiry@ets.gov.hk
2026-02-15 01:42:21.832 INFO  ApplicationConfig:67 - Trying to bind to LDAP with DN cn=enquiry,ou=Users,ou=ITB-DPO,ou=CMMPBDOs,DC=cmmp,DC=hksarg cn = enquiry
2026-02-15 01:42:21.922 INFO  DataImportService:41 - Going to create in internal LDAP for _user.getMail() enquiry@idea.gov.hk
2026-02-15 01:42:21.922 INFO  ApplicationConfig:67 - Trying to bind to LDAP with DN cn=enquiry,ou=Users,ou=ITB-DPO,ou=CMMPBDOs,DC=cmmp,DC=hksarg cn = enquiry
2026-02-15 01:42:22.011 INFO  DataImportService:41 - Going to create in internal LDAP for _user.getMail() enquiry_gr@digitalpolicy.gov.hk
2026-02-15 01:42:22.011 INFO  ApplicationConfig:67 - Trying to bind to LDAP with DN cn=enquiry_gr,ou=Users,ou=ITB-DPO,ou=CMMPBDOs,DC=cmmp,DC=hksarg cn = enquiry_gr
2026-02-15 01:42:22.112 INFO  DataImportService:41 - Going to create in internal LDAP for _user.getMail() enquiry_vaccinebooking@digitalpolicy.gov.hk
2026-02-15 01:42:22.113 INFO  ApplicationConfig:67 - Trying to bind to LDAP with DN cn=enquiry_vaccinebooking,ou=Users,ou=ITB-DPO,ou=CMMPBDOs,DC=cmmp,DC=hksarg cn = enquiry_vaccinebooking
2026-02-15 01:42:22.217 INFO  DataImportService:41 - Going to create in internal LDAP for _user.getMail() enquiry-cs@ets.gov.hk
2026-02-15 01:42:22.217 INFO  ApplicationConfig:67 - Trying to bind to LDAP with DN cn=enquiry-cs,ou=Users,ou=ITB-DPO,ou=CMMPBDOs,DC=cmmp,DC=hksarg cn = enquiry-cs
2026-02-15 01:42:22.325 INFO  DataImportService:41 - Going to create in internal LDAP for _user.getMail() enquiryreview@digitalpolicy.gov.hk
2026-02-15 01:42:22.325 INFO  ApplicationConfig:67 - Trying to bind to LDAP with DN cn=enquiryreview,ou=Users,ou=ITB-DPO,ou=CMMPBDOs,DC=cmmp,DC=hksarg cn = enquiryreview
2026-02-15 01:42:22.429 INFO  DataImportService:41 - Going to create in internal LDAP for _user.getMail() epkleung@digitalpolicy.gov.hk
2026-02-15 01:42:22.429 INFO  ApplicationConfig:67 - Trying to bind to LDAP with DN cn=epkleung,ou=Users,ou=ITB-DPO,ou=CMMPBDOs,DC=cmmp,DC=hksarg cn = epkleung
2026-02-15 01:42:22.534 INFO  DataImportService:41 - Going to create in internal LDAP for _user.getMail() epmchui@digitalpolicy.gov.hk
2026-02-15 01:42:22.534 INFO  ApplicationConfig:67 - Trying to bind to LDAP with DN cn=epmchui,ou=Users,ou=ITB-DPO,ou=CMMPBDOs,DC=cmmp,DC=hksarg cn = epmchui
2026-02-15 01:42:22.638 INFO  DataImportService:41 - Going to create in internal LDAP for _user.getMail() eppmgmtoff@digitalpolicy.gov.hk
2026-02-15 01:42:22.639 INFO  ApplicationConfig:67 - Trying to bind to LDAP with DN cn=eppmgmtoff,ou=Users,ou=ITB-DPO,ou=CMMPBDOs,DC=cmmp,DC=hksarg cn = eppmgmtoff
2026-02-15 01:42:22.740 INFO  DataImportService:41 - Going to create in internal LDAP for _user.getMail() eppmo@digitalpolicy.gov.hk
2026-02-15 01:42:22.741 INFO  ApplicationConfig:67 - Trying to bind to LDAP with DN cn=eppmo,ou=Users,ou=ITB-DPO,ou=CMMPBDOs,DC=cmmp,DC=hksarg cn = eppmo
2026-02-15 01:42:22.842 INFO  DataImportService:41 - Going to create in internal LDAP for _user.getMail() ericshchan@digitalpolicy.gov.hk
2026-02-15 01:42:22.842 INFO  ApplicationConfig:67 - Trying to bind to LDAP with DN cn=ericshchan,ou=Users,ou=ITB-DPO,ou=CMMPBDOs,DC=cmmp,DC=hksarg cn = ericshchan
2026-02-15 01:42:22.944 INFO  DataImportService:41 - Going to create in internal LDAP for _user.getMail() ericskleung@digitalpolicy.gov.hk
2026-02-15 01:42:22.944 INFO  ApplicationConfig:67 - Trying to bind to LDAP with DN cn=ericskleung,ou=Users,ou=ITB-DPO,ou=CMMPBDOs,DC=cmmp,DC=hksarg cn = ericskleung
2026-02-15 01:42:23.047 INFO  DataImportService:41 - Going to create in internal LDAP for _user.getMail() erks_coordinator@digitalpolicy.gov.hk
2026-02-15 01:42:23.048 INFO  ApplicationConfig:67 - Trying to bind to LDAP with DN cn=erks_coordinator,ou=Users,ou=ITB-DPO,ou=CMMPBDOs,DC=cmmp,DC=hksarg cn = erks_coordinator
2026-02-15 01:42:23.151 INFO  DataImportService:41 - Going to create in internal LDAP for _user.getMail() erks_s1_support_contractor@digitalpolicy.gov.hk
2026-02-15 01:42:23.152 INFO  ApplicationConfig:67 - Trying to bind to LDAP with DN cn=erks_s1_support_contractor,ou=Users,ou=ITB-DPO,ou=CMMPBDOs,DC=cmmp,DC=hksarg cn = erks_s1_support_contractor
2026-02-15 01:42:23.253 INFO  DataImportService:41 - Going to create in internal LDAP for _user.getMail() erks_support@digitalpolicy.gov.hk
2026-02-15 01:42:23.253 INFO  ApplicationConfig:67 - Trying to bind to LDAP with DN cn=erks_support,ou=Users,ou=ITB-DPO,ou=CMMPBDOs,DC=cmmp,DC=hksarg cn = erks_support
2026-02-15 01:42:23.359 INFO  DataImportService:41 - Going to create in internal LDAP for _user.getMail() erkss1supportteam@digitalpolicy.gov.hk
2026-02-15 01:42:23.361 INFO  ApplicationConfig:67 - Trying to bind to LDAP with DN cn=erkss1supportteam,ou=Users,ou=ITB-DPO,ou=CMMPBDOs,DC=cmmp,DC=hksarg cn = erkss1supportteam
2026-02-15 01:42:23.460 INFO  DataImportService:41 - Going to create in internal LDAP for _user.getMail() ernestycyeung@digitalpolicy.gov.hk
2026-02-15 01:42:23.460 INFO  ApplicationConfig:67 - Trying to bind to LDAP with DN cn=ernestycyeung,ou=Users,ou=ITB-DPO,ou=CMMPBDOs,DC=cmmp,DC=hksarg cn = ernestycyeung
2026-02-15 01:42:23.565 INFO  DataImportService:41 - Going to create in internal LDAP for _user.getMail() esclam@digitalpolicy.gov.hk
2026-02-15 01:42:23.566 INFO  ApplicationConfig:67 - Trying to bind to LDAP with DN cn=esclam,ou=Users,ou=ITB-DPO,ou=CMMPBDOs,DC=cmmp,DC=hksarg cn = esclam
2026-02-15 01:42:23.668 INFO  DataImportService:41 - Going to create in internal LDAP for _user.getMail() e-serviceipso@digitalpolicy.gov.hk
2026-02-15 01:42:23.669 INFO  ApplicationConfig:67 - Trying to bind to LDAP with DN cn=e-serviceipso,ou=Users,ou=ITB-DPO,ou=CMMPBDOs,DC=cmmp,DC=hksarg cn = e-serviceipso
2026-02-15 01:42:23.777 INFO  DataImportService:41 - Going to create in internal LDAP for _user.getMail() eshchan@digitalpolicy.gov.hk
2026-02-15 01:42:23.777 INFO  ApplicationConfig:67 - Trying to bind to LDAP with DN cn=eshchan,ou=Users,ou=ITB-DPO,ou=CMMPBDOs,DC=cmmp,DC=hksarg cn = eshchan
2026-02-15 01:42:23.881 INFO  DataImportService:41 - Going to create in internal LDAP for _user.getMail() esmlo@digitalpolicy.gov.hk
2026-02-15 01:42:23.881 INFO  ApplicationConfig:67 - Trying to bind to LDAP with DN cn=esmlo,ou=Users,ou=ITB-DPO,ou=CMMPBDOs,DC=cmmp,DC=hksarg cn = esmlo
2026-02-15 01:42:23.986 INFO  DataImportService:41 - Going to create in internal LDAP for _user.getMail() espling@digitalpolicy.gov.hk
2026-02-15 01:42:23.987 INFO  ApplicationConfig:67 - Trying to bind to LDAP with DN cn=espling,ou=Users,ou=ITB-DPO,ou=CMMPBDOs,DC=cmmp,DC=hksarg cn = espling
2026-02-15 01:42:24.108 INFO  DataImportService:41 - Going to create in internal LDAP for _user.getMail() esports@digitalpolicy.gov.hk
2026-02-15 01:42:24.108 INFO  ApplicationConfig:67 - Trying to bind to LDAP with DN cn=esports,ou=Users,ou=ITB-DPO,ou=CMMPBDOs,DC=cmmp,DC=hksarg cn = esports
2026-02-15 01:42:24.212 INFO  DataImportService:41 - Going to create in internal LDAP for _user.getMail() espsupport@digitalpolicy.gov.hk
2026-02-15 01:42:24.213 INFO  ApplicationConfig:67 - Trying to bind to LDAP with DN cn=espsupport,ou=Users,ou=ITB-DPO,ou=CMMPBDOs,DC=cmmp,DC=hksarg cn = espsupport
2026-02-15 01:42:24.317 INFO  DataImportService:41 - Going to create in internal LDAP for _user.getMail() eswlee@digitalpolicy.gov.hk
2026-02-15 01:42:24.319 INFO  ApplicationConfig:67 - Trying to bind to LDAP with DN cn=eswlee,ou=Users,ou=ITB-DPO,ou=CMMPBDOs,DC=cmmp,DC=hksarg cn = eswlee
2026-02-15 01:42:24.421 INFO  DataImportService:41 - Going to create in internal LDAP for _user.getMail() eswli@digitalpolicy.gov.hk
2026-02-15 01:42:24.422 INFO  ApplicationConfig:67 - Trying to bind to LDAP with DN cn=eswli,ou=Users,ou=ITB-DPO,ou=CMMPBDOs,DC=cmmp,DC=hksarg cn = eswli
2026-02-15 01:42:24.527 INFO  DataImportService:41 - Going to create in internal LDAP for _user.getMail() eswng@digitalpolicy.gov.hk
2026-02-15 01:42:24.527 INFO  ApplicationConfig:67 - Trying to bind to LDAP with DN cn=eswng,ou=Users,ou=ITB-DPO,ou=CMMPBDOs,DC=cmmp,DC=hksarg cn = eswng
2026-02-15 01:42:24.631 INFO  DataImportService:41 - Going to create in internal LDAP for _user.getMail() esywong@digitalpolicy.gov.hk
2026-02-15 01:42:24.631 INFO  ApplicationConfig:67 - Trying to bind to LDAP with DN cn=esywong,ou=Users,ou=ITB-DPO,ou=CMMPBDOs,DC=cmmp,DC=hksarg cn = esywong
2026-02-15 01:42:24.733 INFO  DataImportService:41 - Going to create in internal LDAP for _user.getMail() etcchan@digitalpolicy.gov.hk
2026-02-15 01:42:24.733 INFO  ApplicationConfig:67 - Trying to bind to LDAP with DN cn=etcchan,ou=Users,ou=ITB-DPO,ou=CMMPBDOs,DC=cmmp,DC=hksarg cn = etcchan
2026-02-15 01:42:24.841 INFO  DataImportService:41 - Going to create in internal LDAP for _user.getMail() etkleung@digitalpolicy.gov.hk
2026-02-15 01:42:24.841 INFO  ApplicationConfig:67 - Trying to bind to LDAP with DN cn=etkleung,ou=Users,ou=ITB-DPO,ou=CMMPBDOs,DC=cmmp,DC=hksarg cn = etkleung
2026-02-15 01:42:24.947 INFO  DataImportService:41 - Going to create in internal LDAP for _user.getMail() etosupport@digitalpolicy.gov.hk
2026-02-15 01:42:24.947 INFO  ApplicationConfig:67 - Trying to bind to LDAP with DN cn=etosupport,ou=Users,ou=ITB-DPO,ou=CMMPBDOs,DC=cmmp,DC=hksarg cn = etosupport
2026-02-15 01:42:25.058 INFO  DataImportService:41 - Going to create in internal LDAP for _user.getMail() ets_mail_support@digitalpolicy.gov.hk
2026-02-15 01:42:25.058 INFO  ApplicationConfig:67 - Trying to bind to LDAP with DN cn=ets_mail_support,ou=Users,ou=ITB-DPO,ou=CMMPBDOs,DC=cmmp,DC=hksarg cn = ets_mail_support
2026-02-15 01:42:25.164 INFO  DataImportService:41 - Going to create in internal LDAP for _user.getMail() ewcho@digitalpolicy.gov.hk
2026-02-15 01:42:25.165 INFO  ApplicationConfig:67 - Trying to bind to LDAP with DN cn=ewcho,ou=Users,ou=ITB-DPO,ou=CMMPBDOs,DC=cmmp,DC=hksarg cn = ewcho
2026-02-15 01:42:25.265 INFO  DataImportService:41 - Going to create in internal LDAP for _user.getMail() ewfleung@digitalpolicy.gov.hk
2026-02-15 01:42:25.267 INFO  ApplicationConfig:67 - Trying to bind to LDAP with DN cn=ewfleung,ou=Users,ou=ITB-DPO,ou=CMMPBDOs,DC=cmmp,DC=hksarg cn = ewfleung
2026-02-15 01:42:25.365 INFO  DataImportService:41 - Going to create in internal LDAP for _user.getMail() ewhng@digitalpolicy.gov.hk
2026-02-15 01:42:25.365 INFO  ApplicationConfig:67 - Trying to bind to LDAP with DN cn=ewhng,ou=Users,ou=ITB-DPO,ou=CMMPBDOs,DC=cmmp,DC=hksarg cn = ewhng
2026-02-15 01:42:25.468 INFO  DataImportService:41 - Going to create in internal LDAP for _user.getMail() ewhtam@digitalpolicy.gov.hk
2026-02-15 01:42:25.468 INFO  ApplicationConfig:67 - Trying to bind to LDAP with DN cn=ewhtam,ou=Users,ou=ITB-DPO,ou=CMMPBDOs,DC=cmmp,DC=hksarg cn = ewhtam
2026-02-15 01:42:25.575 INFO  DataImportService:41 - Going to create in internal LDAP for _user.getMail() ewhtsoi@digitalpolicy.gov.hk
2026-02-15 01:42:25.576 INFO  ApplicationConfig:67 - Trying to bind to LDAP with DN cn=ewhtsoi,ou=Users,ou=ITB-DPO,ou=CMMPBDOs,DC=cmmp,DC=hksarg cn = ewhtsoi
2026-02-15 01:42:25.688 INFO  DataImportService:41 - Going to create in internal LDAP for _user.getMail() ewkcheng@digitalpolicy.gov.hk
2026-02-15 01:42:25.689 INFO  ApplicationConfig:67 - Trying to bind to LDAP with DN cn=ewkcheng,ou=Users,ou=ITB-DPO,ou=CMMPBDOs,DC=cmmp,DC=hksarg cn = ewkcheng
2026-02-15 01:42:25.790 INFO  DataImportService:41 - Going to create in internal LDAP for _user.getMail() ewkho@digitalpolicy.gov.hk
2026-02-15 01:42:25.791 INFO  ApplicationConfig:67 - Trying to bind to LDAP with DN cn=ewkho,ou=Users,ou=ITB-DPO,ou=CMMPBDOs,DC=cmmp,DC=hksarg cn = ewkho
2026-02-15 01:42:25.895 INFO  DataImportService:41 - Going to create in internal LDAP for _user.getMail() ewmtin@digitalpolicy.gov.hk
2026-02-15 01:42:25.896 INFO  ApplicationConfig:67 - Trying to bind to LDAP with DN cn=ewmtin,ou=Users,ou=ITB-DPO,ou=CMMPBDOs,DC=cmmp,DC=hksarg cn = ewmtin
2026-02-15 01:42:26.002 INFO  DataImportService:41 - Going to create in internal LDAP for _user.getMail() ewnchui@digitalpolicy.gov.hk
2026-02-15 01:42:26.002 INFO  ApplicationConfig:67 - Trying to bind to LDAP with DN cn=ewnchui,ou=Users,ou=ITB-DPO,ou=CMMPBDOs,DC=cmmp,DC=hksarg cn = ewnchui
2026-02-15 01:42:26.110 INFO  DataImportService:41 - Going to create in internal LDAP for _user.getMail() ewtlee@digitalpolicy.gov.hk
2026-02-15 01:42:26.110 INFO  ApplicationConfig:67 - Trying to bind to LDAP with DN cn=ewtlee,ou=Users,ou=ITB-DPO,ou=CMMPBDOs,DC=cmmp,DC=hksarg cn = ewtlee
2026-02-15 01:42:26.218 INFO  DataImportService:41 - Going to create in internal LDAP for _user.getMail() extuser1@digitalpolicy.gov.hk
2026-02-15 01:42:26.218 INFO  ApplicationConfig:67 - Trying to bind to LDAP with DN cn=extuser1,ou=Users,ou=ITB-DPO,ou=CMMPBDOs,DC=cmmp,DC=hksarg cn = extuser1
2026-02-15 01:42:26.319 INFO  DataImportService:41 - Going to create in internal LDAP for _user.getMail() eybpoon@digitalpolicy.gov.hk
2026-02-15 01:42:26.319 INFO  ApplicationConfig:67 - Trying to bind to LDAP with DN cn=eybpoon,ou=Users,ou=ITB-DPO,ou=CMMPBDOs,DC=cmmp,DC=hksarg cn = eybpoon
2026-02-15 01:42:26.422 INFO  DataImportService:41 - Going to create in internal LDAP for _user.getMail() eycchan@digitalpolicy.gov.hk
2026-02-15 01:42:26.423 INFO  ApplicationConfig:67 - Trying to bind to LDAP with DN cn=eycchan,ou=Users,ou=ITB-DPO,ou=CMMPBDOs,DC=cmmp,DC=hksarg cn = eycchan
2026-02-15 01:42:26.525 INFO  DataImportService:41 - Going to create in internal LDAP for _user.getMail() eyclim@digitalpolicy.gov.hk
2026-02-15 01:42:26.525 INFO  ApplicationConfig:67 - Trying to bind to LDAP with DN cn=eyclim,ou=Users,ou=ITB-DPO,ou=CMMPBDOs,DC=cmmp,DC=hksarg cn = eyclim
2026-02-15 01:42:26.643 INFO  DataImportService:41 - Going to create in internal LDAP for _user.getMail() eydchan@digitalpolicy.gov.hk
2026-02-15 01:42:26.644 INFO  ApplicationConfig:67 - Trying to bind to LDAP with DN cn=eydchan,ou=Users,ou=ITB-DPO,ou=CMMPBDOs,DC=cmmp,DC=hksarg cn = eydchan
2026-02-15 01:42:26.744 INFO  DataImportService:41 - Going to create in internal LDAP for _user.getMail() eyflau@digitalpolicy.gov.hk
2026-02-15 01:42:26.744 INFO  ApplicationConfig:67 - Trying to bind to LDAP with DN cn=eyflau,ou=Users,ou=ITB-DPO,ou=CMMPBDOs,DC=cmmp,DC=hksarg cn = eyflau
2026-02-15 01:42:26.851 INFO  DataImportService:41 - Going to create in internal LDAP for _user.getMail() eyflui@digitalpolicy.gov.hk
2026-02-15 01:42:26.852 INFO  ApplicationConfig:67 - Trying to bind to LDAP with DN cn=eyflui,ou=Users,ou=ITB-DPO,ou=CMMPBDOs,DC=cmmp,DC=hksarg cn = eyflui
2026-02-15 01:42:26.953 INFO  DataImportService:41 - Going to create in internal LDAP for _user.getMail() eyhchan@digitalpolicy.gov.hk
2026-02-15 01:42:26.954 INFO  ApplicationConfig:67 - Trying to bind to LDAP with DN cn=eyhchan,ou=Users,ou=ITB-DPO,ou=CMMPBDOs,DC=cmmp,DC=hksarg cn = eyhchan
2026-02-15 01:42:27.063 INFO  DataImportService:41 - Going to create in internal LDAP for _user.getMail() eykchu@digitalpolicy.gov.hk
2026-02-15 01:42:27.063 INFO  ApplicationConfig:67 - Trying to bind to LDAP with DN cn=eykchu,ou=Users,ou=ITB-DPO,ou=CMMPBDOs,DC=cmmp,DC=hksarg cn = eykchu
2026-02-15 01:42:27.167 INFO  DataImportService:41 - Going to create in internal LDAP for _user.getMail() eyllee@digitalpolicy.gov.hk
2026-02-15 01:42:27.167 INFO  ApplicationConfig:67 - Trying to bind to LDAP with DN cn=eyllee,ou=Users,ou=ITB-DPO,ou=CMMPBDOs,DC=cmmp,DC=hksarg cn = eyllee
2026-02-15 01:42:27.276 INFO  DataImportService:41 - Going to create in internal LDAP for _user.getMail() eynlau@digitalpolicy.gov.hk
2026-02-15 01:42:27.276 INFO  ApplicationConfig:67 - Trying to bind to LDAP with DN cn=eynlau,ou=Users,ou=ITB-DPO,ou=CMMPBDOs,DC=cmmp,DC=hksarg cn = eynlau
2026-02-15 01:42:27.377 INFO  DataImportService:41 - Going to create in internal LDAP for _user.getMail() eynli@digitalpolicy.gov.hk
2026-02-15 01:42:27.378 INFO  ApplicationConfig:67 - Trying to bind to LDAP with DN cn=eynli,ou=Users,ou=ITB-DPO,ou=CMMPBDOs,DC=cmmp,DC=hksarg cn = eynli
2026-02-15 01:42:27.490 INFO  DataImportService:41 - Going to create in internal LDAP for _user.getMail() eypmak@digitalpolicy.gov.hk
2026-02-15 01:42:27.490 INFO  ApplicationConfig:67 - Trying to bind to LDAP with DN cn=eypmak,ou=Users,ou=ITB-DPO,ou=CMMPBDOs,DC=cmmp,DC=hksarg cn = eypmak
2026-02-15 01:42:27.589 INFO  DataImportService:41 - Going to create in internal LDAP for _user.getMail() eywlo@digitalpolicy.gov.hk
2026-02-15 01:42:27.589 INFO  ApplicationConfig:67 - Trying to bind to LDAP with DN cn=eywlo,ou=Users,ou=ITB-DPO,ou=CMMPBDOs,DC=cmmp,DC=hksarg cn = eywlo
2026-02-15 01:42:27.694 INFO  DataImportService:41 - Going to create in internal LDAP for _user.getMail() eyyho@digitalpolicy.gov.hk
2026-02-15 01:42:27.694 INFO  ApplicationConfig:67 - Trying to bind to LDAP with DN cn=eyyho,ou=Users,ou=ITB-DPO,ou=CMMPBDOs,DC=cmmp,DC=hksarg cn = eyyho
